Category,Sub Category,Title,Original eBay Title,Description,Quantity,Type,Price,Shipping Profile,Offerable,Hazmat,Condition,Cost Per Item,SKU,Image URL 1,Image URL 2,Image URL 3,Image URL 4,Image URL 5,Image URL 6,Image URL 7,Image URL 8
Disneyana,Disney Pins,Lion King Rafiki Tree Life Animal Kingdom,Disney Lion King Rafiki at the Tree of Life Animal Kingdom Pin,"Please rely on the photo, rather than the description. Lion King Rafiki Tree Life Animal Kingdom",1,Buy it Now,14.0,0-1 oz,TRUE,Not Hazmat,Used,,IMG_2572-10,https://i.ibb.co/rR7HxCL7/IMG-2572-pin-10.jpg,,,,,,,
Disneyana,Disney Pins,Nightmare Before Christmas Tarot Mystery - Mayor,Nightmare before Christmas Tarot Mystery pin  - The Mayor (The Planner),"Please rely on the photo, rather than the description. Nightmare Before Christmas Tarot Mystery - Mayor",1,Buy it Now,15.0,0-1 oz,TRUE,Not Hazmat,Used,,IMG_2572-13,https://i.ibb.co/h19nYF0N/IMG-2572-pin-13.jpg,,,,,,,
Disneyana,Disney Pins,Wreck-it Ralph Sugar Rush Racer Mystery Box Gloyd Orangeboar,Disney Wreck-It Ralph Sugar Rush Racer Mystery Box Gloyd Orangeboar Pin Only,"Please rely on the photo, rather than the description. Wreck-it Ralph Sugar Rush Racer Mystery Box Gloyd Orangeboar",1,Buy it Now,12.99,0-1 oz,TRUE,Not Hazmat,Used,,IMG_2572-14,https://i.ibb.co/1f3Y1PFc/IMG-2572-pin-14.jpg,,,,,,,
Disneyana,Disney Pins,Dcl Cruise Line Star Wars Day Sea 2016 Logo Death Star 113889,DCL Cruise Line Star Wars Day at Sea 2016 Logo Death Star Disney Pin 113889,"Please rely on the photo, rather than the description. Dcl Cruise Line Star Wars Day Sea 2016 Logo Death Star 113889",1,Buy it Now,10.95,0-1 oz,TRUE,Not Hazmat,Used,,IMG_2572-15,https://i.ibb.co/4ZVPkm7s/IMG-2572-pin-15.jpg,,,,,,,
Disneyana,Disney Pins,Loungefly Princess & Villain Duo Blind Box Jasmine & Jafar,Loungefly Disney Princess & Villain Duo Blind Box Enamel Pin Jasmine & Jafar NIB,"Please rely on the photo, rather than the description. Loungefly Princess & Villain Duo Blind Box Jasmine & Jafar",1,Buy it Now,13.0,0-1 oz,TRUE,Not Hazmat,Used,,IMG_2572-16,https://i.ibb.co/rfcqh0dN/IMG-2572-pin-16.jpg,,,,,,,
Disneyana,Disney Pins,Magical Marksman Mystery - Gonzo, Magical Marksman Mystery Pin - Gonzo,"Please rely on the photo, rather than the description. Magical Marksman Mystery - Gonzo",1,Buy it Now,19.99,0-1 oz,TRUE,Not Hazmat,Used,,IMG_2572-17,https://i.ibb.co/xKrnQBV3/IMG-2572-pin-17.jpg,,,,,,,
Disneyana,Disney Pins,Loungefly Pixar Records - Woody & Buzz Lightyear Toy Story Record,Disney Loungefly Pixar Records Pin - Woody & Buzz Lightyear Toy Story Record,"Please rely on the photo, rather than the description. Loungefly Pixar Records - Woody & Buzz Lightyear Toy Story Record",1,Buy it Now,14.99,0-1 oz,TRUE,Not Hazmat,Used,,IMG_2572-18,https://i.ibb.co/9901qCLN/IMG-2572-pin-18.jpg,,,,,,,
Disneyana,Disney Pins,Parks International Women S Day 2023 Princesses Lr,"Disney Parks International Women's Day 2023 Princesses LR Pin ""Be True, Be You""","Please rely on the photo, rather than the description. Parks International Women S Day 2023 Princesses Lr",1,Buy it Now,25.0,0-1 oz,TRUE,Not Hazmat,Used,,IMG_2572-1,https://i.ibb.co/xKxMdGXP/IMG-2572-pin-1.jpg,,,,,,,
Disneyana,Disney Pins,Magical Mysteries Series 27 Princess Candle Ariel Little Mermaid,Magical Mysteries Series 27 Princess Candle Ariel Little Mermaid Disney Pin,"Please rely on the photo, rather than the description. Magical Mysteries Series 27 Princess Candle Ariel Little Mermaid",1,Buy it Now,22.95,0-1 oz,TRUE,Not Hazmat,Used,,IMG_2572-22,https://i.ibb.co/R478szRj/IMG-2572-pin-22.jpg,,,,,,,
Disneyana,Disney Pins,Minnie Mouse 2025 Dated Year Mickey Friends Starter 170466,Minnie Mouse 2025 Dated Year Mickey and Friends Starter Disney Pin 170466,"Please rely on the photo, rather than the description. Minnie Mouse 2025 Dated Year Mickey Friends Starter 170466",1,Buy it Now,13.5,0-1 oz,TRUE,Not Hazmat,Used,,IMG_2572-23,https://i.ibb.co/j9SyF78R/IMG-2572-pin-23.jpg,,,,,,,
Disneyana,Disney Pins,2025 Mystery Box Simba Parks Lion King,2025 Mystery Box Simba Disney Pin NEW Disney Parks Lion King,"Please rely on the photo, rather than the description. 2025 Mystery Box Simba Parks Lion King",1,Buy it Now,14.99,0-1 oz,TRUE,Not Hazmat,Used,,IMG_2572-25,https://i.ibb.co/spbnS158/IMG-2572-pin-25.jpg,,,,,,,
Disneyana,Disney Pins,Abu Avocado Sandwich Munchlings Aladdin Series 4,Abu Avocado Sandwich Munchlings Aladdin Series 4 Disney Pin (D8),"Please rely on the photo, rather than the description. Abu Avocado Sandwich Munchlings Aladdin Series 4",1,Buy it Now,11.95,0-1 oz,TRUE,Not Hazmat,Used,,IMG_2572-26,https://i.ibb.co/GvtwvqsS/IMG-2572-pin-26.jpg,,,,,,,
Disneyana,Disney Pins,Trading 175840 Loungefly - Ariel - Princess Hat Set - Mystery,Disney Trading Pin  175840 LOUNGEFLY - ARIEL - PRINCESS HAT SET - MYSTERY,"Please rely on the photo, rather than the description. Trading 175840 Loungefly - Ariel - Princess Hat Set - Mystery",1,Buy it Now,20.0,0-1 oz,TRUE,Not Hazmat,Used,,IMG_2572-28,https://i.ibb.co/ZzLYqhwC/IMG-2572-pin-28.jpg,,,,,,,
Disneyana,Disney Pins,Parks 2025 Star Wars Quarterly 4 4 Kylo Ren 3d Sculpted Le 3750,Disney Parks Pin 2025 Star Wars Quarterly 4 Of 4 Kylo REN 3D Sculpted LE 3750,"Please rely on the photo, rather than the description. Parks 2025 Star Wars Quarterly 4 4 Kylo Ren 3d Sculpted Le 3750",1,Buy it Now,52.99,0-1 oz,TRUE,Not Hazmat,Used,,IMG_2572-2,https://i.ibb.co/jPdQhBcZ/IMG-2572-pin-2.jpg,,,,,,,
Disneyana,Disney Pins,2025 Parks Lady & Tramp 70th Anniversary Puzzle Lr Tony Chef,2025 Disney Parks Lady & The Tramp 70th Anniversary Puzzle Pin LR Tony Chef Only,"Please rely on the photo, rather than the description. 2025 Parks Lady & Tramp 70th Anniversary Puzzle Lr Tony Chef",1,Buy it Now,28.99,0-1 oz,TRUE,Not Hazmat,Used,,IMG_2572-31,https://i.ibb.co/hJQj25q9/IMG-2572-pin-31.jpg,,,,,,,
Disneyana,Disney Pins,Trading Pin162530 Dl - Captain Hook - Portrait - Peter Pan - Mystery,Disney Trading Pin162530 DL - CAPTAIN HOOK - PORTRAIT - PETER PAN - MYSTERY,"Please rely on the photo, rather than the description. Trading Pin162530 Dl - Captain Hook - Portrait - Peter Pan - Mystery",1,Buy it Now,20.0,0-1 oz,TRUE,Not Hazmat,Used,,IMG_2572-3,https://i.ibb.co/Vc2SF2fG/IMG-2572-pin-3.jpg,,,,,,,
Disneyana,Disney Pins,Donald Duck -,Donald Duck pin - Disney Pin,"Please rely on the photo, rather than the description. Donald Duck -",1,Buy it Now,6.99,0-1 oz,TRUE,Not Hazmat,Used,,IMG_2572-4,https://i.ibb.co/nqHfT13S/IMG-2572-pin-4.jpg,,,,,,,
Disneyana,Disney Pins,Marvel Avengers Starter Rack Booster Character,Marvel Avengers Starter Rack Booster Choose a Disney Character Pin,"Please rely on the photo, rather than the description. Marvel Avengers Starter Rack Booster Character",1,Buy it Now,12.75,0-1 oz,TRUE,Not Hazmat,Used,,IMG_2572-5,https://i.ibb.co/gMzzddgL/IMG-2572-pin-5.jpg,,,,,,,
Disneyana,Disney Pins,2024 Parks Villains Mystery Box Shan Yu Mulan,2024 Disney Parks Villains Mystery Box Pin Shan Yu Mulan,"Please rely on the photo, rather than the description. 2024 Parks Villains Mystery Box Shan Yu Mulan",1,Buy it Now,16.0,0-1 oz,TRUE,Not Hazmat,Used,,IMG_2572-6,https://i.ibb.co/xS7hzV4Q/IMG-2572-pin-6.jpg,,,,,,,
Disneyana,Disney Pins,2026 Swiss Family Treehouse Attraction Puzzle May Mystery,2026 Disney Swiss Family Treehouse Attraction Puzzle May Disney Mystery Pin,"Please rely on the photo, rather than the description. 2026 Swiss Family Treehouse Attraction Puzzle May Mystery",1,Buy it Now,45.0,0-1 oz,TRUE,Not Hazmat,Used,,IMG_2572-7,https://i.ibb.co/SX3dcbGX/IMG-2572-pin-7.jpg,,,,,,,
Disneyana,Disney Pins,Parks Mini Mixits Mystery -white Rabbit Alice Teacup Blind Box Mix It,Disney Parks Mini MixIts Mystery Pin -White Rabbit Alice Teacup blind box mix it,"Please rely on the photo, rather than the description. Parks Mini Mixits Mystery -white Rabbit Alice Teacup Blind Box Mix It",1,Buy it Now,19.95,0-1 oz,TRUE,Not Hazmat,Used,,IMG_2572-8,https://i.ibb.co/SX77zccF/IMG-2572-pin-8.jpg,,,,,,,
Disneyana,Disney Pins,Trading 176901 Loungefly - Coco - Pixar Records Set - Mystery,Disney Trading Pin  176901 LOUNGEFLY - COCO - PIXAR RECORDS SET - MYSTERY,"Please rely on the photo, rather than the description. Trading 176901 Loungefly - Coco - Pixar Records Set - Mystery",1,Buy it Now,20.0,0-1 oz,TRUE,Not Hazmat,Used,,IMG_2572-9,https://i.ibb.co/dNtzBKT/IMG-2572-pin-9.jpg,,,,,,,
Disneyana,Disney Pins,Three Little Pigs Mickey Mouse Club Marching Mystery,Three Little Pigs Mickey Mouse Club Marching Mystery Disney Pin,"Please rely on the photo, rather than the description. Three Little Pigs Mickey Mouse Club Marching Mystery",1,Buy it Now,8.99,0-1 oz,TRUE,Not Hazmat,Used,,IMG_2573-10,https://i.ibb.co/TBSjQvkM/IMG-2573-pin-10.jpg,,,,,,,
Disneyana,Disney Pins,Imaginative Icons Mystery - Robin Hood,Disney Imaginative Icons Mystery Pin - Robin Hood,"Please rely on the photo, rather than the description. Imaginative Icons Mystery - Robin Hood",1,Buy it Now,18.0,0-1 oz,TRUE,Not Hazmat,Used,,IMG_2573-12,https://i.ibb.co/BVntXQ8V/IMG-2573-pin-12.jpg,,,,,,,
Disneyana,Disney Pins,Winnie Pooh Floral Characters Mystery - Tigger,Disney Winnie the Pooh Floral Characters Mystery Pin - Tigger,"Please rely on the photo, rather than the description. Winnie Pooh Floral Characters Mystery - Tigger",1,Buy it Now,16.0,0-1 oz,TRUE,Not Hazmat,Used,,IMG_2573-13,https://i.ibb.co/QvMG5ds9/IMG-2573-pin-13.jpg,,,,,,,
Disneyana,Disney Pins,World 20 Magical Years Mickey Mouse Inside Magic Top Hat Cast,Walt Disney World 20 Magical Years Mickey Mouse Inside Magic Top Hat Cast Pin,"Please rely on the photo, rather than the description. World 20 Magical Years Mickey Mouse Inside Magic Top Hat Cast",1,Buy it Now,19.99,0-1 oz,TRUE,Not Hazmat,Used,,IMG_2573-14,https://i.ibb.co/9zzCKcg/IMG-2573-pin-14.jpg,,,,,,,
Disneyana,Disney Pins,Asha & Star Wish 2023,Disney Pin Asha & Star Wish 2023,"Please rely on the photo, rather than the description. Asha & Star Wish 2023",1,Buy it Now,5.0,0-1 oz,TRUE,Not Hazmat,Used,,IMG_2573-15,https://i.ibb.co/1GSvJgy2/IMG-2573-pin-15.jpg,,,,,,,
Disneyana,Disney Pins,Donald Duck Quaketeer Club,Disney Pin Donald Duck Quaketeer Club,"Please rely on the photo, rather than the description. Donald Duck Quaketeer Club",1,Buy it Now,19.95,0-1 oz,TRUE,Not Hazmat,Used,,IMG_2573-16,https://i.ibb.co/sdvm9MDZ/IMG-2573-pin-16.jpg,,,,,,,
Disneyana,Disney Pins,Han Solo - Holding Blaster - Star Wars - Anime Mystery 2024 D6,Han Solo - Holding Blaster - Star Wars - Anime Mystery 2024 Disney Pin D6,"Please rely on the photo, rather than the description. Han Solo - Holding Blaster - Star Wars - Anime Mystery 2024 D6",1,Buy it Now,18.95,0-1 oz,TRUE,Not Hazmat,Used,,IMG_2573-17,https://i.ibb.co/m5kVrGSW/IMG-2573-pin-17.jpg,,,,,,,
Disneyana,Disney Pins,Star Wars Comic 3 Set,Disney Star Wars Comic 3 Pin Set,"Please rely on the photo, rather than the description. Star Wars Comic 3 Set",1,Buy it Now,10.0,0-1 oz,TRUE,Not Hazmat,Used,,IMG_2573-19,https://i.ibb.co/7Jh0nsQR/IMG-2573-pin-19.jpg,,,,,,,
Disneyana,Disney Pins,Frozen 2 Anna Elsa Trust Journey,Disney Pin Frozen 2 Anna and Elsa Trust Your Journey,"Please rely on the photo, rather than the description. Frozen 2 Anna Elsa Trust Journey",1,Buy it Now,10.0,0-1 oz,TRUE,Not Hazmat,Used,,IMG_2573-1,https://i.ibb.co/93Wq3wdC/IMG-2573-pin-1.jpg,,,,,,,
Disneyana,Disney Pins,- 2024 Incredibles Mystery - Evelyn Deaver,Disney Pin - 2024 Incredibles Mystery Pin - Evelyn Deaver,"Please rely on the photo, rather than the description. - 2024 Incredibles Mystery - Evelyn Deaver",1,Buy it Now,14.0,0-1 oz,TRUE,Not Hazmat,Used,,IMG_2573-20,https://i.ibb.co/dwwW49sw/IMG-2573-pin-20.jpg,,,,,,,
Disneyana,Disney Pins,Copper Characters Mugs Fox Hound Mystery C9,Copper Characters As Mugs Fox And The Hound Mystery Disney Pin C9,"Please rely on the photo, rather than the description. Copper Characters Mugs Fox Hound Mystery C9",1,Buy it Now,12.95,0-1 oz,TRUE,Not Hazmat,Used,,IMG_2573-22,https://i.ibb.co/kFrDkR5/IMG-2573-pin-22.jpg,,,,,,,
Disneyana,Disney Pins,Dlr Small World Cupcake Treats Hidden Mickey 2025 Wave B 174824,DLR Its a Small World Cupcake Treats Hidden Mickey 2025 Wave B Disney Pin 174824,"Please rely on the photo, rather than the description. Dlr Small World Cupcake Treats Hidden Mickey 2025 Wave B 174824",1,Buy it Now,15.95,0-1 oz,TRUE,Not Hazmat,Used,,IMG_2573-25,https://i.ibb.co/Cs2hvCYV/IMG-2573-pin-25.jpg,,,,,,,
Disneyana,Disney Pins,Loungefly Princess Pumpkin Spice Scented - Tiana Princess & Frog,Disney Loungefly Princess Pumpkin Spice Scented Pin - Tiana Princess & The Frog,"Please rely on the photo, rather than the description. Loungefly Princess Pumpkin Spice Scented - Tiana Princess & Frog",1,Buy it Now,14.0,0-1 oz,TRUE,Not Hazmat,Used,,IMG_2573-26,https://i.ibb.co/zTwZsz68/IMG-2573-pin-26.jpg,,,,,,,
Disneyana,Disney Pins,2008 Cruise Line Panama Canal West Bound Hinged Le1500,Disney 2008 Cruise Line PANAMA CANAL West Bound Hinged Pin LE1500,"Please rely on the photo, rather than the description. 2008 Cruise Line Panama Canal West Bound Hinged Le1500",1,Buy it Now,19.99,0-1 oz,TRUE,Not Hazmat,Used,,IMG_2573-27,https://i.ibb.co/Q3BPX0T7/IMG-2573-pin-27.jpg,,,,,,,
Disneyana,Disney Pins,2025 Magical Chefs Mystery Box - Kronk,2025 Disney Magical Chefs Mystery Box Pin - Kronk,"Please rely on the photo, rather than the description. 2025 Magical Chefs Mystery Box - Kronk",1,Buy it Now,15.99,0-1 oz,TRUE,Not Hazmat,Used,,IMG_2573-28,https://i.ibb.co/Wv4wL4wb/IMG-2573-pin-28.jpg,,,,,,,
Disneyana,Disney Pins,2024 Jafar - Holding Snake Staff - Aladdin,Disney Pin 2024 Jafar - Holding Snake Staff - Aladdin,"Please rely on the photo, rather than the description. 2024 Jafar - Holding Snake Staff - Aladdin",1,Buy it Now,19.99,0-1 oz,TRUE,Not Hazmat,Used,,IMG_2573-2,https://i.ibb.co/XkWXmCGx/IMG-2573-pin-2.jpg,,,,,,,
Disneyana,Disney Pins,Adventures 88885 Abd Donald Duck Aswan Egypt,Adventures By Disney Pin 88885 ABD Donald Duck Aswan Egypt,"Please rely on the photo, rather than the description. Adventures 88885 Abd Donald Duck Aswan Egypt",1,Buy it Now,17.95,0-1 oz,TRUE,Not Hazmat,Used,,IMG_2573-31,https://i.ibb.co/nqt0GfW8/IMG-2573-pin-31.jpg,,,,,,,
Disneyana,Disney Pins,2025 Wdw Dated Fireworks & Castle Mickey Mouse Arms Up Glitter,2025 WDW Disney Dated Fireworks & Castle Mickey Mouse Arms Up Glitter Pin,"Please rely on the photo, rather than the description. 2025 Wdw Dated Fireworks & Castle Mickey Mouse Arms Up Glitter",1,Buy it Now,14.95,0-1 oz,TRUE,Not Hazmat,Used,,IMG_2573-33,https://i.ibb.co/SDbDg6w3/IMG-2573-pin-33.jpg,,,,,,,
Disneyana,Disney Pins,Gaston Beauty & Beast Villains Mickey Mouse Icons Mystery,Gaston Beauty & The Beast Villains Mickey Mouse Icons Mystery Disney Pin,"Please rely on the photo, rather than the description. Gaston Beauty & Beast Villains Mickey Mouse Icons Mystery",1,Buy it Now,8.99,0-1 oz,TRUE,Not Hazmat,Used,,IMG_2573-34,https://i.ibb.co/7dMgZwTb/IMG-2573-pin-34.jpg,,,,,,,
Disneyana,Disney Pins,Lady Baseball Cap Hat Magical Mystery Series 26 2024,Disney Pin Lady Baseball Cap Hat Magical Mystery Series 26 2024,"Please rely on the photo, rather than the description. Lady Baseball Cap Hat Magical Mystery Series 26 2024",1,Buy it Now,12.09,0-1 oz,TRUE,Not Hazmat,Used,,IMG_2573-37,https://i.ibb.co/hJDMKkC2/IMG-2573-pin-37.jpg,,,,,,,
Disneyana,Disney Pins,Munchlings Series 4,Disney Munchlings Pin Series 4 (Gosalyn Mallard),"Please rely on the photo, rather than the description. Munchlings Series 4",1,Buy it Now,20.0,0-1 oz,TRUE,Not Hazmat,Used,,IMG_2573-39,https://i.ibb.co/N2pw0TmK/IMG-2573-pin-39.jpg,,,,,,,
Disneyana,Disney Pins,Loungefly / - Mickey & Friends Artwork - Donald - Mystery Box Puzzle,Loungefly / Disney - Mickey & Friends Artwork - Donald  - Mystery Box Puzzle Pin,"Please rely on the photo, rather than the description. Loungefly / - Mickey & Friends Artwork - Donald - Mystery Box Puzzle",1,Buy it Now,15.75,0-1 oz,TRUE,Not Hazmat,Used,,IMG_2573-3,https://i.ibb.co/KzfP7b1d/IMG-2573-pin-3.jpg,,,,,,,
Disneyana,Disney Pins,Character Car Mystery Mickey S Trailer Car,Character Car Mystery Mickey's Trailer Car Disney Pin,"Please rely on the photo, rather than the description. Character Car Mystery Mickey S Trailer Car",1,Buy it Now,13.29,0-1 oz,TRUE,Not Hazmat,Used,,IMG_2573-40,https://i.ibb.co/1fXVFYh9/IMG-2573-pin-40.jpg,,,,,,,
Disneyana,Disney Pins,Mickey Mouse Friend - Goofey,"Disney Mickey Mouse and Friend ""Best Day Ever"" Pin - Goofey","Please rely on the photo, rather than the description. Mickey Mouse Friend - Goofey",1,Buy it Now,25.0,0-1 oz,TRUE,Not Hazmat,Used,,IMG_2573-41,https://i.ibb.co/yBsY7j1T/IMG-2573-pin-41.jpg,,,,,,,
Disneyana,Disney Pins,2025 World Wdw Food Drink Epcot Food Wine Festival,2025 Disney World WDW Food and Drink EPCOT Food and Wine Festival Pin (23),"Please rely on the photo, rather than the description. 2025 World Wdw Food Drink Epcot Food Wine Festival",1,Buy it Now,13.75,0-1 oz,TRUE,Not Hazmat,Used,,IMG_2573-42,https://i.ibb.co/1GTHvw5d/IMG-2573-pin-42.jpg,,,,,,,
Disneyana,Disney Pins,Dlr 2015 Hidden Mickey Daughters King Triton Alana,DLR 2015 Hidden Mickey Daughters of King Triton Alana Disney Pin,"Please rely on the photo, rather than the description. Dlr 2015 Hidden Mickey Daughters King Triton Alana",1,Buy it Now,7.95,0-1 oz,TRUE,Not Hazmat,Used,,IMG_2573-43,https://i.ibb.co/jmj7WpC/IMG-2573-pin-43.jpg,,,,,,,
Disneyana,Disney Pins,Trophies Prize Ribbons 2019 Hidden Mickey Dlr Wdw,Trophies Prize Ribbons 2019 Hidden Mickey DLR WDW Choose a Disney Pin,"Please rely on the photo, rather than the description. Trophies Prize Ribbons 2019 Hidden Mickey Dlr Wdw",1,Buy it Now,12.75,0-1 oz,TRUE,Not Hazmat,Used,,IMG_2573-44,https://i.ibb.co/C5zjDS4d/IMG-2573-pin-44.jpg,,,,,,,
Disneyana,Disney Pins,2022-23 Wdw Dlr Hidden Mickey Buzz Lightyear Pixar Wdw Toy Story 2/5,2022-23 WDW DLR Hidden Mickey BUZZ LIGHTYEAR Disney Pixar WDW TOY STORY PIN #2/5,"Please rely on the photo, rather than the description. 2022-23 Wdw Dlr Hidden Mickey Buzz Lightyear Pixar Wdw Toy Story 2/5",1,Buy it Now,19.99,0-1 oz,TRUE,Not Hazmat,Used,,IMG_2573-45,https://i.ibb.co/SDFJzYvB/IMG-2573-pin-45.jpg,,,,,,,
Disneyana,Disney Pins,- Thumper Epcot Flower & Garden Festival Mystery Series 2025 Wdw Lr,Disney Pin - Thumper Epcot Flower & Garden Festival Mystery Series 2025 WDW LR,"Please rely on the photo, rather than the description. - Thumper Epcot Flower & Garden Festival Mystery Series 2025 Wdw Lr",1,Buy it Now,11.99,0-1 oz,TRUE,Not Hazmat,Used,,IMG_2573-4,https://i.ibb.co/PZ2QVP07/IMG-2573-pin-4.jpg,,,,,,,
Disneyana,Disney Pins,Lion King Rafiki Tree Life Animal Kingdom,Disney Lion King Rafiki at the Tree of Life Animal Kingdom Pin,"Please rely on the photo, rather than the description. Lion King Rafiki Tree Life Animal Kingdom",1,Buy it Now,14.0,0-1 oz,TRUE,Not Hazmat,Used,,IMG_2573-5,https://i.ibb.co/Qjz0zv6Y/IMG-2573-pin-5.jpg,,,,,,,
Disneyana,Disney Pins,Trading 183202 Mii - Judy Hopps - Zootopia 2 Panels Mystery Set,Disney Trading Pin 183202 MII - Judy Hopps - Zootopia 2 Panels Mystery Set,"Please rely on the photo, rather than the description. Trading 183202 Mii - Judy Hopps - Zootopia 2 Panels Mystery Set",1,Buy it Now,20.0,0-1 oz,TRUE,Not Hazmat,Used,,IMG_2573-6,https://i.ibb.co/M5j1j1wW/IMG-2573-pin-6.jpg,,,,,,,
Disneyana,Disney Pins,Horace Horsecollar Mickey Mouse Club Mystery,Horace Horsecollar Mickey Mouse Club Mystery Disney Pin (B4),"Please rely on the photo, rather than the description. Horace Horsecollar Mickey Mouse Club Mystery",1,Buy it Now,9.95,0-1 oz,TRUE,Not Hazmat,Used,,IMG_2573-8,https://i.ibb.co/Kxv5ctKP/IMG-2573-pin-8.jpg,,,,,,,
Disneyana,Disney Pins,Loungefly / - Princess Tiana - Gingerbread House - Mystery Box,Loungefly / Disney - Princess Tiana - Gingerbread House - Mystery  Box Pin,"Please rely on the photo, rather than the description. Loungefly / - Princess Tiana - Gingerbread House - Mystery Box",1,Buy it Now,21.75,0-1 oz,TRUE,Not Hazmat,Used,,IMG_2573-9,https://i.ibb.co/0Rhvwfbc/IMG-2573-pin-9.jpg,,,,,,,
Disneyana,Disney Pins,- Loungefly Winnie Pooh Fall Pumpkin Puzzle Series - Kanga & Roo,Disney Pin - Loungefly Winnie the Pooh Fall Pumpkin Puzzle Series - Kanga & Roo,"Please rely on the photo, rather than the description. - Loungefly Winnie Pooh Fall Pumpkin Puzzle Series - Kanga & Roo",1,Buy it Now,13.99,0-1 oz,TRUE,Not Hazmat,Used,,IMG_2574-10,https://i.ibb.co/Hfz0trkS/IMG-2574-pin-10.jpg,,,,,,,
Disneyana,Disney Pins,Parks Encanto Puzzle Set 2024 Isabela Madrigal Le 600,Disney Parks Encanto Puzzle Pin Set 2024 Isabela Madrigal LE 600,"Please rely on the photo, rather than the description. Parks Encanto Puzzle Set 2024 Isabela Madrigal Le 600",1,Buy it Now,28.0,0-1 oz,TRUE,Not Hazmat,Used,,IMG_2574-12,https://i.ibb.co/sdfrPXy3/IMG-2574-pin-12.jpg,,,,,,,
Disneyana,Disney Pins,Bagheera Hathi Jungle Book Parks Booster Set 2019,Bagheera And Hathi Jungle Book Disney Parks Booster Pin Set Disney Pin 2019,"Please rely on the photo, rather than the description. Bagheera Hathi Jungle Book Parks Booster Set 2019",1,Buy it Now,17.0,0-1 oz,TRUE,Not Hazmat,Used,,IMG_2574-13,https://i.ibb.co/vx5fcsvv/IMG-2574-pin-13.jpg,,,,,,,
Disneyana,Disney Pins,Minnie Mouse Harp Musicians 2019 Hidden Mickey Dlr 138890,Minnie Mouse Harp Musicians 2019 Hidden Mickey DLR Disney Pin 138890,"Please rely on the photo, rather than the description. Minnie Mouse Harp Musicians 2019 Hidden Mickey Dlr 138890",1,Buy it Now,13.5,0-1 oz,TRUE,Not Hazmat,Used,,IMG_2574-14,https://i.ibb.co/rKGcppcJ/IMG-2574-pin-14.jpg,,,,,,,
Disneyana,Disney Pins,2024 Wdw Jasmine Abu Aladdin Magic Carpet Adventureland Mystery Box,Disney Pin 2024 WDW Jasmine Abu Aladdin Magic Carpet Adventureland Mystery Box,"Please rely on the photo, rather than the description. 2024 Wdw Jasmine Abu Aladdin Magic Carpet Adventureland Mystery Box",1,Buy it Now,15.0,0-1 oz,TRUE,Not Hazmat,Used,,IMG_2574-15,https://i.ibb.co/b5CdGnvj/IMG-2574-pin-15.jpg,,,,,,,
Disneyana,Disney Pins,Zodiac September Libra Mickey Mouse No Card,Disney Zodiac September Libra Mickey Mouse No Card Pin,"Please rely on the photo, rather than the description. Zodiac September Libra Mickey Mouse No Card",1,Buy it Now,25.0,0-1 oz,TRUE,Not Hazmat,Used,,IMG_2574-16,https://i.ibb.co/Vc3GrbMt/IMG-2574-pin-16.jpg,,,,,,,
Disneyana,Disney Pins,Loungefly Mickey & Minnie Scented Fruit - Orange,Disney Loungefly Mickey & Minnie Scented Fruit Pin - Orange,"Please rely on the photo, rather than the description. Loungefly Mickey & Minnie Scented Fruit - Orange",1,Buy it Now,14.0,0-1 oz,TRUE,Not Hazmat,Used,,IMG_2574-17,https://i.ibb.co/LzCnDBL0/IMG-2574-pin-17.jpg,,,,,,,
Disneyana,Disney Pins,Taurus Zodiac Bull Horoscope Le,Disney Taurus Zodiac Bull Horoscope LE Pin,"Please rely on the photo, rather than the description. Taurus Zodiac Bull Horoscope Le",1,Buy it Now,35.0,0-1 oz,TRUE,Not Hazmat,Used,,IMG_2574-18,https://i.ibb.co/XZH74RtJ/IMG-2574-pin-18.jpg,,,,,,,
Disneyana,Disney Pins,2024 Barrel Tombstones Mystery Box Nightmare Before Christmas,Disney Pin 2024 Barrel Tombstones Mystery Box Nightmare Before Christmas,"Please rely on the photo, rather than the description. 2024 Barrel Tombstones Mystery Box Nightmare Before Christmas",1,Buy it Now,8.39,0-1 oz,TRUE,Not Hazmat,Used,,IMG_2574-19,https://i.ibb.co/dsNHjb3C/IMG-2574-pin-19.jpg,,,,,,,
Disneyana,Disney Pins,Tiana S Bayou Adventure Mama Odie Prince Frog Oe,DISNEY TIANA'S BAYOU ADVENTURE MAMA ODIE PIN PRINCE AND THE FROG OE,"Please rely on the photo, rather than the description. Tiana S Bayou Adventure Mama Odie Prince Frog Oe",1,Buy it Now,14.0,0-1 oz,TRUE,Not Hazmat,Used,,IMG_2574-1,https://i.ibb.co/8gtj1JM2/IMG-2574-pin-1.jpg,,,,,,,
Disneyana,Disney Pins,Loungefly 2025 Cats & Dogs Umbrella 101 Dalmatians Perdita,Disney Loungefly Pin 2025 Cats & Dogs Umbrella 101 Dalmatians Perdita Free Ship,"Please rely on the photo, rather than the description. Loungefly 2025 Cats & Dogs Umbrella 101 Dalmatians Perdita",1,Buy it Now,19.0,0-1 oz,TRUE,Not Hazmat,Used,,IMG_2574-20,https://i.ibb.co/xtWmR9yf/IMG-2574-pin-20.jpg,,,,,,,
Disneyana,Disney Pins,Mickey Mouse Bucket Hat Magical Mystery 26 162461,Mickey Mouse Bucket Hat Magical Mystery 26 Disney Pin 162461,"Please rely on the photo, rather than the description. Mickey Mouse Bucket Hat Magical Mystery 26 162461",1,Buy it Now,13.5,0-1 oz,TRUE,Not Hazmat,Used,,IMG_2574-21,https://i.ibb.co/M5D8wqtS/IMG-2574-pin-21.jpg,,,,,,,
Disneyana,Disney Pins,Villains Booster Single Chibi Cutie Style Aladdin S Jafar,Disney Villains booster Disney Single Chibi Cutie Style Pin Aladdin's JAFAR New,"Please rely on the photo, rather than the description. Villains Booster Single Chibi Cutie Style Aladdin S Jafar",1,Buy it Now,11.0,0-1 oz,TRUE,Not Hazmat,Used,,IMG_2574-22,https://i.ibb.co/mKWpH4x/IMG-2574-pin-22.jpg,,,,,,,
Disneyana,Disney Pins,Trading Percy Doghouse Pocahontas 2019,Disney Trading Pin Percy Doghouse from Pocahontas 2019,"Please rely on the photo, rather than the description. Trading Percy Doghouse Pocahontas 2019",1,Buy it Now,6.99,0-1 oz,TRUE,Not Hazmat,Used,,IMG_2574-23,https://i.ibb.co/gLwMNQ5c/IMG-2574-pin-23.jpg,,,,,,,
Disneyana,Disney Pins,Russel Color Air Balloon Hidden Mickey,Disney Russel Color Air Balloon Hidden Mickey Pin,"Please rely on the photo, rather than the description. Russel Color Air Balloon Hidden Mickey",1,Buy it Now,35.0,0-1 oz,TRUE,Not Hazmat,Used,,IMG_2574-24,https://i.ibb.co/9MB01QG/IMG-2574-pin-24.jpg,,,,,,,
Disneyana,Disney Pins,- Loungefly Sidekick Floral Wreath - Deer,Disney Pin - Loungefly Sidekick Floral Wreath - Deer,"Please rely on the photo, rather than the description. - Loungefly Sidekick Floral Wreath - Deer",1,Buy it Now,5.99,0-1 oz,TRUE,Not Hazmat,Used,,IMG_2574-25,https://i.ibb.co/GhmGLNC/IMG-2574-pin-25.jpg,,,,,,,
Disneyana,Disney Pins,Minnie Mouse Build 164054,Minnie Mouse Build A Pin Disney Pin 164054,"Please rely on the photo, rather than the description. Minnie Mouse Build 164054",1,Buy it Now,13.5,0-1 oz,TRUE,Not Hazmat,Used,,IMG_2574-26,https://i.ibb.co/YBGRmYnX/IMG-2574-pin-26.jpg,,,,,,,
Disneyana,Disney Pins,Winnie Pooh Playing Trumpet Blue Star Figpin Mini Series 1,Winnie the Pooh Playing Trumpet Blue Star Figpin Mini Series 1 Disney Pin New,"Please rely on the photo, rather than the description. Winnie Pooh Playing Trumpet Blue Star Figpin Mini Series 1",1,Buy it Now,16.0,0-1 oz,TRUE,Not Hazmat,Used,,IMG_2574-28,https://i.ibb.co/YBf4yKMs/IMG-2574-pin-28.jpg,,,,,,,
Disneyana,Disney Pins,Trading Monsters Inc. Door Blind Box Hinged - George,"Disney Trading Pin  Monsters, Inc. Door Blind Box Hinged - George","Please rely on the photo, rather than the description. Trading Monsters Inc. Door Blind Box Hinged - George",1,Buy it Now,35.0,0-1 oz,TRUE,Not Hazmat,Used,,IMG_2574-30,https://i.ibb.co/1tfDfp47/IMG-2574-pin-30.jpg,,,,,,,
Disneyana,Disney Pins,Baloo Mowgli Jungle Book Best Buds 2023 Le 2500,BALOO MOWGLI JUNGLE BOOK BEST BUDS 2023 Disney Pin LE 2500,"Please rely on the photo, rather than the description. Baloo Mowgli Jungle Book Best Buds 2023 Le 2500",1,Buy it Now,31.41,0-1 oz,TRUE,Not Hazmat,Used,,IMG_2574-32,https://i.ibb.co/xts8Zzh6/IMG-2574-pin-32.jpg,,,,,,,
Disneyana,Disney Pins,Loungefly Nightmare Before Christmas Mystery Papel Picado Zero,Loungefly Nightmare Before Christmas Mystery Papel Picado Zero Disney Pin,"Please rely on the photo, rather than the description. Loungefly Nightmare Before Christmas Mystery Papel Picado Zero",1,Buy it Now,15.95,0-1 oz,TRUE,Not Hazmat,Used,,IMG_2574-33,https://i.ibb.co/S7sPQHbT/IMG-2574-pin-33.jpg,,,,,,,
Disneyana,Disney Pins,Hat Mickey Mouse Epcot World Classroom Teacher Triangle Globe Showcase,LAPEL HAT PIN MICKEY MOUSE EPCOT WORLD CLASSROOM TEACHER TRIANGLE GLOBE SHOWCASE,"Please rely on the photo, rather than the description. Hat Mickey Mouse Epcot World Classroom Teacher Triangle Globe Showcase",1,Buy it Now,9.99,0-1 oz,TRUE,Not Hazmat,Used,,IMG_2574-35,https://i.ibb.co/zhrXPSZ2/IMG-2574-pin-35.jpg,,,,,,,
Disneyana,Disney Pins,Passholder Mickey - Mickey S Not So Scary Halloween Party 2025 - - Lr,Passholder Mickey - Mickey's Not So Scary Halloween Party 2025 - NEW - LR,"Please rely on the photo, rather than the description. Passholder Mickey - Mickey S Not So Scary Halloween Party 2025 - - Lr",1,Buy it Now,46.0,0-1 oz,TRUE,Not Hazmat,Used,,IMG_2574-36,https://i.ibb.co/5X7Fp4Ym/IMG-2574-pin-36.jpg,,,,,,,
Disneyana,Disney Pins,Parks Villains Chibi Style Hades Booster,Disney Parks Villains Chibi Style Hades Booster Pin,"Please rely on the photo, rather than the description. Parks Villains Chibi Style Hades Booster",1,Buy it Now,11.0,0-1 oz,TRUE,Not Hazmat,Used,,IMG_2574-37,https://i.ibb.co/v6VbwK2M/IMG-2574-pin-37.jpg,,,,,,,
Disneyana,Disney Pins,Donald Duck Lunar Zodiac Monkey Mystery,Donald Duck Lunar Zodiac Monkey Mystery Disney Pin (C3),"Please rely on the photo, rather than the description. Donald Duck Lunar Zodiac Monkey Mystery",1,Buy it Now,13.95,0-1 oz,TRUE,Not Hazmat,Used,,IMG_2574-38,https://i.ibb.co/mr1YM4KD/IMG-2574-pin-38.jpg,,,,,,,
Disneyana,Disney Pins,Soda Fountain Traders Delight Sundae Dssh Gwp Le400 107891 Grimsby,Disney Soda Fountain Traders Delight Sundae DSSH GWP LE400 Pin 107891 GRIMSBY,"Please rely on the photo, rather than the description. Soda Fountain Traders Delight Sundae Dssh Gwp Le400 107891 Grimsby",1,Buy it Now,174.99,0-1 oz,TRUE,Not Hazmat,Used,,IMG_2574-39,https://i.ibb.co/2YyGggWs/IMG-2574-pin-39.jpg,,,,,,,
Disneyana,Disney Pins,Pixar Pride Collection Pixar Animation Limited Release,Pixar Pride Collection Pixar Animation Pin limited release  New,"Please rely on the photo, rather than the description. Pixar Pride Collection Pixar Animation Limited Release",1,Buy it Now,175.0,0-1 oz,TRUE,Not Hazmat,Used,,IMG_2574-3,https://i.ibb.co/HTTgMv43/IMG-2574-pin-3.jpg,,,,,,,
Disneyana,Disney Pins,S California Adventure Poster Limited Edition 2001 Opening Day Style,Disney's California Adventure Poster Pin Limited Edition 2001 Opening Day Style,"Please rely on the photo, rather than the description. S California Adventure Poster Limited Edition 2001 Opening Day Style",1,Buy it Now,22.72,0-1 oz,TRUE,Not Hazmat,Used,,IMG_2574-4,https://i.ibb.co/TMhVmnnJ/IMG-2574-pin-4.jpg,,,,,,,
Disneyana,Disney Pins,Princess Moana Flowers Paddle Sailboat Parks 2024,Princess Moana Flowers Paddle Sailboat Disney Parks Pin 2024 New,"Please rely on the photo, rather than the description. Princess Moana Flowers Paddle Sailboat Parks 2024",1,Buy it Now,17.0,0-1 oz,TRUE,Not Hazmat,Used,,IMG_2574-5,https://i.ibb.co/M58c9k62/IMG-2574-pin-5.jpg,,,,,,,
Disneyana,Disney Pins,Diablo Raven Icon - Sleeping Beauty - G2,Diablo the Raven Icon - Sleeping Beauty - Disney Pin G2,"Please rely on the photo, rather than the description. Diablo Raven Icon - Sleeping Beauty - G2",1,Buy it Now,17.95,0-1 oz,TRUE,Not Hazmat,Used,,IMG_2574-6,https://i.ibb.co/Kj1R3K6t/IMG-2574-pin-6.jpg,,,,,,,
Disneyana,Disney Pins,Star Wars Force Awakens Droid Mystery Set C-3p0,Disney Star Wars The Force Awakens Droid Mystery Set C-3P0 Pin,"Please rely on the photo, rather than the description. Star Wars Force Awakens Droid Mystery Set C-3p0",1,Buy it Now,16.16,0-1 oz,TRUE,Not Hazmat,Used,,IMG_2574-7,https://i.ibb.co/60kwT5FS/IMG-2574-pin-7.jpg,,,,,,,
Disneyana,Disney Pins,Trading 106620 Gift Card - Frozen Anna,Disney Trading Pin 106620: Disney Gift Card - Frozen Anna,"Please rely on the photo, rather than the description. Trading 106620 Gift Card - Frozen Anna",1,Buy it Now,15.0,0-1 oz,TRUE,Not Hazmat,Used,,IMG_2574-8,https://i.ibb.co/nNJ27Mp7/IMG-2574-pin-8.jpg,,,,,,,
Disneyana,Disney Pins,2024 Parks Big Hero 6 Mystery Series Honey Lemon & Baymax,2024 Disney Parks Big Hero 6 Mystery Pin Series Honey Lemon & Baymax Only,"Please rely on the photo, rather than the description. 2024 Parks Big Hero 6 Mystery Series Honey Lemon & Baymax",1,Buy it Now,18.0,0-1 oz,TRUE,Not Hazmat,Used,,IMG_2574-9,https://i.ibb.co/4nKCQdhp/IMG-2574-pin-9.jpg,,,,,,,
Disneyana,Disney Pins,World - 100 Years Magic - Kellogg S Celebrates 14234,WALT DISNEY WORLD PIN - 100 YEARS OF MAGIC - KELLOGG'S CELEBRATES 14234,"Please rely on the photo, rather than the description. World - 100 Years Magic - Kellogg S Celebrates 14234",1,Buy it Now,5.0,0-1 oz,TRUE,Not Hazmat,Used,,IMG_2575-10,https://i.ibb.co/M57mwZfv/IMG-2575-pin-10.jpg,,,,,,,
Disneyana,Disney Pins,Loungefly Nightmare Before Christmas Tombstone Gitd - Sally,Loungefly Nightmare Before Christmas Tombstone GITD Enamel Pin - Sally,"Please rely on the photo, rather than the description. Loungefly Nightmare Before Christmas Tombstone Gitd - Sally",1,Buy it Now,17.74,0-1 oz,TRUE,Not Hazmat,Used,,IMG_2575-11,https://i.ibb.co/h1gXhH91/IMG-2575-pin-11.jpg,,,,,,,
Disneyana,Disney Pins,Trading Fantastic Four First Steps Stained Glass - Mister Fantastic,Disney Trading Pins Fantastic Four: First Steps Stained Glass - Mister Fantastic,"Please rely on the photo, rather than the description. Trading Fantastic Four First Steps Stained Glass - Mister Fantastic",1,Buy it Now,20.0,0-1 oz,TRUE,Not Hazmat,Used,,IMG_2575-12,https://i.ibb.co/Y76cyxym/IMG-2575-pin-12.jpg,,,,,,,
Disneyana,Disney Pins,Wdw Donald 50th Anniversary Starter Set 145051,WDW Donald 50th Anniversary Starter Set Disney Pin 145051 (B9),"Please rely on the photo, rather than the description. Wdw Donald 50th Anniversary Starter Set 145051",1,Buy it Now,14.95,0-1 oz,TRUE,Not Hazmat,Used,,IMG_2575-13,https://i.ibb.co/xqXR5VNY/IMG-2575-pin-13.jpg,,,,,,,
Disneyana,Disney Pins,Go Go Tomago Armored Big Hero 6 High Tech Heroes 2022 Mystery,Go Go Tomago Armored Big Hero 6 High Tech Heroes 2022 Disney Mystery Pin,"Please rely on the photo, rather than the description. Go Go Tomago Armored Big Hero 6 High Tech Heroes 2022 Mystery",1,Buy it Now,14.99,0-1 oz,TRUE,Not Hazmat,Used,,IMG_2575-15,https://i.ibb.co/B21GNmJL/IMG-2575-pin-15.jpg,,,,,,,
Disneyana,Disney Pins,Membership Magic Vacation Club Mickey Mouse Collector,NEW Membership MAGIC Disney Vacation Club Mickey Mouse Collector Pin,"Please rely on the photo, rather than the description. Membership Magic Vacation Club Mickey Mouse Collector",1,Buy it Now,19.99,0-1 oz,TRUE,Not Hazmat,Used,,IMG_2575-16,https://i.ibb.co/hJp33H4g/IMG-2575-pin-16.jpg,,,,,,,
Disneyana,Disney Pins,2022 Dlr Go Go Tomago Big Hero 6 High Tech Heroes Mystery Box Series,Disney Pin 2022 DLR Go Go Tomago Big Hero 6 High Tech Heroes Mystery Box Series,"Please rely on the photo, rather than the description. 2022 Dlr Go Go Tomago Big Hero 6 High Tech Heroes Mystery Box Series",1,Buy it Now,9.5,0-1 oz,TRUE,Not Hazmat,Used,,IMG_2575-17,https://i.ibb.co/Wp74c2f6/IMG-2575-pin-17.jpg,,,,,,,
Disneyana,Disney Pins,2025 - Randall Mike - Monsters Inc. - Pixar -,2025 - Randall and Mike - Monsters Inc. - Pixar - Disney Pin,"Please rely on the photo, rather than the description. 2025 - Randall Mike - Monsters Inc. - Pixar -",1,Buy it Now,17.25,0-1 oz,TRUE,Not Hazmat,Used,,IMG_2575-18,https://i.ibb.co/C5ynL1Pv/IMG-2575-pin-18.jpg,,,,,,,
Disneyana,Disney Pins,2014 Wdw Dlr It S Small World Hawaiian Boy Aloha Hidden Mickey,2014 Disney WDW DLR It's A Small World Hawaiian Boy Aloha Hidden Mickey  Pin,"Please rely on the photo, rather than the description. 2014 Wdw Dlr It S Small World Hawaiian Boy Aloha Hidden Mickey",1,Buy it Now,8.49,0-1 oz,TRUE,Not Hazmat,Used,,IMG_2575-19,https://i.ibb.co/HL0jd467/IMG-2575-pin-19.jpg,,,,,,,
Disneyana,Disney Pins,2019 Oe Star Wars Galaxy S Edge Black Spire Outpost Skyline 135249,Disney Pin 2019 OE Star Wars Galaxy's Edge Black Spire Outpost Skyline #135249,"Please rely on the photo, rather than the description. 2019 Oe Star Wars Galaxy S Edge Black Spire Outpost Skyline 135249",1,Buy it Now,18.0,0-1 oz,TRUE,Not Hazmat,Used,,IMG_2575-1,https://i.ibb.co/dss1T5qK/IMG-2575-pin-1.jpg,,,,,,,
Disneyana,Disney Pins,Trading Princess Hat Blind Box - Snow White,Disney Trading Pins  Disney Princess Hat Blind Box - Snow White,"Please rely on the photo, rather than the description. Trading Princess Hat Blind Box - Snow White",1,Buy it Now,20.0,0-1 oz,TRUE,Not Hazmat,Used,,IMG_2575-22,https://i.ibb.co/BVq2qhbC/IMG-2575-pin-22.jpg,,,,,,,
Disneyana,Disney Pins,2022 2023 Hidden Marvel Avengers 2 5,2022 2023 Hidden Disney Marvel Avengers A pin 2 of 5,"Please rely on the photo, rather than the description. 2022 2023 Hidden Marvel Avengers 2 5",1,Buy it Now,12.0,0-1 oz,TRUE,Not Hazmat,Used,,IMG_2575-23,https://i.ibb.co/qYtjzcZm/IMG-2575-pin-23.jpg,,,,,,,
Disneyana,Disney Pins,Parks Popsicle Ice Cream Mystery Mickey,Disney Parks Popsicle Ice Cream Mystery Mickey Pin,"Please rely on the photo, rather than the description. Parks Popsicle Ice Cream Mystery Mickey",1,Buy it Now,9.95,0-1 oz,TRUE,Not Hazmat,Used,,IMG_2575-24,https://i.ibb.co/MDrJ4R7C/IMG-2575-pin-24.jpg,,,,,,,
Disneyana,Disney Pins,Avatar Pandora Way Water Mystery Sagittarius Avatar 2023,Avatar Pandora Way Of Water Mystery Sagittarius Avatar 2023 Disney Pin (B8),"Please rely on the photo, rather than the description. Avatar Pandora Way Water Mystery Sagittarius Avatar 2023",1,Buy it Now,10.95,0-1 oz,TRUE,Not Hazmat,Used,,IMG_2575-25,https://i.ibb.co/gkyMx0c/IMG-2575-pin-25.jpg,,,,,,,
Disneyana,Disney Pins,Bambi Mailbox Magical Mystery 21 Ap Artist Proof 156166,Bambi Mailbox Magical Mystery 21 AP Artist Proof Disney Pin 156166,"Please rely on the photo, rather than the description. Bambi Mailbox Magical Mystery 21 Ap Artist Proof 156166",1,Buy it Now,34.99,0-1 oz,TRUE,Not Hazmat,Used,,IMG_2575-26,https://i.ibb.co/VWhQKzKb/IMG-2575-pin-26.jpg,,,,,,,
Disneyana,Disney Pins,2020 Parks Pinocchio Mystery Puzzle - Stromboli Le 900,2020 Disney Parks Pinocchio Mystery Puzzle Pin - Stromboli LE 900,"Please rely on the photo, rather than the description. 2020 Parks Pinocchio Mystery Puzzle - Stromboli Le 900",1,Buy it Now,18.0,0-1 oz,TRUE,Not Hazmat,Used,,IMG_2575-27,https://i.ibb.co/dwy0XS1Q/IMG-2575-pin-27.jpg,,,,,,,
Disneyana,Disney Pins,Mickey World S Biggest Mouse Party Let S Celebrate 135037,Mickey World's Biggest Mouse Party Let's Celebrate Disney Pin 135037,"Please rely on the photo, rather than the description. Mickey World S Biggest Mouse Party Let S Celebrate 135037",1,Buy it Now,5.0,0-1 oz,TRUE,Not Hazmat,Used,,IMG_2575-2,https://i.ibb.co/QFg1qpmc/IMG-2575-pin-2.jpg,,,,,,,
Disneyana,Disney Pins,- Pluto Lunar Year Character Folding Fans Mystery Series 2024 Wdw,Disney Pin - Pluto Lunar New Year Character Folding Fans Mystery Series 2024 WDW,"Please rely on the photo, rather than the description. - Pluto Lunar Year Character Folding Fans Mystery Series 2024 Wdw",1,Buy it Now,8.99,0-1 oz,TRUE,Not Hazmat,Used,,IMG_2575-30,https://i.ibb.co/0R43FLz0/IMG-2575-pin-30.jpg,,,,,,,
Disneyana,Disney Pins,Wdw Hidden Mickey C-3po Star Wars Droids C2,WDW  Hidden Mickey C-3PO Star Wars Droids Disney Pin C2,"Please rely on the photo, rather than the description. Wdw Hidden Mickey C-3po Star Wars Droids C2",1,Buy it Now,8.95,0-1 oz,TRUE,Not Hazmat,Used,,IMG_2575-31,https://i.ibb.co/yFHgPTpf/IMG-2575-pin-31.jpg,,,,,,,
Disneyana,Disney Pins,100 Years Dreams Trading Le Babes Toyland,Disney 100 Years Of Dreams Trading Le Pin Babes In Toyland Pin,"Please rely on the photo, rather than the description. 100 Years Dreams Trading Le Babes Toyland",1,Buy it Now,45.0,0-1 oz,TRUE,Not Hazmat,Used,,IMG_2575-33,https://i.ibb.co/mC1vpzss/IMG-2575-pin-33.jpg,,,,,,,
Disneyana,Disney Pins,Pinocchio Sweet Characters 2013 Hidden Mickey Wdw 94952,Pinocchio Sweet Characters 2013 Hidden Mickey WDW Disney Pin 94952,"Please rely on the photo, rather than the description. Pinocchio Sweet Characters 2013 Hidden Mickey Wdw 94952",1,Buy it Now,8.0,0-1 oz,TRUE,Not Hazmat,Used,,IMG_2575-34,https://i.ibb.co/4ZSvr9dF/IMG-2575-pin-34.jpg,,,,,,,
Disneyana,Disney Pins,Up Carl Kevin Baby Walker,Up Carl with Kevin Baby Walker Disney Pin,"Please rely on the photo, rather than the description. Up Carl Kevin Baby Walker",1,Buy it Now,12.95,0-1 oz,TRUE,Not Hazmat,Used,,IMG_2575-35,https://i.ibb.co/My8np1GY/IMG-2575-pin-35.jpg,,,,,,,
Disneyana,Disney Pins,Be Happy Flair Set,Disney pin BE HAPPY from flair set,"Please rely on the photo, rather than the description. Be Happy Flair Set",1,Buy it Now,9.95,0-1 oz,TRUE,Not Hazmat,Used,,IMG_2575-37,https://i.ibb.co/sJVJT4J4/IMG-2575-pin-37.jpg,,,,,,,
Disneyana,Disney Pins,Wdw - Fantasyland Fightin Seven - Mascots Mystery 115673,WDW - Fantasyland Fightin Seven - Mascots Mystery Disney Pin 115673,"Please rely on the photo, rather than the description. Wdw - Fantasyland Fightin Seven - Mascots Mystery 115673",1,Buy it Now,14.52,0-1 oz,TRUE,Not Hazmat,Used,,IMG_2575-38,https://i.ibb.co/N6MZ8ZdC/IMG-2575-pin-38.jpg,,,,,,,
Disneyana,Disney Pins,Parks Piglet Flowers,New Disney Parks Piglet With Flowers Pin,"Please rely on the photo, rather than the description. Parks Piglet Flowers",1,Buy it Now,17.13,0-1 oz,TRUE,Not Hazmat,Used,,IMG_2575-3,https://i.ibb.co/ZptQ3s02/IMG-2575-pin-3.jpg,,,,,,,
Disneyana,Disney Pins,Trading Princess Puzzle Blind Box - Cinderella Mulan,Disney Trading Pin Princess Puzzle Blind Box - Cinderella and Mulan,"Please rely on the photo, rather than the description. Trading Princess Puzzle Blind Box - Cinderella Mulan",1,Buy it Now,20.0,0-1 oz,TRUE,Not Hazmat,Used,,IMG_2575-45,https://i.ibb.co/VWfwb962/IMG-2575-pin-45.jpg,,,,,,,
Disneyana,Disney Pins,Princess Mulan Purse Handbag Bead Dangle,Disney Princess Mulan Purse Pin Handbag With Bead Dangle ,"Please rely on the photo, rather than the description. Princess Mulan Purse Handbag Bead Dangle",1,Buy it Now,18.99,0-1 oz,TRUE,Not Hazmat,Used,,IMG_2575-4,https://i.ibb.co/XZ84dNyx/IMG-2575-pin-4.jpg,,,,,,,
Disneyana,Disney Pins,Zodiac November Sagittarius Goofy Retired,Disney Zodiac November Sagittarius Goofy Pin Retired,"Please rely on the photo, rather than the description. Zodiac November Sagittarius Goofy Retired",1,Buy it Now,13.79,0-1 oz,TRUE,Not Hazmat,Used,,IMG_2575-5,https://i.ibb.co/p62c8dP7/IMG-2575-pin-5.jpg,,,,,,,
Disneyana,Disney Pins,Donald Duck 2014 Passholder Commenorative Collection,Disney Pin Donald Duck 2014 Passholder Commenorative Collection,"Please rely on the photo, rather than the description. Donald Duck 2014 Passholder Commenorative Collection",1,Buy it Now,49.97,0-1 oz,TRUE,Not Hazmat,Used,,IMG_2575-6,https://i.ibb.co/m57YjdHw/IMG-2575-pin-6.jpg,,,,,,,
Disneyana,Disney Pins,Parks Disneyland Star Wars Princess Leia I Love I Know,"Disney Parks Pin Disneyland Star Wars Princess Leia I Love You, I know Pin","Please rely on the photo, rather than the description. Parks Disneyland Star Wars Princess Leia I Love I Know",1,Buy it Now,14.95,0-1 oz,TRUE,Not Hazmat,Used,,IMG_2575-7,https://i.ibb.co/bgmzxk47/IMG-2575-pin-7.jpg,,,,,,,
Disneyana,Disney Pins,Big Hero 6 High Tech Heroes Mystery Box Hiro,Big Hero 6 High Tech Heroes Mystery Box Disney Pin Hiro,"Please rely on the photo, rather than the description. Big Hero 6 High Tech Heroes Mystery Box Hiro",1,Buy it Now,19.0,0-1 oz,TRUE,Not Hazmat,Used,,IMG_2575-8,https://i.ibb.co/yn2qNSmp/IMG-2575-pin-8.jpg,,,,,,,
Disneyana,Disney Pins,Stitch Lilo & Stitch Square Orange Blue Single Trading,Disney Stitch Lilo & Stitch Square Orange Blue Single Pin Trading Collectible,"Please rely on the photo, rather than the description. Stitch Lilo & Stitch Square Orange Blue Single Trading",1,Buy it Now,15.0,0-1 oz,TRUE,Not Hazmat,Used,,IMG_2575-9,https://i.ibb.co/NdVcTzk8/IMG-2575-pin-9.jpg,,,,,,,
Disneyana,Disney Pins,Mickey Club Le,Disney Mickey  Club LE Pin,"Please rely on the photo, rather than the description. Mickey Club Le",1,Buy it Now,24.99,0-1 oz,TRUE,Not Hazmat,Used,,IMG_2576-10,https://i.ibb.co/chjdzzV2/IMG-2576-pin-10.jpg,,,,,,,
Disneyana,Disney Pins,Mediterranean Cruise 2007 Olbia Sardinia Pluto Sailboat,Disney Mediterranean Cruise 2007 Olbia Sardinia Pin Pluto On Sailboat,"Please rely on the photo, rather than the description. Mediterranean Cruise 2007 Olbia Sardinia Pluto Sailboat",1,Buy it Now,5.99,0-1 oz,TRUE,Not Hazmat,Used,,IMG_2576-11,https://i.ibb.co/08YqfLk/IMG-2576-pin-11.jpg,,,,,,,
Disneyana,Disney Pins,2025 Parks Toys Box Mystery Pinocchio Jiminy Cricket,2025 Disney Parks Toys in a Box Mystery Pinocchio Jiminy Cricket Pin,"Please rely on the photo, rather than the description. 2025 Parks Toys Box Mystery Pinocchio Jiminy Cricket",1,Buy it Now,12.95,0-1 oz,TRUE,Not Hazmat,Used,,IMG_2576-12,https://i.ibb.co/1tbHv27m/IMG-2576-pin-12.jpg,,,,,,,
Disneyana,Disney Pins,2024 Character Folding Fans Mystery - Variety,Disney 2024 Character Folding Fans Mystery Pin - YOU CHOOSE Variety Pins,"Please rely on the photo, rather than the description. 2024 Character Folding Fans Mystery - Variety",1,Buy it Now,13.0,0-1 oz,TRUE,Not Hazmat,Used,,IMG_2576-13,https://i.ibb.co/PsGcFd1j/IMG-2576-pin-13.jpg,,,,,,,
Disneyana,Disney Pins,Wdw Vacation Club 2000 Magical Tradition,Wdw Disney Vacation Club  2000 Pin A Magical Tradition,"Please rely on the photo, rather than the description. Wdw Vacation Club 2000 Magical Tradition",1,Buy it Now,35.0,0-1 oz,TRUE,Not Hazmat,Used,,IMG_2576-14,https://i.ibb.co/RkbbKm4C/IMG-2576-pin-14.jpg,,,,,,,
Disneyana,Disney Pins,Wdw - Orange Bird - Character Trash Cans - Mystery B8,WDW - Orange Bird - Character Trash Cans - Mystery Disney Pin B8,"Please rely on the photo, rather than the description. Wdw - Orange Bird - Character Trash Cans - Mystery B8",1,Buy it Now,20.95,0-1 oz,TRUE,Not Hazmat,Used,,IMG_2576-15,https://i.ibb.co/Q7Lh5Rqz/IMG-2576-pin-15.jpg,,,,,,,
Disneyana,Disney Pins,Have Day 70524,Have a Disney Day! Disney Pin 70524,"Please rely on the photo, rather than the description. Have Day 70524",1,Buy it Now,7.0,0-1 oz,TRUE,Not Hazmat,Used,,IMG_2576-16,https://i.ibb.co/S7nQgjKd/IMG-2576-pin-16.jpg,,,,,,,
Disneyana,Disney Pins,Star Wars Comic 3 Set,Disney Star Wars Comic 3 Pin Set,"Please rely on the photo, rather than the description. Star Wars Comic 3 Set",1,Buy it Now,10.0,0-1 oz,TRUE,Not Hazmat,Used,,IMG_2576-17,https://i.ibb.co/39BB9wzq/IMG-2576-pin-17.jpg,,,,,,,
Disneyana,Disney Pins,- Princess Purse Mystery Dangle -,YOU PICK - Disney Princess Purse Mystery Dangle Pin - COMBINED SHIPPING,"Please rely on the photo, rather than the description. - Princess Purse Mystery Dangle -",1,Buy it Now,18.75,0-1 oz,TRUE,Not Hazmat,Used,,IMG_2576-18,https://i.ibb.co/BKFn7JrF/IMG-2576-pin-18.jpg,,,,,,,
Disneyana,Disney Pins,Marvel 2022 Thor Love Thunder Jane Written 148397 Trade Ship,Disney Pin Marvel 2022 Thor Love and Thunder Jane Written #148397 Trade Ship,"Please rely on the photo, rather than the description. Marvel 2022 Thor Love Thunder Jane Written 148397 Trade Ship",1,Buy it Now,17.0,0-1 oz,TRUE,Not Hazmat,Used,,IMG_2576-19,https://i.ibb.co/F4QfVw7W/IMG-2576-pin-19.jpg,,,,,,,
Disneyana,Disney Pins,Trading 97203 Wdw - 2013 Hidden Mickey Series - Park Icons,Disney Trading Pins 97203: WDW - 2013 Hidden Mickey Series - Park Icons (B),"Please rely on the photo, rather than the description. Trading 97203 Wdw - 2013 Hidden Mickey Series - Park Icons",1,Buy it Now,4.49,0-1 oz,TRUE,Not Hazmat,Used,,IMG_2576-20,https://i.ibb.co/Kk2h3G1/IMG-2576-pin-20.jpg,,,,,,,
Disneyana,Disney Pins,Parks Happy Halloween Mickey Glow Dark Le Passholder 2023,Disney Parks Happy Halloween Mickey Glow In The Dark LE Passholder 2023,"Please rely on the photo, rather than the description. Parks Happy Halloween Mickey Glow Dark Le Passholder 2023",1,Buy it Now,19.99,0-1 oz,TRUE,Not Hazmat,Used,,IMG_2576-21,https://i.ibb.co/Zpvz5KMR/IMG-2576-pin-21.jpg,,,,,,,
Disneyana,Disney Pins,Loungefly Princess Purse Mystery Aladdin Jasmine,Loungefly Princess Purse Mystery Aladdin Jasmine Disney Pin,"Please rely on the photo, rather than the description. Loungefly Princess Purse Mystery Aladdin Jasmine",1,Buy it Now,18.95,0-1 oz,TRUE,Not Hazmat,Used,,IMG_2576-22,https://i.ibb.co/356Wkg4g/IMG-2576-pin-22.jpg,,,,,,,
Disneyana,Disney Pins,World Pleasure Island 2000 Logo,"Walt Disney World Pleasure Island 2000 ""PI"" Logo Pin (RETIRED!)","Please rely on the photo, rather than the description. World Pleasure Island 2000 Logo",1,Buy it Now,15.0,0-1 oz,TRUE,Not Hazmat,Used,,IMG_2576-23,https://i.ibb.co/S7VqgDR8/IMG-2576-pin-23.jpg,,,,,,,
Disneyana,Disney Pins,Wdw - 30th Anniversary Castle Pp5889,WDW - 30th Anniversary Castle PP5889,"Please rely on the photo, rather than the description. Wdw - 30th Anniversary Castle Pp5889",1,Buy it Now,6.5,0-1 oz,TRUE,Not Hazmat,Used,,IMG_2576-25,https://i.ibb.co/LXSrjNQF/IMG-2576-pin-25.jpg,,,,,,,
Disneyana,Disney Pins,Star Wars Return Jedi Luke Sliding & Spinning Jabba Brand,Star Wars: Return of the Jedi Luke Sliding & Spinning Enamel Pin Jabba Brand New,"Please rely on the photo, rather than the description. Star Wars Return Jedi Luke Sliding & Spinning Jabba Brand",1,Buy it Now,17.99,0-1 oz,TRUE,Not Hazmat,Used,,IMG_2576-26,https://i.ibb.co/FLPdLGGH/IMG-2576-pin-26.jpg,,,,,,,
Disneyana,Disney Pins,Loungefly Princess Latte Mystery Aladdin Jasmine Rajah,Loungefly Princess Latte Mystery Aladdin Jasmine Rajah Disney Pin,"Please rely on the photo, rather than the description. Loungefly Princess Latte Mystery Aladdin Jasmine Rajah",1,Buy it Now,17.95,0-1 oz,TRUE,Not Hazmat,Used,,IMG_2576-27,https://i.ibb.co/Zpkgp0B8/IMG-2576-pin-27.jpg,,,,,,,
Disneyana,Disney Pins,Mickey Mouse Head Icon Mystery Villains Mother Gothel Tangled,Mickey Mouse Head Icon Mystery Villains Mother Gothel Tangled Disney Pin,"Please rely on the photo, rather than the description. Mickey Mouse Head Icon Mystery Villains Mother Gothel Tangled",1,Buy it Now,8.95,0-1 oz,TRUE,Not Hazmat,Used,,IMG_2576-28,https://i.ibb.co/WpMKbzZr/IMG-2576-pin-28.jpg,,,,,,,
Disneyana,Disney Pins,Lr Iago Jafar Aladdin Villains Tiny Kingdom After Dark Mystery 2024,LR Iago Jafar Aladdin Villains Tiny Kingdom After Dark Mystery Disney Pin 2024,"Please rely on the photo, rather than the description. Lr Iago Jafar Aladdin Villains Tiny Kingdom After Dark Mystery 2024",1,Buy it Now,89.99,0-1 oz,TRUE,Not Hazmat,Used,,IMG_2576-29,https://i.ibb.co/1f3fjLzv/IMG-2576-pin-29.jpg,,,,,,,
Disneyana,Disney Pins,Character Year 2001 Goofy Number 2 Year G2,Character Year Pin 2001 Goofy Number 2 Year G2,"Please rely on the photo, rather than the description. Character Year 2001 Goofy Number 2 Year G2",1,Buy it Now,14.95,0-1 oz,TRUE,Not Hazmat,Used,,IMG_2576-30,https://i.ibb.co/jkS4PdVP/IMG-2576-pin-30.jpg,,,,,,,
Disneyana,Disney Pins,2000 Millennium Village Pavilion Ethiopia Flag - Vintage &,Disney Pin 2000 Millennium Village Pavilion Ethiopia Flag - Vintage Rare & HTF,"Please rely on the photo, rather than the description. 2000 Millennium Village Pavilion Ethiopia Flag - Vintage &",1,Buy it Now,26.45,0-1 oz,TRUE,Not Hazmat,Used,,IMG_2576-31,https://i.ibb.co/tp6NXS0N/IMG-2576-pin-31.jpg,,,,,,,
Disneyana,Disney Pins,Mickey Leaning Red Number,Disney Mickey Leaning On Red Number Pin,"Please rely on the photo, rather than the description. Mickey Leaning Red Number",1,Buy it Now,39.0,0-1 oz,TRUE,Not Hazmat,Used,,IMG_2576-32,https://i.ibb.co/49QGgXb/IMG-2576-pin-32.jpg,,,,,,,
Disneyana,Disney Pins,Pluto Part Set Year 2001,Pluto Part of the set Year 2001 Disney Pin (A4),"Please rely on the photo, rather than the description. Pluto Part Set Year 2001",1,Buy it Now,22.95,0-1 oz,TRUE,Not Hazmat,Used,,IMG_2576-33,https://i.ibb.co/F44yJc3K/IMG-2576-pin-33.jpg,,,,,,,
Disneyana,Disney Pins,2025 Parks Pixar Inside Out Joy Yay Oe,2025 Disney Parks Pixar Inside Out Joy Yay OE Pin,"Please rely on the photo, rather than the description. 2025 Parks Pixar Inside Out Joy Yay Oe",1,Buy it Now,15.99,0-1 oz,TRUE,Not Hazmat,Used,,IMG_2576-4,https://i.ibb.co/20SjbXXq/IMG-2576-pin-4.jpg,,,,,,,
Disneyana,Disney Pins,World - Bay Lake Tower Vacation Club - Mickey & Minnie Mouse,Disney World - Bay Lake Tower Vacation Club - Mickey & Minnie Mouse Pin,"Please rely on the photo, rather than the description. World - Bay Lake Tower Vacation Club - Mickey & Minnie Mouse",1,Buy it Now,42.99,0-1 oz,TRUE,Not Hazmat,Used,,IMG_2576-6,https://i.ibb.co/cXF2fjYG/IMG-2576-pin-6.jpg,,,,,,,
Disneyana,Disney Pins,Pink La Mode Palm Lady & Tramp Lady Playing W/ Yarn Ball,Pink a la Mode PALM Disney Lady & the Tramp Lady Playing w/ Yarn Ball Pin,"Please rely on the photo, rather than the description. Pink La Mode Palm Lady & Tramp Lady Playing W/ Yarn Ball",1,Buy it Now,19.99,0-1 oz,TRUE,Not Hazmat,Used,,IMG_2576-7,https://i.ibb.co/ynJtH1Bn/IMG-2576-pin-7.jpg,,,,,,,
Disneyana,Disney Pins,Dssh Mother Gothel Le 400 Marquee Puzzle Piece Tangled Villain,DSSH Mother Gothel LE 400 Marquee Puzzle Piece Disney Pin Tangled Villain,"Please rely on the photo, rather than the description. Dssh Mother Gothel Le 400 Marquee Puzzle Piece Tangled Villain",1,Buy it Now,24.99,0-1 oz,TRUE,Not Hazmat,Used,,IMG_2576-9,https://i.ibb.co/b5XQLvSg/IMG-2576-pin-9.jpg,,,,,,,
Disneyana,Disney Pins,Disneyland 45th Anniversary Parade Stars Snake Archer Le,Disneyland 45th Anniversary Parade Of Stars Snake Archer Le Disney Pin,"Please rely on the photo, rather than the description. Disneyland 45th Anniversary Parade Stars Snake Archer Le",1,Buy it Now,21.95,0-1 oz,TRUE,Not Hazmat,Used,,IMG_2577-10,https://i.ibb.co/LdVqMPv6/IMG-2577-pin-10.jpg,,,,,,,
Disneyana,Disney Pins,Fantasy Flights Mystery Set Accordion Owl Alice & Wonderland,Disneys Fantasy Flights Mystery Pin Set Accordion Owl From Alice &  Wonderland,"Please rely on the photo, rather than the description. Fantasy Flights Mystery Set Accordion Owl Alice & Wonderland",1,Buy it Now,14.0,0-1 oz,TRUE,Not Hazmat,Used,,IMG_2577-11,https://i.ibb.co/ksnntGGw/IMG-2577-pin-11.jpg,,,,,,,
Disneyana,Disney Pins,Princess Frog Character Connection Puzzle Lawrence Le 900,Princess and the Frog Character Connection Puzzle Lawrence LE 900 Disney Pin,"Please rely on the photo, rather than the description. Princess Frog Character Connection Puzzle Lawrence Le 900",1,Buy it Now,29.99,0-1 oz,TRUE,Not Hazmat,Used,,IMG_2577-12,https://i.ibb.co/5WdTqh0w/IMG-2577-pin-12.jpg,,,,,,,
Disneyana,Disney Pins,Meeko Raccoon Character Sidekicks Pocahantas Hidden Mickey 108470,Disney Pin Meeko Raccoon Character Sidekicks Pocahantas Hidden Mickey #108470,"Please rely on the photo, rather than the description. Meeko Raccoon Character Sidekicks Pocahantas Hidden Mickey 108470",1,Buy it Now,4.09,0-1 oz,TRUE,Not Hazmat,Used,,IMG_2577-13,https://i.ibb.co/LDfkTpCJ/IMG-2577-pin-13.jpg,,,,,,,
Disneyana,Disney Pins,- 2020 - Fantasy Pack - Rajah Fanny Pack,Disney Pin - 2020 - Fantasy Pack - Rajah Fanny Pack,"Please rely on the photo, rather than the description. - 2020 - Fantasy Pack - Rajah Fanny Pack",1,Buy it Now,12.0,0-1 oz,TRUE,Not Hazmat,Used,,IMG_2577-14,https://i.ibb.co/DNbXvHV/IMG-2577-pin-14.jpg,,,,,,,
Disneyana,Disney Pins,Parks Angel Kronk Emperor S Groove 2024,Disney Parks Angel Kronk The Emperor's New Groove Pin 2024,"Please rely on the photo, rather than the description. Parks Angel Kronk Emperor S Groove 2024",1,Buy it Now,18.0,0-1 oz,TRUE,Not Hazmat,Used,,IMG_2577-15,https://i.ibb.co/99bpMFMq/IMG-2577-pin-15.jpg,,,,,,,
Disneyana,Disney Pins,Loungefly Princess & Frog Drink Coffee Cup Tiana Mystery E3,Disney Loungefly Princess & The Frog Drink Coffee Cup Tiana Mystery Pin E3,"Please rely on the photo, rather than the description. Loungefly Princess & Frog Drink Coffee Cup Tiana Mystery E3",1,Buy it Now,14.95,0-1 oz,TRUE,Not Hazmat,Used,,IMG_2577-16,https://i.ibb.co/RTBCfWDZ/IMG-2577-pin-16.jpg,,,,,,,
Disneyana,Disney Pins,Shopping Jessica Rabbit 2007 Star Le 1000 Great Condition. Find,Disney Shopping Jessica Rabbit 2007 Star Le 1000 Great condition. Rare Find,"Please rely on the photo, rather than the description. Shopping Jessica Rabbit 2007 Star Le 1000 Great Condition. Find",1,Buy it Now,28.0,0-1 oz,TRUE,Not Hazmat,Used,,IMG_2577-17,https://i.ibb.co/CpRT47kB/IMG-2577-pin-17.jpg,,,,,,,
Disneyana,Disney Pins,Company Annual Shareholders Meeting 2014 Frozen Anna & Elsa,The Walt Disney Company Annual Shareholders Meeting 2014 Frozen Anna & Elsa Pin,"Please rely on the photo, rather than the description. Company Annual Shareholders Meeting 2014 Frozen Anna & Elsa",1,Buy it Now,9.99,0-1 oz,TRUE,Not Hazmat,Used,,IMG_2577-18,https://i.ibb.co/FL6pfRxj/IMG-2577-pin-18.jpg,,,,,,,
Disneyana,Disney Pins,Parks 2024 Mickey S Not So Scary Halloween Party Hocus Pocus,Disney Parks 2024 Mickey's Not So Scary Halloween Party Hocus Pocus Pin New,"Please rely on the photo, rather than the description. Parks 2024 Mickey S Not So Scary Halloween Party Hocus Pocus",1,Buy it Now,19.9,0-1 oz,TRUE,Not Hazmat,Used,,IMG_2577-1,https://i.ibb.co/G3dvbCRP/IMG-2577-pin-1.jpg,,,,,,,
Disneyana,Disney Pins,2023 Magical Mystery 23 Water Bottle Tinker Bell 165449 Trade Ship,Disney Pin 2023 Magical Mystery #23 Water Bottle Tinker Bell #165449 Trade Ship,"Please rely on the photo, rather than the description. 2023 Magical Mystery 23 Water Bottle Tinker Bell 165449 Trade Ship",1,Buy it Now,18.0,0-1 oz,TRUE,Not Hazmat,Used,,IMG_2577-23,https://i.ibb.co/RGn7MJ0P/IMG-2577-pin-23.jpg,,,,,,,
Disneyana,Disney Pins,Beginning Millennium Together Mickey & Minnie Bride Groom Wedding,Disney Pin Beginning the Millennium Together Mickey & Minnie Bride Groom Wedding,"Please rely on the photo, rather than the description. Beginning Millennium Together Mickey & Minnie Bride Groom Wedding",1,Buy it Now,15.99,0-1 oz,TRUE,Not Hazmat,Used,,IMG_2577-24,https://i.ibb.co/hJryjmnW/IMG-2577-pin-24.jpg,,,,,,,
Disneyana,Disney Pins,Dlr Disneyland Original Attraction 2005 Mad Tea Party Surprise Release,DLR Disneyland Original Attraction 2005 Mad Tea Party Surprise Release Pin,"Please rely on the photo, rather than the description. Dlr Disneyland Original Attraction 2005 Mad Tea Party Surprise Release",1,Buy it Now,19.95,0-1 oz,TRUE,Not Hazmat,Used,,IMG_2577-25,https://i.ibb.co/dwZxrTXF/IMG-2577-pin-25.jpg,,,,,,,
Disneyana,Disney Pins,Star Wars Galaxy S Edge Starter Black Spire Outpost Batuu,Star Wars Galaxy's Edge Starter Black Spire Outpost Batuu Disney Pin,"Please rely on the photo, rather than the description. Star Wars Galaxy S Edge Starter Black Spire Outpost Batuu",1,Buy it Now,13.95,0-1 oz,TRUE,Not Hazmat,Used,,IMG_2577-27,https://i.ibb.co/7JL0bt3f/IMG-2577-pin-27.jpg,,,,,,,
Disneyana,Disney Pins,Mickey Mouse Friend - Goofey,"Disney Mickey Mouse and Friend ""Best Day Ever"" Pin - Goofey","Please rely on the photo, rather than the description. Mickey Mouse Friend - Goofey",1,Buy it Now,25.0,0-1 oz,TRUE,Not Hazmat,Used,,IMG_2577-2,https://i.ibb.co/Y7fKPrnt/IMG-2577-pin-2.jpg,,,,,,,
Disneyana,Disney Pins,Parks Star Wars May 4th Be 2023 Greedo Lr -,Disney Parks Star Wars May the 4th Be With You 2023 Pin Greedo LR - NEW,"Please rely on the photo, rather than the description. Parks Star Wars May 4th Be 2023 Greedo Lr -",1,Buy it Now,10.0,0-1 oz,TRUE,Not Hazmat,Used,,IMG_2577-3,https://i.ibb.co/gb888KRT/IMG-2577-pin-3.jpg,,,,,,,
Disneyana,Disney Pins,Flotsam Jetsam Gopinpro Villains Mystery Trade Collection 2025 C9,Flotsam Jetsam GoPinPro Villains Mystery Trade Collection 2025 Disney Pin C9,"Please rely on the photo, rather than the description. Flotsam Jetsam Gopinpro Villains Mystery Trade Collection 2025 C9",1,Buy it Now,17.95,0-1 oz,TRUE,Not Hazmat,Used,,IMG_2577-4,https://i.ibb.co/rRHKSyYS/IMG-2577-pin-4.jpg,,,,,,,
Disneyana,Disney Pins,- Father S Day 2010 - Mickey 1 Dad - Artist Proof,Disney Pin - Father's Day 2010 - Mickey #1 Dad - Artist Proof,"Please rely on the photo, rather than the description. - Father S Day 2010 - Mickey 1 Dad - Artist Proof",1,Buy it Now,25.0,0-1 oz,TRUE,Not Hazmat,Used,,IMG_2577-5,https://i.ibb.co/7dD19g6V/IMG-2577-pin-5.jpg,,,,,,,
Disneyana,Disney Pins,2006 Pirates Caribbean Jail Scene Fab 4,2006 Disney Pirates of the Caribbean Jail Scene Fab 4 Pin,"Please rely on the photo, rather than the description. 2006 Pirates Caribbean Jail Scene Fab 4",1,Buy it Now,22.99,0-1 oz,TRUE,Not Hazmat,Used,,IMG_2577-6,https://i.ibb.co/PZtYjRbH/IMG-2577-pin-6.jpg,,,,,,,
Disneyana,Disney Pins,Institute Exclusive Sailor Goofy Trading,Disney Institute Exclusive Sailor Goofy Trading Pin,"Please rely on the photo, rather than the description. Institute Exclusive Sailor Goofy Trading",1,Buy it Now,25.0,0-1 oz,TRUE,Not Hazmat,Used,,IMG_2577-8,https://i.ibb.co/PGDx8ygp/IMG-2577-pin-8.jpg,,,,,,,
Disneyana,Disney Pins,Elio Pixar,Elio pixar Disney Pin,"Please rely on the photo, rather than the description. Elio Pixar",1,Buy it Now,19.99,0-1 oz,TRUE,Not Hazmat,Used,,IMG_2577-9,https://i.ibb.co/qt4ZRTS/IMG-2577-pin-9.jpg,,,,,,,
Disneyana,Disney Pins,Ds Exclusive Elio Movie Pixar Disneyland World Orlando 2025 F1,DS Exclusive Elio Movie Pixar Disneyland World Orlando 2025 Disney Pin F1,"Please rely on the photo, rather than the description. Ds Exclusive Elio Movie Pixar Disneyland World Orlando 2025 F1",1,Buy it Now,19.95,0-1 oz,TRUE,Not Hazmat,Used,,IMG_2578-10,https://i.ibb.co/rKrYcDDT/IMG-2578-pin-10.jpg,,,,,,,
Disneyana,Disney Pins,Loungefly Tiana Princess Flower Vases Vase Mystery 2025 F8,Loungefly Tiana Princess Flower Vases Vase Mystery 2025 Disney Pin F8,"Please rely on the photo, rather than the description. Loungefly Tiana Princess Flower Vases Vase Mystery 2025 F8",1,Buy it Now,18.95,0-1 oz,TRUE,Not Hazmat,Used,,IMG_2578-11,https://i.ibb.co/9mGkQrGL/IMG-2578-pin-11.jpg,,,,,,,
Disneyana,Disney Pins,Parks 2025 Mickey S Not So Scary Halloween Party Cauldron Mystery,Disney Parks 2025 Mickey's Not So Scary Halloween Party Cauldron Mystery Pin,"Please rely on the photo, rather than the description. Parks 2025 Mickey S Not So Scary Halloween Party Cauldron Mystery",1,Buy it Now,18.0,0-1 oz,TRUE,Not Hazmat,Used,,IMG_2578-13,https://i.ibb.co/mVNB2gPM/IMG-2578-pin-13.jpg,,,,,,,
Disneyana,Disney Pins,Honey Lemon High Tech Heroes Big Hero 6 2022,Disney Pin Honey Lemon High Tech Heroes Big Hero 6 2022,"Please rely on the photo, rather than the description. Honey Lemon High Tech Heroes Big Hero 6 2022",1,Buy it Now,10.0,0-1 oz,TRUE,Not Hazmat,Used,,IMG_2578-14,https://i.ibb.co/Q3rG0sRZ/IMG-2578-pin-14.jpg,,,,,,,
Disneyana,Disney Pins,Rundisney Halloween Half Marathon Pain Panic Chills Thrills Challenge,runDisney Halloween Half Marathon Pain Panic Chills Thrills Challenge Disney Pin,"Please rely on the photo, rather than the description. Rundisney Halloween Half Marathon Pain Panic Chills Thrills Challenge",1,Buy it Now,24.95,0-1 oz,TRUE,Not Hazmat,Used,,IMG_2578-15,https://i.ibb.co/WNLTdRb1/IMG-2578-pin-15.jpg,,,,,,,
Disneyana,Disney Pins,Loungefly Nakia - Wakanda Forever - Funko Pop - Marvel Amazon 2022 G0,Loungefly Nakia - Wakanda Forever - Funko Pop - Marvel Amazon 2022 Disney Pin G0,"Please rely on the photo, rather than the description. Loungefly Nakia - Wakanda Forever - Funko Pop - Marvel Amazon 2022 G0",1,Buy it Now,10.95,0-1 oz,TRUE,Not Hazmat,Used,,IMG_2578-16,https://i.ibb.co/1tpv7TDs/IMG-2578-pin-16.jpg,,,,,,,
Disneyana,Disney Pins,Wdw 30th Anniversary - World Press 100 Years Magic,WDW 30th Anniversary - Walt Disney World Press Pin 100 Years of Magic,"Please rely on the photo, rather than the description. Wdw 30th Anniversary - World Press 100 Years Magic",1,Buy it Now,34.98,0-1 oz,TRUE,Not Hazmat,Used,,IMG_2578-17,https://i.ibb.co/6cRzLjLf/IMG-2578-pin-17.jpg,,,,,,,
Disneyana,Disney Pins,5615 Mickey Mouse Star Festival 2001 Tokyo,Disney Pin 5615 Mickey Mouse Star Festival 2001 Tokyo Pin,"Please rely on the photo, rather than the description. 5615 Mickey Mouse Star Festival 2001 Tokyo",1,Buy it Now,45.0,0-1 oz,TRUE,Not Hazmat,Used,,IMG_2578-19,https://i.ibb.co/VY1wGMRY/IMG-2578-pin-19.jpg,,,,,,,
Disneyana,Disney Pins,100 Years Dreams 12 Rocketeer 1991,Disney 100 Years of Dreams #12  The Rocketeer 1991 Pin,"Please rely on the photo, rather than the description. 100 Years Dreams 12 Rocketeer 1991",1,Buy it Now,39.99,0-1 oz,TRUE,Not Hazmat,Used,,IMG_2578-20,https://i.ibb.co/vxf78rsB/IMG-2578-pin-20.jpg,,,,,,,
Disneyana,Disney Pins,2025 Parks Stitch Acrylic 3d Silver Frame Oe -,2025 Disney Parks Stitch Acrylic 3D Silver Frame OE Pin - New,"Please rely on the photo, rather than the description. 2025 Parks Stitch Acrylic 3d Silver Frame Oe -",1,Buy it Now,19.5,0-1 oz,TRUE,Not Hazmat,Used,,IMG_2578-21,https://i.ibb.co/tMFq6H6x/IMG-2578-pin-21.jpg,,,,,,,
Disneyana,Disney Pins,Alice Wonderland Queen Hearts White Rabbit Dodo Bird,DISNEY Pin Alice in Wonderland Queen of Hearts White Rabbit Dodo Bird NEW,"Please rely on the photo, rather than the description. Alice Wonderland Queen Hearts White Rabbit Dodo Bird",1,Buy it Now,12.99,0-1 oz,TRUE,Not Hazmat,Used,,IMG_2578-22,https://i.ibb.co/1fH1VzRJ/IMG-2578-pin-22.jpg,,,,,,,
Disneyana,Disney Pins,Zootopia Officer Grizzoli Police Zpd,Disney Zootopia Officer Grizzoli Police ZPD Pin,"Please rely on the photo, rather than the description. Zootopia Officer Grizzoli Police Zpd",1,Buy it Now,10.0,0-1 oz,TRUE,Not Hazmat,Used,,IMG_2578-23,https://i.ibb.co/JW85STzk/IMG-2578-pin-23.jpg,,,,,,,
Disneyana,Disney Pins,Tiana S Bayou Adventure Poster Jazz Band,Tiana's Bayou Adventure Poster Disney Pin Jazz Band Only (A),"Please rely on the photo, rather than the description. Tiana S Bayou Adventure Poster Jazz Band",1,Buy it Now,19.95,0-1 oz,TRUE,Not Hazmat,Used,,IMG_2578-24,https://i.ibb.co/279vG45F/IMG-2578-pin-24.jpg,,,,,,,
Disneyana,Disney Pins,Baymax Honey Lemon Armor Big Hero 6 Mystery,Baymax And Honey Lemon Armor Big Hero 6 Mystery Disney Pin (D3),"Please rely on the photo, rather than the description. Baymax Honey Lemon Armor Big Hero 6 Mystery",1,Buy it Now,18.0,0-1 oz,TRUE,Not Hazmat,Used,,IMG_2578-25,https://i.ibb.co/fztdQX4Q/IMG-2578-pin-25.jpg,,,,,,,
Disneyana,Disney Pins,Pit Droids - Star Wars - Tatooine - Mystery 2022 A1,Pit Droids - Star Wars - Tatooine - Mystery  2022 Disney Pin A1,"Please rely on the photo, rather than the description. Pit Droids - Star Wars - Tatooine - Mystery 2022 A1",1,Buy it Now,16.95,0-1 oz,TRUE,Not Hazmat,Used,,IMG_2578-26,https://i.ibb.co/qMnB3h7f/IMG-2578-pin-26.jpg,,,,,,,
Disneyana,Disney Pins,Hocus Pocus Tarot Card Villain Spelltacular,Disney Hocus Pocus Tarot Card Villain Spelltacular Disney Pin,"Please rely on the photo, rather than the description. Hocus Pocus Tarot Card Villain Spelltacular",1,Buy it Now,45.0,0-1 oz,TRUE,Not Hazmat,Used,,IMG_2578-27,https://i.ibb.co/Kc8M2fGq/IMG-2578-pin-27.jpg,,,,,,,
Disneyana,Disney Pins,Hong Kong Disneyland Hkdl Cheshire Cat Tsum Tsum Popcorn Hidden Mickey,Hong Kong Disneyland HKDL Cheshire Cat Tsum Tsum Popcorn Hidden Mickey Pin (A3),"Please rely on the photo, rather than the description. Hong Kong Disneyland Hkdl Cheshire Cat Tsum Tsum Popcorn Hidden Mickey",1,Buy it Now,37.95,0-1 oz,TRUE,Not Hazmat,Used,,IMG_2578-29,https://i.ibb.co/gbKtBCV4/IMG-2578-pin-29.jpg,,,,,,,
Disneyana,Disney Pins,Funko Pop - Pixar - Joy - Inside Out - - Vinyl Figure - Approx 2.25,"Funko POP! - Disney Pixar - Joy - Inside Out - Pin - Vinyl Figure - Approx 2.25""","Please rely on the photo, rather than the description. Funko Pop - Pixar - Joy - Inside Out - - Vinyl Figure - Approx 2.25",1,Buy it Now,13.79,0-1 oz,TRUE,Not Hazmat,Used,,IMG_2578-2,https://i.ibb.co/tpYVSkKM/IMG-2578-pin-2.jpg,,,,,,,
Disneyana,Disney Pins,Dlr 45th Parade Stars Centaur Dancing Flamingo,Disney DLR 45th Parade of Stars CENTAUR Dancing Flamingo pin,"Please rely on the photo, rather than the description. Dlr 45th Parade Stars Centaur Dancing Flamingo",1,Buy it Now,45.0,0-1 oz,TRUE,Not Hazmat,Used,,IMG_2578-30,https://i.ibb.co/Css87HMv/IMG-2578-pin-30.jpg,,,,,,,
Disneyana,Disney Pins,Goofy Driving His Car Travel 2001,Disney GOOFY Driving His CAR Travel 2001 pin,"Please rely on the photo, rather than the description. Goofy Driving His Car Travel 2001",1,Buy it Now,45.0,0-1 oz,TRUE,Not Hazmat,Used,,IMG_2578-31,https://i.ibb.co/5W1Whtds/IMG-2578-pin-31.jpg,,,,,,,
Disneyana,Disney Pins,Animal Kingdom Expedition Everest Myst. Tiger Mask Flames No Box,Disney Animal Kingdom Expedition Everest Myst. Pin Tiger Mask Flames NEW No Box,"Please rely on the photo, rather than the description. Animal Kingdom Expedition Everest Myst. Tiger Mask Flames No Box",1,Buy it Now,15.0,0-1 oz,TRUE,Not Hazmat,Used,,IMG_2578-32,https://i.ibb.co/nHXZvzq/IMG-2578-pin-32.jpg,,,,,,,
Disneyana,Disney Pins,Trading 84424 Pirates Caribbean Stranger Tides Reveal,Disney Trading Pin 84424: Pirates of the Caribbean On Stranger Tides Reveal ,"Please rely on the photo, rather than the description. Trading 84424 Pirates Caribbean Stranger Tides Reveal",1,Buy it Now,10.99,0-1 oz,TRUE,Not Hazmat,Used,,IMG_2578-33,https://i.ibb.co/TBCHjqCH/IMG-2578-pin-33.jpg,,,,,,,
Disneyana,Disney Pins,Dlr Disneyland 45 Years Magic Parade,Disney Pin DLR Disneyland 45 Years of Magic Parade Pin,"Please rely on the photo, rather than the description. Dlr Disneyland 45 Years Magic Parade",1,Buy it Now,14.95,0-1 oz,TRUE,Not Hazmat,Used,,IMG_2578-34,https://i.ibb.co/Kp3dBqSL/IMG-2578-pin-34.jpg,,,,,,,
Disneyana,Disney Pins,Boxlunch 2023 Hocus Pocus Sanderson Sisters Black Flame Candle Trade,Disney Boxlunch Pin 2023 Hocus Pocus Sanderson Sisters Black Flame Candle Trade,"Please rely on the photo, rather than the description. Boxlunch 2023 Hocus Pocus Sanderson Sisters Black Flame Candle Trade",1,Buy it Now,19.0,0-1 oz,TRUE,Not Hazmat,Used,,IMG_2578-4,https://i.ibb.co/JWSj6ttT/IMG-2578-pin-4.jpg,,,,,,,
Disneyana,Disney Pins,Epcot Food & Wine Festival 2025 Daisy Duck Fork Knife Mystery Lr,Disney Epcot Food & Wine Festival 2025 Daisy Duck Fork Knife Mystery LR Pin,"Please rely on the photo, rather than the description. Epcot Food & Wine Festival 2025 Daisy Duck Fork Knife Mystery Lr",1,Buy it Now,19.99,0-1 oz,TRUE,Not Hazmat,Used,,IMG_2578-7,https://i.ibb.co/49QKv5S/IMG-2578-pin-7.jpg,,,,,,,
Disneyana,Disney Pins,Lion King 30th Anniversary Young Simba Timon Juggling Bugs,Disney Lion King 30th Anniversary Young Simba and Timon Juggling Bugs Pin,"Please rely on the photo, rather than the description. Lion King 30th Anniversary Young Simba Timon Juggling Bugs",1,Buy it Now,14.99,0-1 oz,TRUE,Not Hazmat,Used,,IMG_2578-9,https://i.ibb.co/xSZFghSr/IMG-2578-pin-9.jpg,,,,,,,
Disneyana,Disney Pins,Lock - Nightmare Before Christmas -,Lock - Nightmare Before Christmas Disney Pin - NEW,"Please rely on the photo, rather than the description. Lock - Nightmare Before Christmas -",1,Buy it Now,27.0,0-1 oz,TRUE,Not Hazmat,Used,,IMG_2579-10,https://i.ibb.co/q3vHRVQq/IMG-2579-pin-10.jpg,,,,,,,
Disneyana,Disney Pins,Captain America Thor Iron Man Cartoon Character Marvel Avengers,Disney Captain America Thor Iron Man Cartoon Character Marvel Avengers Pin (C),"Please rely on the photo, rather than the description. Captain America Thor Iron Man Cartoon Character Marvel Avengers",1,Buy it Now,12.95,0-1 oz,TRUE,Not Hazmat,Used,,IMG_2579-11,https://i.ibb.co/nM5B3FSH/IMG-2579-pin-11.jpg,,,,,,,
Disneyana,Disney Pins,Figpin - Joy - Inside Out 2 Mystery Series 1 2025 B9,FiGPiN - Joy - Inside Out 2 Mystery Series 1 2025 Disney Pin B9,"Please rely on the photo, rather than the description. Figpin - Joy - Inside Out 2 Mystery Series 1 2025 B9",1,Buy it Now,17.95,0-1 oz,TRUE,Not Hazmat,Used,,IMG_2579-12,https://i.ibb.co/sdrXWnY5/IMG-2579-pin-12.jpg,,,,,,,
Disneyana,Disney Pins,2024 Mystery Hexagon Lion King Laughing Face Hyena,Disney Pin 2024 Mystery Hexagon Lion King Laughing Face Hyena,"Please rely on the photo, rather than the description. 2024 Mystery Hexagon Lion King Laughing Face Hyena",1,Buy it Now,16.95,0-1 oz,TRUE,Not Hazmat,Used,,IMG_2579-13,https://i.ibb.co/F47p0D0N/IMG-2579-pin-13.jpg,,,,,,,
Disneyana,Disney Pins,Parks Epcot World Showcase American Adventure Mickey Mouse Drummer,Disney Parks Epcot World Showcase American Adventure Mickey Mouse Drummer Pin,"Please rely on the photo, rather than the description. Parks Epcot World Showcase American Adventure Mickey Mouse Drummer",1,Buy it Now,19.9,0-1 oz,TRUE,Not Hazmat,Used,,IMG_2579-14,https://i.ibb.co/h1TJNmCc/IMG-2579-pin-14.jpg,,,,,,,
Disneyana,Disney Pins,Wdw White Rabbit Running Late Pocket Watch Alice Wonderland,DISNEY WDW WHITE RABBIT RUNNING LATE WITH POCKET WATCH ALICE IN WONDERLAND PIN,"Please rely on the photo, rather than the description. Wdw White Rabbit Running Late Pocket Watch Alice Wonderland",1,Buy it Now,29.99,0-1 oz,TRUE,Not Hazmat,Used,,IMG_2579-15,https://i.ibb.co/WWj9ffcR/IMG-2579-pin-15.jpg,,,,,,,
Disneyana,Disney Pins,2024 Parks Dole Whip Stitch Attacks Snacks Angel,2024 Disney Parks With Dole Whip Pin Stitch Attacks Snacks NEW ANGEL ONLY,"Please rely on the photo, rather than the description. 2024 Parks Dole Whip Stitch Attacks Snacks Angel",1,Buy it Now,10.0,0-1 oz,TRUE,Not Hazmat,Used,,IMG_2579-16,https://i.ibb.co/qwggCPY/IMG-2579-pin-16.jpg,,,,,,,
Disneyana,Disney Pins,Trading 185236 R5-d4 - Star Wars Mandalorian Astromech Set,Disney Trading Pin 185236 R5-D4 - Star Wars: The Mandalorian Astromech Set,"Please rely on the photo, rather than the description. Trading 185236 R5-d4 - Star Wars Mandalorian Astromech Set",1,Buy it Now,10.0,0-1 oz,TRUE,Not Hazmat,Used,,IMG_2579-18,https://i.ibb.co/S7Xj775F/IMG-2579-pin-18.jpg,,,,,,,
Disneyana,Disney Pins,- Haunted Mansion 2023 Mystery - Constance Bride,Disney - Haunted Mansion 2023 Mystery Pin - Constance the Bride,"Please rely on the photo, rather than the description. - Haunted Mansion 2023 Mystery - Constance Bride",1,Buy it Now,12.49,0-1 oz,TRUE,Not Hazmat,Used,,IMG_2579-19,https://i.ibb.co/G4g82mz5/IMG-2579-pin-19.jpg,,,,,,,
Disneyana,Disney Pins,Parks Metallic Balloon Baymax,New Disney Parks Metallic Balloon Baymax Pin ,"Please rely on the photo, rather than the description. Parks Metallic Balloon Baymax",1,Buy it Now,12.96,0-1 oz,TRUE,Not Hazmat,Used,,IMG_2579-1,https://i.ibb.co/3mMhvVhZ/IMG-2579-pin-1.jpg,,,,,,,
Disneyana,Disney Pins,Wdw Character Crest Mickey,Disney WDW Character Crest Mickey Pin,"Please rely on the photo, rather than the description. Wdw Character Crest Mickey",1,Buy it Now,39.0,0-1 oz,TRUE,Not Hazmat,Used,,IMG_2579-21,https://i.ibb.co/bTyY15b/IMG-2579-pin-21.jpg,,,,,,,
Disneyana,Disney Pins,Villains Smiles Smirks Sneers Mystery Hans,Villains Smiles Smirks and Sneers Mystery Hans Disney Pin (D6),"Please rely on the photo, rather than the description. Villains Smiles Smirks Sneers Mystery Hans",1,Buy it Now,12.95,0-1 oz,TRUE,Not Hazmat,Used,,IMG_2579-22,https://i.ibb.co/j9rvbVVw/IMG-2579-pin-22.jpg,,,,,,,
Disneyana,Disney Pins,Dlr 2024 Hidden Mickey Star Wars Galaxy Creatures Tauntaun 162757,DLR 2024 Hidden Mickey Star Wars Galaxy Creatures TaunTaun Disney Pin 162757,"Please rely on the photo, rather than the description. Dlr 2024 Hidden Mickey Star Wars Galaxy Creatures Tauntaun 162757",1,Buy it Now,9.95,0-1 oz,TRUE,Not Hazmat,Used,,IMG_2579-23,https://i.ibb.co/mrk4s9mc/IMG-2579-pin-23.jpg,,,,,,,
Disneyana,Disney Pins,Tdr Tds Mickey Mouse 3rd Anniversary,TDR TDS Mickey Mouse 3rd Anniversary Pin Disney Pin (B5),"Please rely on the photo, rather than the description. Tdr Tds Mickey Mouse 3rd Anniversary",1,Buy it Now,11.95,0-1 oz,TRUE,Not Hazmat,Used,,IMG_2579-24,https://i.ibb.co/Nd6HxFQQ/IMG-2579-pin-24.jpg,,,,,,,
Disneyana,Disney Pins,Loungefly Kraken Alien Remix Mystery Blind Box Nemo Pixar,Loungefly Kraken Alien Remix Mystery Blind Box Nemo Pixar Disney Pin,"Please rely on the photo, rather than the description. Loungefly Kraken Alien Remix Mystery Blind Box Nemo Pixar",1,Buy it Now,19.95,0-1 oz,TRUE,Not Hazmat,Used,,IMG_2579-28,https://i.ibb.co/G4zV5B87/IMG-2579-pin-28.jpg,,,,,,,
Disneyana,Disney Pins,D23 Expo Pinocchio Maps Box Set Le Wdi Mog Glendale Gideon,Disney D23 EXPO Pinocchio Maps Pin Box Set LE WDI MOG Glendale Gideon ONLY,"Please rely on the photo, rather than the description. D23 Expo Pinocchio Maps Box Set Le Wdi Mog Glendale Gideon",1,Buy it Now,45.0,0-1 oz,TRUE,Not Hazmat,Used,,IMG_2579-2,https://i.ibb.co/YFVrTDDf/IMG-2579-pin-2.jpg,,,,,,,
Disneyana,Disney Pins,Year 2000 World,Disney Year 2000 Pin Walt Disney World Collectible,"Please rely on the photo, rather than the description. Year 2000 World",1,Buy it Now,15.79,0-1 oz,TRUE,Not Hazmat,Used,,IMG_2579-30,https://i.ibb.co/bgTBC8qt/IMG-2579-pin-30.jpg,,,,,,,
Disneyana,Disney Pins,Trading Mr. Toad Toys Character Jack-in-the-box Set Diamondback,Disney Trading Pin  Mr. Toad Toys Character Jack-in-the-Box Set Diamondback,"Please rely on the photo, rather than the description. Trading Mr. Toad Toys Character Jack-in-the-box Set Diamondback",1,Buy it Now,11.5,0-1 oz,TRUE,Not Hazmat,Used,,IMG_2579-32,https://i.ibb.co/9kPnpvcW/IMG-2579-pin-32.jpg,,,,,,,
Disneyana,Disney Pins,Vintage Minnie Mouse Gold Tone,Disney Vintage Minnie Mouse Gold Tone Lapel Pin,"Please rely on the photo, rather than the description. Vintage Minnie Mouse Gold Tone",1,Buy it Now,45.0,0-1 oz,TRUE,Not Hazmat,Used,,IMG_2579-34,https://i.ibb.co/XxLc9jxc/IMG-2579-pin-34.jpg,,,,,,,
Disneyana,Disney Pins,Trading 176071 Ursula S Cauldron Food Bowl Figaro Pets Outfits Set,Disney Trading Pin  176071 URSULA'S CAULDRON FOOD BOWL FIGARO PETS OUTFITS SET,"Please rely on the photo, rather than the description. Trading 176071 Ursula S Cauldron Food Bowl Figaro Pets Outfits Set",1,Buy it Now,10.0,0-1 oz,TRUE,Not Hazmat,Used,,IMG_2579-35,https://i.ibb.co/JwGQGqRS/IMG-2579-pin-35.jpg,,,,,,,
Disneyana,Disney Pins,Parks Sweet Dreams Mystery Lion King Simba,Disney Parks Sweet Dreams Mystery Lion King Simba Pin,"Please rely on the photo, rather than the description. Parks Sweet Dreams Mystery Lion King Simba",1,Buy it Now,9.95,0-1 oz,TRUE,Not Hazmat,Used,,IMG_2579-39,https://i.ibb.co/WvQXP0j3/IMG-2579-pin-39.jpg,,,,,,,
Disneyana,Disney Pins,Yokai Mask Mr Robert Callaghan Big Hero 6 2022,Yokai Mask Mr Robert Callaghan Big Hero 6 2022 Disney Pin,"Please rely on the photo, rather than the description. Yokai Mask Mr Robert Callaghan Big Hero 6 2022",1,Buy it Now,14.99,0-1 oz,TRUE,Not Hazmat,Used,,IMG_2579-3,https://i.ibb.co/YBXZM4Dj/IMG-2579-pin-3.jpg,,,,,,,
Disneyana,Disney Pins,Jeff Gordon Race Winner Michigan Pepsi 400 August 16th 1998 Lk,Jeff Gordon Race Winner Michigan Pepsi 400 August 16th 1998 Lk!,"Please rely on the photo, rather than the description. Jeff Gordon Race Winner Michigan Pepsi 400 August 16th 1998 Lk",1,Buy it Now,10.0,0-1 oz,TRUE,Not Hazmat,Used,,IMG_2579-41,https://i.ibb.co/CswDHJC1/IMG-2579-pin-41.jpg,,,,,,,
Disneyana,Disney Pins,Stitch Attack Snacks Angel Churros,Disney stitch attack snacks Angel with churros pin,"Please rely on the photo, rather than the description. Stitch Attack Snacks Angel Churros",1,Buy it Now,10.0,0-1 oz,TRUE,Not Hazmat,Used,,IMG_2579-42,https://i.ibb.co/VY7ZFxqH/IMG-2579-pin-42.jpg,,,,,,,
Disneyana,Disney Pins,Mickey Minnie Mouse Administrative Professionals Day Office Work Le,Mickey Minnie Mouse Administrative Professionals Day Office Work Disney Pin LE,"Please rely on the photo, rather than the description. Mickey Minnie Mouse Administrative Professionals Day Office Work Le",1,Buy it Now,19.99,0-1 oz,TRUE,Not Hazmat,Used,,IMG_2579-44,https://i.ibb.co/d0sMs3gC/IMG-2579-pin-44.jpg,,,,,,,
Disneyana,Disney Pins,Minnie Mouse Dcl Cruise Line Lookout Cay Lighthouse Point Junkanoo,Minnie Mouse DCL Disney Cruise Line LOOKOUT CAY Lighthouse Point Junkanoo PIN,"Please rely on the photo, rather than the description. Minnie Mouse Dcl Cruise Line Lookout Cay Lighthouse Point Junkanoo",1,Buy it Now,49.99,0-1 oz,TRUE,Not Hazmat,Used,,IMG_2579-4,https://i.ibb.co/3n3bLVS/IMG-2579-pin-4.jpg,,,,,,,
Disneyana,Disney Pins,121329 Star Wars Rogue One Orson Krennic Empire Imperial Crest Blue,Disney pin 121329 Star Wars Rogue One Orson Krennic Empire Imperial crest blue,"Please rely on the photo, rather than the description. 121329 Star Wars Rogue One Orson Krennic Empire Imperial Crest Blue",1,Buy it Now,14.99,0-1 oz,TRUE,Not Hazmat,Used,,IMG_2579-5,https://i.ibb.co/TqwWqrGN/IMG-2579-pin-5.jpg,,,,,,,
Disneyana,Disney Pins,2025 - Winnie Pooh Piglet - Adventures Winnie Pooh -,2025 - Winnie the Pooh and Piglet - Adventures of Winnie the Pooh - Disney Pin,"Please rely on the photo, rather than the description. 2025 - Winnie Pooh Piglet - Adventures Winnie Pooh -",1,Buy it Now,12.07,0-1 oz,TRUE,Not Hazmat,Used,,IMG_2579-6,https://i.ibb.co/1fG9G9Bw/IMG-2579-pin-6.jpg,,,,,,,
Disneyana,Disney Pins,2015 Junior Mystery Box Bones 109476 Trade,Disney Pin 2015 Disney Junior Mystery Box Bones #109476 Trade Free Shipping,"Please rely on the photo, rather than the description. 2015 Junior Mystery Box Bones 109476 Trade",1,Buy it Now,18.0,0-1 oz,TRUE,Not Hazmat,Used,,IMG_2579-8,https://i.ibb.co/27Y1m88v/IMG-2579-pin-8.jpg,,,,,,,
Disneyana,Disney Pins,Loungefly Pixar Records - Woody & Buzz Lightyear Toy Story Record,Disney Loungefly Pixar Records Pin - Woody & Buzz Lightyear Toy Story Record,"Please rely on the photo, rather than the description. Loungefly Pixar Records - Woody & Buzz Lightyear Toy Story Record",1,Buy it Now,11.0,0-1 oz,TRUE,Not Hazmat,Used,,IMG_2579-9,https://i.ibb.co/3YCFpLbZ/IMG-2579-pin-9.jpg,,,,,,,
Disneyana,Disney Pins,Asha Star - Wish -,Asha and Star Pin - Wish - NEW,"Please rely on the photo, rather than the description. Asha Star - Wish -",1,Buy it Now,38.0,0-1 oz,TRUE,Not Hazmat,Used,,IMG_2580-10,https://i.ibb.co/DDyHBMdL/IMG-2580-pin-10.jpg,,,,,,,
Disneyana,Disney Pins,Cruise Line Dcl 2021 Captain Mickey Minnie,NEW Disney Cruise Line DCL 2021 Captain Mickey And Minnie Pin,"Please rely on the photo, rather than the description. Cruise Line Dcl 2021 Captain Mickey Minnie",1,Buy it Now,18.0,0-1 oz,TRUE,Not Hazmat,Used,,IMG_2580-13,https://i.ibb.co/s9KVkZ71/IMG-2580-pin-13.jpg,,,,,,,
Disneyana,Disney Pins,Trading Pins-2017 Adventureland Tsum Tsum-tiki God,Disney Trading Pins-2017 Adventureland Tsum Tsum-Tiki God,"Please rely on the photo, rather than the description. Trading Pins-2017 Adventureland Tsum Tsum-tiki God",1,Buy it Now,7.99,0-1 oz,TRUE,Not Hazmat,Used,,IMG_2580-14,https://i.ibb.co/WpxLnWrg/IMG-2580-pin-14.jpg,,,,,,,
Disneyana,Disney Pins,Destination D23 Mog Destinations Mystery Mickey Sign Le 500,DESTINATION D23 MOG Disney Destinations Mystery Pin Mickey Sign LE 500,"Please rely on the photo, rather than the description. Destination D23 Mog Destinations Mystery Mickey Sign Le 500",1,Buy it Now,50.0,0-1 oz,TRUE,Not Hazmat,Used,,IMG_2580-15,https://i.ibb.co/ym9fg4KH/IMG-2580-pin-15.jpg,,,,,,,
Disneyana,Disney Pins,Lady Baseball Cap Hat Magical Mystery Lady Tramp,Disney Pin Lady Baseball Cap Hat Magical Mystery Pin Lady and the Tramp,"Please rely on the photo, rather than the description. Lady Baseball Cap Hat Magical Mystery Lady Tramp",1,Buy it Now,12.95,0-1 oz,TRUE,Not Hazmat,Used,,IMG_2580-16,https://i.ibb.co/zhpkvmKw/IMG-2580-pin-16.jpg,,,,,,,
Disneyana,Disney Pins,Open Edition Oe - Maleficent Chibi Booster Pack,Disney Pin Open Edition OE - Maleficent Chibi from booster pack,"Please rely on the photo, rather than the description. Open Edition Oe - Maleficent Chibi Booster Pack",1,Buy it Now,9.99,0-1 oz,TRUE,Not Hazmat,Used,,IMG_2580-18,https://i.ibb.co/35hhCqL7/IMG-2580-pin-18.jpg,,,,,,,
Disneyana,Disney Pins,Limited Edition Travel Mickey Mouse Single,Disney Limited Edition Travel Mickey Mouse Single Pin Collectible,"Please rely on the photo, rather than the description. Limited Edition Travel Mickey Mouse Single",1,Buy it Now,65.0,0-1 oz,TRUE,Not Hazmat,Used,,IMG_2580-19,https://i.ibb.co/WptR8xBT/IMG-2580-pin-19.jpg,,,,,,,
Disneyana,Disney Pins,Wine Dine 2024 Marathon Weekend Tiana 10k Limited Edition Medal,Disney Wine Dine 2024 Marathon Weekend TIANA 10K Limited Edition Medal Pin NEW,"Please rely on the photo, rather than the description. Wine Dine 2024 Marathon Weekend Tiana 10k Limited Edition Medal",1,Buy it Now,19.77,0-1 oz,TRUE,Not Hazmat,Used,,IMG_2580-1,https://i.ibb.co/65XG8rn/IMG-2580-pin-1.jpg,,,,,,,
Disneyana,Disney Pins,2023 Christmas Wreath Mystery - Dumbo 159617,Disney Pin 2023 Christmas Wreath Mystery - Dumbo [159617],"Please rely on the photo, rather than the description. 2023 Christmas Wreath Mystery - Dumbo 159617",1,Buy it Now,14.0,0-1 oz,TRUE,Not Hazmat,Used,,IMG_2580-20,https://i.ibb.co/S4Gq4pxz/IMG-2580-pin-20.jpg,,,,,,,
Disneyana,Disney Pins,Big Al Purple Chaser Hidden Mickey Country Bear Jamboree Guitar Ll,Big Al Purple Chaser Pin Disney  Hidden Mickey Country Bear Jamboree Guitar LL,"Please rely on the photo, rather than the description. Big Al Purple Chaser Hidden Mickey Country Bear Jamboree Guitar Ll",1,Buy it Now,15.0,0-1 oz,TRUE,Not Hazmat,Used,,IMG_2580-21,https://i.ibb.co/qLFNkZwp/IMG-2580-pin-21.jpg,,,,,,,
Disneyana,Disney Pins,2025 Annual Passholder Epcot Figment Lr,Disney 2025 Annual Passholder Epcot Figment LR Pin,"Please rely on the photo, rather than the description. 2025 Annual Passholder Epcot Figment Lr",1,Buy it Now,30.0,0-1 oz,TRUE,Not Hazmat,Used,,IMG_2580-22,https://i.ibb.co/Wvv8H9mP/IMG-2580-pin-22.jpg,,,,,,,
Disneyana,Disney Pins,Emily Binx - Letter S - Halloween - Mystery - Hocus Pocus - Lr 178140,Emily Binx - Letter S - Halloween - Mystery - Hocus Pocus - LR Disney Pin 178140,"Please rely on the photo, rather than the description. Emily Binx - Letter S - Halloween - Mystery - Hocus Pocus - Lr 178140",1,Buy it Now,30.0,0-1 oz,TRUE,Not Hazmat,Used,,IMG_2580-23,https://i.ibb.co/nsnPwyCM/IMG-2580-pin-23.jpg,,,,,,,
Disneyana,Disney Pins,Wdw Villains Sidekicks Booster Pain & Panic Hercules 155794,New WDW Disney Villains Sidekicks Booster Pain & Panic Hercules Pin [155794],"Please rely on the photo, rather than the description. Wdw Villains Sidekicks Booster Pain & Panic Hercules 155794",1,Buy it Now,12.99,0-1 oz,TRUE,Not Hazmat,Used,,IMG_2580-24,https://i.ibb.co/LhR59Ztv/IMG-2580-pin-24.jpg,,,,,,,
Disneyana,Disney Pins,Card- Yokai Big Hero 6 Arms Open Star Wars Jawa Jafar Hat Bird,ON CARD- Disney Pins Yokai Big Hero 6 Arms Open Star Wars Jawa Jafar Hat Bird,"Please rely on the photo, rather than the description. Card- Yokai Big Hero 6 Arms Open Star Wars Jawa Jafar Hat Bird",1,Buy it Now,11.99,0-1 oz,TRUE,Not Hazmat,Used,,IMG_2580-25,https://i.ibb.co/cKVZHh1Q/IMG-2580-pin-25.jpg,,,,,,,
Disneyana,Disney Pins,Leave Legacy Gift,Disney Leave a legacy gift pin,"Please rely on the photo, rather than the description. Leave Legacy Gift",1,Buy it Now,24.99,0-1 oz,TRUE,Not Hazmat,Used,,IMG_2580-27,https://i.ibb.co/Q3hPcm4Z/IMG-2580-pin-27.jpg,,,,,,,
Disneyana,Disney Pins,Catalog Nightmare Before Christmas 13 Days 1 Jack Web Le 1000 Set,DISNEY CATALOG NIGHTMARE BEFORE CHRISTMAS 13 DAYS #1 JACK WEB LE 1000 PIN SET,"Please rely on the photo, rather than the description. Catalog Nightmare Before Christmas 13 Days 1 Jack Web Le 1000 Set",1,Buy it Now,28.99,0-1 oz,TRUE,Not Hazmat,Used,,IMG_2580-29,https://i.ibb.co/6cnkJc12/IMG-2580-pin-29.jpg,,,,,,,
Disneyana,Disney Pins,Disneyland 70th Anniversary I There July 17 2025 Mickey,Disneyland 70th Anniversary I Was There July 17 2025 Mickey Pin,"Please rely on the photo, rather than the description. Disneyland 70th Anniversary I There July 17 2025 Mickey",1,Buy it Now,39.99,0-1 oz,TRUE,Not Hazmat,Used,,IMG_2580-2,https://i.ibb.co/0jJ2MYhm/IMG-2580-pin-2.jpg,,,,,,,
Disneyana,Disney Pins,Palm - Tiana Pumpkin - Princess Royal Harvest Le 300,Disney PALM - Tiana Pumpkin - Princess Royal Harvest LE 300 Pin,"Please rely on the photo, rather than the description. Palm - Tiana Pumpkin - Princess Royal Harvest Le 300",1,Buy it Now,44.95,0-1 oz,TRUE,Not Hazmat,Used,,IMG_2580-3,https://i.ibb.co/W8JPy0b/IMG-2580-pin-3.jpg,,,,,,,
Disneyana,Disney Pins,Trading Monkey Coco Alebrijes Mystery Pixar Green Monkey,Disney Trading Pins Monkey Coco Alebrijes Mystery Pixar Green Monkey (15),"Please rely on the photo, rather than the description. Trading Monkey Coco Alebrijes Mystery Pixar Green Monkey",1,Buy it Now,14.95,0-1 oz,TRUE,Not Hazmat,Used,,IMG_2580-4,https://i.ibb.co/jvCkX53G/IMG-2580-pin-4.jpg,,,,,,,
Disneyana,Disney Pins,Dca Food Wine Festival 2022 Mickey Partners,Disney Pin DCA Food and Wine Festival 2022 Walt Disney and Mickey Partners,"Please rely on the photo, rather than the description. Dca Food Wine Festival 2022 Mickey Partners",1,Buy it Now,16.0,0-1 oz,TRUE,Not Hazmat,Used,,IMG_2580-5,https://i.ibb.co/9kRtcKk3/IMG-2580-pin-5.jpg,,,,,,,
Disneyana,Disney Pins,Parks Pluto Popping Out Pumpkin Halloween 2024,Disney Parks Pluto Popping out of Pumpkin Halloween 2024 Pin NEW,"Please rely on the photo, rather than the description. Parks Pluto Popping Out Pumpkin Halloween 2024",1,Buy it Now,9.99,0-1 oz,TRUE,Not Hazmat,Used,,IMG_2580-6,https://i.ibb.co/KpJT0nDb/IMG-2580-pin-6.jpg,,,,,,,
Disneyana,Disney Pins,Epcot Flower Garden 2022 Mickey Little Dirt Never Hurt Limited,Disney Epcot Flower Garden 2022 Mickey Little Dirt Never Hurt Limited Pin,"Please rely on the photo, rather than the description. Epcot Flower Garden 2022 Mickey Little Dirt Never Hurt Limited",1,Buy it Now,8.0,0-1 oz,TRUE,Not Hazmat,Used,,IMG_2580-7,https://i.ibb.co/LdSTC6Xx/IMG-2580-pin-7.jpg,,,,,,,
Disneyana,Disney Pins,Merry Stitchmas Christmas Mystery Stitch Present,New Disney Merry Stitchmas Christmas Mystery Pin Stitch in Present,"Please rely on the photo, rather than the description. Merry Stitchmas Christmas Mystery Stitch Present",1,Buy it Now,15.0,0-1 oz,TRUE,Not Hazmat,Used,,IMG_2580-8,https://i.ibb.co/PvZQQrgS/IMG-2580-pin-8.jpg,,,,,,,
Disneyana,Disney Pins,Parks Star Wars Mystery Set- Darth Vader,Disney Parks Star Wars Mystery Set- Darth Vader,"Please rely on the photo, rather than the description. Parks Star Wars Mystery Set- Darth Vader",1,Buy it Now,14.98,0-1 oz,TRUE,Not Hazmat,Used,,IMG_2580-9,https://i.ibb.co/hFJPW1yw/IMG-2580-pin-9.jpg,,,,,,,
Disneyana,Disney Pins,Loungefly Rabbit Winnie Pooh Snowflakes Snowflake Mystery 2025 F8,Loungefly Rabbit Winnie the Pooh Snowflakes Snowflake Mystery 2025 Disney Pin F8,"Please rely on the photo, rather than the description. Loungefly Rabbit Winnie Pooh Snowflakes Snowflake Mystery 2025 F8",1,Buy it Now,17.95,0-1 oz,TRUE,Not Hazmat,Used,,IMG_2581-11,https://i.ibb.co/JwgsgH64/IMG-2581-pin-11.jpg,,,,,,,
Disneyana,Disney Pins,Tiki Man Wdw World 50th Anniversary Mystery Box,Tiki Man Disney Pin WDW Walt Disney World 50th Anniversary Mystery Box Pin NEW,"Please rely on the photo, rather than the description. Tiki Man Wdw World 50th Anniversary Mystery Box",1,Buy it Now,19.99,0-1 oz,TRUE,Not Hazmat,Used,,IMG_2581-13,https://i.ibb.co/JWNNq3Zd/IMG-2581-pin-13.jpg,,,,,,,
Disneyana,Disney Pins,Trading Midway Maniacs 2016 Mascots Mystery Pack,Disney Trading Pin Midway Maniacs 2016 From Mascots Mystery Pack,"Please rely on the photo, rather than the description. Trading Midway Maniacs 2016 Mascots Mystery Pack",1,Buy it Now,7.5,0-1 oz,TRUE,Not Hazmat,Used,,IMG_2581-15,https://i.ibb.co/CsYMKGBf/IMG-2581-pin-15.jpg,,,,,,,
Disneyana,Disney Pins,Pixar Coco Alebrijes Mystery - Dragon,'Used Disney Pixar Coco Alebrijes Mystery Pin - Dragon,"Please rely on the photo, rather than the description. Pixar Coco Alebrijes Mystery - Dragon",1,Buy it Now,16.0,0-1 oz,TRUE,Not Hazmat,Used,,IMG_2581-16,https://i.ibb.co/Q3mVrdq2/IMG-2581-pin-16.jpg,,,,,,,
Disneyana,Disney Pins,Pixar Party 2016 - John Ratzenberger Mystery Set - Up - Construction Foreman,Pixar Party 2016 - John Ratzenberger Mystery Set - Up - Construction Foreman Pin,"Please rely on the photo, rather than the description. Pixar Party 2016 - John Ratzenberger Mystery Set - Up - Construction Foreman",1,Buy it Now,14.95,0-1 oz,TRUE,Not Hazmat,Used,,IMG_2581-17,https://i.ibb.co/0w2GkTK/IMG-2581-pin-17.jpg,,,,,,,
Disneyana,Disney Pins,Parks Sleeping Beauty 65th Dragon Maleficent Puzzle - Goon,Disney Parks Pin Sleeping Beauty 65th Dragon Maleficent Puzzle - Goon,"Please rely on the photo, rather than the description. Parks Sleeping Beauty 65th Dragon Maleficent Puzzle - Goon",1,Buy it Now,24.99,0-1 oz,TRUE,Not Hazmat,Used,,IMG_2581-18,https://i.ibb.co/1wzHmdt/IMG-2581-pin-18.jpg,,,,,,,
Disneyana,Disney Pins,2022-disney Coffee Cup - Minnie Mouse,"'Used 2022-Disney Coffee ""Mystery Pack"" Cup Pin - Minnie Mouse","Please rely on the photo, rather than the description. 2022-disney Coffee Cup - Minnie Mouse",1,Buy it Now,12.0,0-1 oz,TRUE,Not Hazmat,Used,,IMG_2581-19,https://i.ibb.co/CKQzN81K/IMG-2581-pin-19.jpg,,,,,,,
Disneyana,Disney Pins,2024 Alice Wonderland 2 Set Tweedle Dee Tweedle Dum,New Disney 2024 Alice In Wonderland 2 Pin Set Tweedle Dee Tweedle Dum,"Please rely on the photo, rather than the description. 2024 Alice Wonderland 2 Set Tweedle Dee Tweedle Dum",1,Buy it Now,15.99,0-1 oz,TRUE,Not Hazmat,Used,,IMG_2581-1,https://i.ibb.co/m5sN2dmd/IMG-2581-pin-1.jpg,,,,,,,
Disneyana,Disney Pins,Hkdl Pinocchio 3d Character Trading Carnival 2023 Le 800,HKDL Pinocchio 3D Character Pin Trading Carnival 2023 LE 800,"Please rely on the photo, rather than the description. Hkdl Pinocchio 3d Character Trading Carnival 2023 Le 800",1,Buy it Now,30.0,0-1 oz,TRUE,Not Hazmat,Used,,IMG_2581-20,https://i.ibb.co/q38xnmHd/IMG-2581-pin-20.jpg,,,,,,,
Disneyana,Disney Pins,Parks 2024 Tiana S Bayou Adventure Opening Day Mama Odie 165939,Disney Parks Pin 2024 Tiana's Bayou Adventure Opening Day Mama Odie #165939,"Please rely on the photo, rather than the description. Parks 2024 Tiana S Bayou Adventure Opening Day Mama Odie 165939",1,Buy it Now,18.22,0-1 oz,TRUE,Not Hazmat,Used,,IMG_2581-21,https://i.ibb.co/sdDcgMPB/IMG-2581-pin-21.jpg,,,,,,,
Disneyana,Disney Pins,Loungefly Princess & Frog Cake Tiana Mystery E3,Disney Loungefly Princess & The Frog Cake Tiana Mystery Pin E3,"Please rely on the photo, rather than the description. Loungefly Princess & Frog Cake Tiana Mystery E3",1,Buy it Now,14.95,0-1 oz,TRUE,Not Hazmat,Used,,IMG_2581-22,https://i.ibb.co/mnvRGsh/IMG-2581-pin-22.jpg,,,,,,,
Disneyana,Disney Pins,- Cheshire Cat - Ice Cream - - 2018,Disney Collectible Pin - Cheshire Cat - Ice Cream - (#129974) - 2018,"Please rely on the photo, rather than the description. - Cheshire Cat - Ice Cream - - 2018",1,Buy it Now,11.66,0-1 oz,TRUE,Not Hazmat,Used,,IMG_2581-23,https://i.ibb.co/rKcDFcGp/IMG-2581-pin-23.jpg,,,,,,,
Disneyana,Disney Pins,100 Years Dreams - Mickey S Birthday Party 59,DISNEY 100 YEARS OF DREAMS - MICKEY'S BIRTHDAY PARTY  PIN #59,"Please rely on the photo, rather than the description. 100 Years Dreams - Mickey S Birthday Party 59",1,Buy it Now,12.0,0-1 oz,TRUE,Not Hazmat,Used,,IMG_2581-26,https://i.ibb.co/4Zk9BxTv/IMG-2581-pin-26.jpg,,,,,,,
Disneyana,Disney Pins,2024 Parks Dogs Mystery Oliver & Company Georgette,2024 Disney Parks Dogs Mystery Pin Oliver & Company Georgette ONLY,"Please rely on the photo, rather than the description. 2024 Parks Dogs Mystery Oliver & Company Georgette",1,Buy it Now,19.95,0-1 oz,TRUE,Not Hazmat,Used,,IMG_2581-27,https://i.ibb.co/WWxH5Bsq/IMG-2581-pin-27.jpg,,,,,,,
Disneyana,Disney Pins,2024 Parks Pixar Coco Alebrije Mystery - Rabbit,2024 Disney Parks Pixar Coco Alebrije Mystery Pin - Rabbit ,"Please rely on the photo, rather than the description. 2024 Parks Pixar Coco Alebrije Mystery - Rabbit",1,Buy it Now,11.0,0-1 oz,TRUE,Not Hazmat,Used,,IMG_2581-2,https://i.ibb.co/ynwtL3f2/IMG-2581-pin-2.jpg,,,,,,,
Disneyana,Disney Pins,164917 Voyd Incredibles 2 Superhero Pixar Karen Fields Hero Void Port,Disney pin 164917 Voyd Incredibles 2 Superhero Pixar Karen Fields hero void port,"Please rely on the photo, rather than the description. 164917 Voyd Incredibles 2 Superhero Pixar Karen Fields Hero Void Port",1,Buy it Now,13.95,0-1 oz,TRUE,Not Hazmat,Used,,IMG_2581-30,https://i.ibb.co/cKqRjDz9/IMG-2581-pin-30.jpg,,,,,,,
Disneyana,Disney Pins,Loungefly Tiana Teapot Princess Frog Mystery A2,Loungefly Tiana Teapot Princess And The Frog Mystery Disney Pin A2,"Please rely on the photo, rather than the description. Loungefly Tiana Teapot Princess Frog Mystery A2",1,Buy it Now,17.95,0-1 oz,TRUE,Not Hazmat,Used,,IMG_2581-31,https://i.ibb.co/60RcRTFj/IMG-2581-pin-31.jpg,,,,,,,
Disneyana,Disney Pins,Trading 177568 Loungefly - Tiana - Princess Tattoo Set - Black,Disney Trading Pin 177568    Loungefly - Tiana - Princess Tattoo Set - Black and,"Please rely on the photo, rather than the description. Trading 177568 Loungefly - Tiana - Princess Tattoo Set - Black",1,Buy it Now,20.0,0-1 oz,TRUE,Not Hazmat,Used,,IMG_2581-33,https://i.ibb.co/zHG9Hp0h/IMG-2581-pin-33.jpg,,,,,,,
Disneyana,Disney Pins,Store Cast Member Exclusive 5 Star,Disney Store Cast Member Exclusive 5 Star Pin,"Please rely on the photo, rather than the description. Store Cast Member Exclusive 5 Star",1,Buy it Now,10.0,0-1 oz,TRUE,Not Hazmat,Used,,IMG_2581-34,https://i.ibb.co/WN4G0Jy5/IMG-2581-pin-34.jpg,,,,,,,
Disneyana,Disney Pins,Incredimobile - Incredibles - Magical Mystery Series 22 - Parks 2023,Incredimobile Pin - Incredibles - Magical Mystery Series 22  - Disney Parks 2023,"Please rely on the photo, rather than the description. Incredimobile - Incredibles - Magical Mystery Series 22 - Parks 2023",1,Buy it Now,13.42,0-1 oz,TRUE,Not Hazmat,Used,,IMG_2581-35,https://i.ibb.co/LVjF2PT/IMG-2581-pin-35.jpg,,,,,,,
Disneyana,Disney Pins,Raya Sisu Raya Last Dragon,Raya And Sisu Raya And The Last Dragon Disney Pin,"Please rely on the photo, rather than the description. Raya Sisu Raya Last Dragon",1,Buy it Now,60.0,0-1 oz,TRUE,Not Hazmat,Used,,IMG_2581-36,https://i.ibb.co/60gJTTxH/IMG-2581-pin-36.jpg,,,,,,,
Disneyana,Disney Pins,Wedding Pavilion Cinderella S Coach Slider Grand Floridian Resort,Disney Wedding Pavilion Cinderella's Coach Slider Pin Grand Floridian Resort,"Please rely on the photo, rather than the description. Wedding Pavilion Cinderella S Coach Slider Grand Floridian Resort",1,Buy it Now,29.0,0-1 oz,TRUE,Not Hazmat,Used,,IMG_2581-38,https://i.ibb.co/svwn5qTr/IMG-2581-pin-38.jpg,,,,,,,
Disneyana,Disney Pins,Old Grand Floridian Wedding Pavilion Cinderella Coach Carriage Slider,OLD Disney pin Grand Floridian Wedding Pavilion Cinderella Coach Carriage Slider,"Please rely on the photo, rather than the description. Old Grand Floridian Wedding Pavilion Cinderella Coach Carriage Slider",1,Buy it Now,44.99,0-1 oz,TRUE,Not Hazmat,Used,,IMG_2581-39,https://i.ibb.co/kgfmZ4qW/IMG-2581-pin-39.jpg,,,,,,,
Disneyana,Disney Pins,2024 Pixar Coco Alebrijes Mystery Peacock 161516 Trade,Disney Pin 2024 Pixar Coco Alebrijes Mystery Peacock #161516 Trade Free Shipping,"Please rely on the photo, rather than the description. 2024 Pixar Coco Alebrijes Mystery Peacock 161516 Trade",1,Buy it Now,18.0,0-1 oz,TRUE,Not Hazmat,Used,,IMG_2581-3,https://i.ibb.co/VWg1LvS0/IMG-2581-pin-3.jpg,,,,,,,
Disneyana,Disney Pins,Princess & Frog Spring 2017 Collector Le 2000 Naveen,The Princess & the Frog Spring 2017 Collector Pin LE 2000 Naveen Disney Pin,"Please rely on the photo, rather than the description. Princess & Frog Spring 2017 Collector Le 2000 Naveen",1,Buy it Now,12.99,0-1 oz,TRUE,Not Hazmat,Used,,IMG_2581-4,https://i.ibb.co/mrd0qKZX/IMG-2581-pin-4.jpg,,,,,,,
Disneyana,Disney Pins,Trading Monkey Coco Alebrijes Mystery Pixar Green Monkey,Disney Trading Pins Monkey Coco Alebrijes Mystery Pixar Green Monkey (15),"Please rely on the photo, rather than the description. Trading Monkey Coco Alebrijes Mystery Pixar Green Monkey",1,Buy it Now,14.95,0-1 oz,TRUE,Not Hazmat,Used,,IMG_2581-5,https://i.ibb.co/KpySvKNZ/IMG-2581-pin-5.jpg,,,,,,,
Disneyana,Disney Pins,Parks Trading Pepita Pixar Coco Alebrijes 2024 Mystery Box,Disney Parks Trading Pin Pepita Pixar Coco Alebrijes 2024 Mystery Box Pin (15),"Please rely on the photo, rather than the description. Parks Trading Pepita Pixar Coco Alebrijes 2024 Mystery Box",1,Buy it Now,24.99,0-1 oz,TRUE,Not Hazmat,Used,,IMG_2581-6,https://i.ibb.co/tMxd2vN8/IMG-2581-pin-6.jpg,,,,,,,
Disneyana,Disney Pins,Tinker Bell Coffee Cups Mystery Pouch 2021 144147,Tinker Bell Coffee Cups Mystery Pouch 2021 Disney Pin 144147,"Please rely on the photo, rather than the description. Tinker Bell Coffee Cups Mystery Pouch 2021 144147",1,Buy it Now,10.95,0-1 oz,TRUE,Not Hazmat,Used,,IMG_2581-7,https://i.ibb.co/gMVFypWD/IMG-2581-pin-7.jpg,,,,,,,
Disneyana,Disney Pins,Bambi Character Coffee Cups Mystery Pouch,Bambi Disney Character Coffee Cups Mystery Pouch Pin,"Please rely on the photo, rather than the description. Bambi Character Coffee Cups Mystery Pouch",1,Buy it Now,12.99,0-1 oz,TRUE,Not Hazmat,Used,,IMG_2581-8,https://i.ibb.co/ZzXNwP16/IMG-2581-pin-8.jpg,,,,,,,
Disneyana,Disney Pins,Loungefly Princess & Frog Drink Coffee Cup Tiana Mystery E3,Disney Loungefly Princess & The Frog Drink Coffee Cup Tiana Mystery Pin E3,"Please rely on the photo, rather than the description. Loungefly Princess & Frog Drink Coffee Cup Tiana Mystery E3",1,Buy it Now,14.95,0-1 oz,TRUE,Not Hazmat,Used,,IMG_2581-9,https://i.ibb.co/DPchRrpX/IMG-2581-pin-9.jpg,,,,,,,
Disneyana,Disney Pins,Mickey Mouse Memories July Head 130804,Mickey Mouse Memories July Head Disney Pin 130804,"Please rely on the photo, rather than the description. Mickey Mouse Memories July Head 130804",1,Buy it Now,14.95,0-1 oz,TRUE,Not Hazmat,Used,,IMG_2582-10,https://i.ibb.co/5xr1y0ZD/IMG-2582-pin-10.jpg,,,,,,,
Disneyana,Disney Pins,Arthur Archimedes Window Sword Stone Imaginative Icons Mystery,Arthur Archimedes Window Sword in the Stone Imaginative Icons Mystery Disney Pin,"Please rely on the photo, rather than the description. Arthur Archimedes Window Sword Stone Imaginative Icons Mystery",1,Buy it Now,10.95,0-1 oz,TRUE,Not Hazmat,Used,,IMG_2582-11,https://i.ibb.co/38g83pf/IMG-2582-pin-11.jpg,,,,,,,
Disneyana,Disney Pins,2024 Pluto S Pumpkin Pursuit Parks Limited Edition Le Halloween Euc,2024 Pluto's Pumpkin Pursuit Disney Parks Limited Edition LE Halloween Pin EUC,"Please rely on the photo, rather than the description. 2024 Pluto S Pumpkin Pursuit Parks Limited Edition Le Halloween Euc",1,Buy it Now,8.99,0-1 oz,TRUE,Not Hazmat,Used,,IMG_2582-12,https://i.ibb.co/Q7Z01VSN/IMG-2582-pin-12.jpg,,,,,,,
Disneyana,Disney Pins,Hocus Pocus 25th Anniversary Mystery Set - Emily Binx Letter S,Disney Hocus Pocus 25th Anniversary Mystery Pin Set - Emily Binx Letter S,"Please rely on the photo, rather than the description. Hocus Pocus 25th Anniversary Mystery Set - Emily Binx Letter S",1,Buy it Now,23.99,0-1 oz,TRUE,Not Hazmat,Used,,IMG_2582-13,https://i.ibb.co/RTRJjndT/IMG-2582-pin-13.jpg,,,,,,,
Disneyana,Disney Pins,Loungefly Princess Instant Camera Sliding Mulan G3,Disney Loungefly Princess Instant Camera Sliding Pin Mulan G3,"Please rely on the photo, rather than the description. Loungefly Princess Instant Camera Sliding Mulan G3",1,Buy it Now,26.95,0-1 oz,TRUE,Not Hazmat,Used,,IMG_2582-15,https://i.ibb.co/2YH46vDy/IMG-2582-pin-15.jpg,,,,,,,
Disneyana,Disney Pins,2025 Parks Magical Mystery Series 30 Headphones Mickey,2025 Disney Parks Magical Mystery Series 30 Headphones Mickey Pin,"Please rely on the photo, rather than the description. 2025 Parks Magical Mystery Series 30 Headphones Mickey",1,Buy it Now,14.95,0-1 oz,TRUE,Not Hazmat,Used,,IMG_2582-16,https://i.ibb.co/rYdDbvw/IMG-2582-pin-16.jpg,,,,,,,
Disneyana,Disney Pins,Snowanna Rainbeau Sugar Rush Racer Wreck It Ralph Mystery 164311,Snowanna Rainbeau Sugar Rush Racer Wreck it Ralph Mystery Disney Pin 164311,"Please rely on the photo, rather than the description. Snowanna Rainbeau Sugar Rush Racer Wreck It Ralph Mystery 164311",1,Buy it Now,14.25,0-1 oz,TRUE,Not Hazmat,Used,,IMG_2582-17,https://i.ibb.co/ZRH7pBcD/IMG-2582-pin-17.jpg,,,,,,,
Disneyana,Disney Pins,Toulouse Cat Dog Collars Magical Mystery Series 25 2024,Disney Pin Toulouse Cat And Dog Collars Magical Mystery Series 25 2024,"Please rely on the photo, rather than the description. Toulouse Cat Dog Collars Magical Mystery Series 25 2024",1,Buy it Now,12.0,0-1 oz,TRUE,Not Hazmat,Used,,IMG_2582-19,https://i.ibb.co/F444XTNY/IMG-2582-pin-19.jpg,,,,,,,
Disneyana,Disney Pins,2026 Winnie Pooh Honey Tree 60th Mystery - Owl Lr,2026 Disney Winnie The Pooh Honey Tree 60TH Mystery Pin - OWL LR,"Please rely on the photo, rather than the description. 2026 Winnie Pooh Honey Tree 60th Mystery - Owl Lr",1,Buy it Now,29.95,0-1 oz,TRUE,Not Hazmat,Used,,IMG_2582-1,https://i.ibb.co/XfBncXpR/IMG-2582-pin-1.jpg,,,,,,,
Disneyana,Disney Pins,2024 Stitch Photos Mystery Stitch & Lilo Building Snowman 163954,Disney Pin 2024 Stitch Photos Mystery Stitch & Lilo Building Snowman #163954,"Please rely on the photo, rather than the description. 2024 Stitch Photos Mystery Stitch & Lilo Building Snowman 163954",1,Buy it Now,17.99,0-1 oz,TRUE,Not Hazmat,Used,,IMG_2582-21,https://i.ibb.co/S4NTXrWN/IMG-2582-pin-21.jpg,,,,,,,
Disneyana,Disney Pins,- Star Wars Day - May 4th Be 2024 - R2-d2 & C-3po,Disney - Star Wars Day - May The 4th Be With You 2024 - R2-D2 & C-3PO Pin,"Please rely on the photo, rather than the description. - Star Wars Day - May 4th Be 2024 - R2-d2 & C-3po",1,Buy it Now,11.49,0-1 oz,TRUE,Not Hazmat,Used,,IMG_2582-22,https://i.ibb.co/RGK22vYr/IMG-2582-pin-22.jpg,,,,,,,
Disneyana,Disney Pins,Cartoon Shorts Booster Keep Rollin Disco Mickey Skates 165660,Cartoon Shorts Booster Keep on Rollin' Disco Mickey in Skates Disney Pin 165660,"Please rely on the photo, rather than the description. Cartoon Shorts Booster Keep Rollin Disco Mickey Skates 165660",1,Buy it Now,7.95,0-1 oz,TRUE,Not Hazmat,Used,,IMG_2582-24,https://i.ibb.co/TxF5msvz/IMG-2582-pin-24.jpg,,,,,,,
Disneyana,Disney Pins,Wdw 2024 R2-d2 Star Wars Droids Hidden Mickey,WDW 2024 R2-D2 STAR WARS DROIDS HIDDEN MICKEY PIN,"Please rely on the photo, rather than the description. Wdw 2024 R2-d2 Star Wars Droids Hidden Mickey",1,Buy it Now,5.57,0-1 oz,TRUE,Not Hazmat,Used,,IMG_2582-25,https://i.ibb.co/jkRC0sjP/IMG-2582-pin-25.jpg,,,,,,,
Disneyana,Disney Pins,2024 - Parks Character Mugs Mystery - - Tod,2024 - Disney Parks Character Mugs Mystery Pin - (Fox & the Hound) - Tod,"Please rely on the photo, rather than the description. 2024 - Parks Character Mugs Mystery - - Tod",1,Buy it Now,16.0,0-1 oz,TRUE,Not Hazmat,Used,,IMG_2582-26,https://i.ibb.co/mr2YXt48/IMG-2582-pin-26.jpg,,,,,,,
Disneyana,Disney Pins,Pixie Plush Mystery Chicken Little,Pixie Plush Mystery Chicken Little Disney Pin,"Please rely on the photo, rather than the description. Pixie Plush Mystery Chicken Little",1,Buy it Now,11.95,0-1 oz,TRUE,Not Hazmat,Used,,IMG_2582-27,https://i.ibb.co/5hJrmgCW/IMG-2582-pin-27.jpg,,,,,,,
Disneyana,Disney Pins,2024 Parks Character Mugs Pinocchio Mystery Pack,2024 Disney Parks Disney Character Mugs Pinocchio Mystery Pack Pin (E8),"Please rely on the photo, rather than the description. 2024 Parks Character Mugs Pinocchio Mystery Pack",1,Buy it Now,14.95,0-1 oz,TRUE,Not Hazmat,Used,,IMG_2582-28,https://i.ibb.co/846S14LR/IMG-2582-pin-28.jpg,,,,,,,
Disneyana,Disney Pins,Wdw - Cast Member Exclusive - Cast Party 2005 Le 1500,Disney WDW - Cast Member Exclusive - Cast Pin Party 2005 (Figment) LE 1500,"Please rely on the photo, rather than the description. Wdw - Cast Member Exclusive - Cast Party 2005 Le 1500",1,Buy it Now,45.0,0-1 oz,TRUE,Not Hazmat,Used,,IMG_2582-30,https://i.ibb.co/sJp97Zrk/IMG-2582-pin-30.jpg,,,,,,,
Disneyana,Disney Pins,Dlr 2024 Hidden Mickey Star Wars Galaxy Creatures Loth Cat,DLR 2024 Hidden Mickey Star Wars Galaxy Creatures Loth Cat Disney Pin,"Please rely on the photo, rather than the description. Dlr 2024 Hidden Mickey Star Wars Galaxy Creatures Loth Cat",1,Buy it Now,10.95,0-1 oz,TRUE,Not Hazmat,Used,,IMG_2582-31,https://i.ibb.co/B5VtWqY6/IMG-2582-pin-31.jpg,,,,,,,
Disneyana,Disney Pins,Palm Le 200 Joy Inside Out 2 Tiny Mini Micro Mystery Pink La Mode,PALM LE 200 Joy Inside Out 2 Tiny Mini Micro Mystery Pink a La Mode Disney Pin,"Please rely on the photo, rather than the description. Palm Le 200 Joy Inside Out 2 Tiny Mini Micro Mystery Pink La Mode",1,Buy it Now,35.0,0-1 oz,TRUE,Not Hazmat,Used,,IMG_2582-32,https://i.ibb.co/qM8KNHc1/IMG-2582-pin-32.jpg,,,,,,,
Disneyana,Disney Pins,Vehicles Aristocats Magical Mystery Series 22,Disney Pin Vehicles The Aristocats Magical Mystery Series 22  Free shipping,"Please rely on the photo, rather than the description. Vehicles Aristocats Magical Mystery Series 22",1,Buy it Now,16.0,0-1 oz,TRUE,Not Hazmat,Used,,IMG_2582-36,https://i.ibb.co/HLtc2zHp/IMG-2582-pin-36.jpg,,,,,,,
Disneyana,Disney Pins,Destination D23 Wdi Mog Destinations Moon Pleasure Island Mystery,Destination D23 WDI MOG Disney Destinations Moon Pleasure Island Mystery Pin,"Please rely on the photo, rather than the description. Destination D23 Wdi Mog Destinations Moon Pleasure Island Mystery",1,Buy it Now,40.0,0-1 oz,TRUE,Not Hazmat,Used,,IMG_2582-39,https://i.ibb.co/ZRjDG3cF/IMG-2582-pin-39.jpg,,,,,,,
Disneyana,Disney Pins,2024 Star Wars Hope Princess Leia & R2-d2 Droid 164371 Ship,Disney Pin 2024 Star Wars New Hope Princess Leia & R2-D2 Droid #164371 New Ship,"Please rely on the photo, rather than the description. 2024 Star Wars Hope Princess Leia & R2-d2 Droid 164371 Ship",1,Buy it Now,19.0,0-1 oz,TRUE,Not Hazmat,Used,,IMG_2582-3,https://i.ibb.co/qM885FCK/IMG-2582-pin-3.jpg,,,,,,,
Disneyana,Disney Pins,Trading 165661 Mickey Vespa Scooter Shorts Croissant De Triomphe,Disney Trading Pin  165661 MICKEY ON VESPA SCOOTER SHORTS  CROISSANT DE TRIOMPHE,"Please rely on the photo, rather than the description. Trading 165661 Mickey Vespa Scooter Shorts Croissant De Triomphe",1,Buy it Now,10.0,0-1 oz,TRUE,Not Hazmat,Used,,IMG_2582-40,https://i.ibb.co/ZpCfQchm/IMG-2582-pin-40.jpg,,,,,,,
Disneyana,Disney Pins,C1-10p Chopper Star Wars Droids Mystery Set 2024,Disney Pin C1-10P Chopper Star Wars Droids Disney Mystery Set 2024,"Please rely on the photo, rather than the description. C1-10p Chopper Star Wars Droids Mystery Set 2024",1,Buy it Now,30.0,0-1 oz,TRUE,Not Hazmat,Used,,IMG_2582-4,https://i.ibb.co/Z6jB4x4h/IMG-2582-pin-4.jpg,,,,,,,
Disneyana,Disney Pins,Oliver Cat Single Pixie Plush Official Trading,Disney Oliver Cat Single Pin Collectible Pixie Plush Official Trading,"Please rely on the photo, rather than the description. Oliver Cat Single Pixie Plush Official Trading",1,Buy it Now,13.0,0-1 oz,TRUE,Not Hazmat,Used,,IMG_2582-5,https://i.ibb.co/zWKy1hSP/IMG-2582-pin-5.jpg,,,,,,,
Disneyana,Disney Pins,Figpin Ennui-inside Out 2-mini Mystery Series 1 -rare- Pixar Disney-new,FigPin ENNUI-Inside Out 2-Mini Mystery Series 1 -RARE- Pixar Disney-NEW,"Please rely on the photo, rather than the description. Figpin Ennui-inside Out 2-mini Mystery Series 1 -rare- Pixar Disney-new",1,Buy it Now,20.97,0-1 oz,TRUE,Not Hazmat,Used,,IMG_2582-6,https://i.ibb.co/WNbrnXtV/IMG-2582-pin-6.jpg,,,,,,,
Disneyana,Disney Pins,She Hulk Marvel Chibi Kawaii Mystery 2023 Marvel,She Hulk Marvel Chibi Kawaii Mystery 2023 Marvel Disney Pin,"Please rely on the photo, rather than the description. She Hulk Marvel Chibi Kawaii Mystery 2023 Marvel",1,Buy it Now,10.0,0-1 oz,TRUE,Not Hazmat,Used,,IMG_2582-9,https://i.ibb.co/k2DJ2ctG/IMG-2582-pin-9.jpg,,,,,,,
Disneyana,Disney Pins,Wdw Wanna Trade Series Goliath Elephant Mean Mouse Film Le 2500,DISNEY WDW WANNA TRADE PIN SERIES GOLIATH ELEPHANT MEAN MOUSE FILM LE 2500 PIN,"Please rely on the photo, rather than the description. Wdw Wanna Trade Series Goliath Elephant Mean Mouse Film Le 2500",1,Buy it Now,22.99,0-1 oz,TRUE,Not Hazmat,Used,,IMG_2583-11,https://i.ibb.co/p6bjszmW/IMG-2583-pin-11.jpg,,,,,,,
Disneyana,Disney Pins,World Zootopia Better Zoogether Animal Kingdom Fru Fru Mystery,Disney World Zootopia Better Zoogether Animal Kingdom Fru Fru Mystery Pin New,"Please rely on the photo, rather than the description. World Zootopia Better Zoogether Animal Kingdom Fru Fru Mystery",1,Buy it Now,29.95,0-1 oz,TRUE,Not Hazmat,Used,,IMG_2583-12,https://i.ibb.co/5gK13k7H/IMG-2583-pin-12.jpg,,,,,,,
Disneyana,Disney Pins,156955 Louis Princess & Frog Sidekick Camping Tent Tiana Alligaor,Disney pin 156955 Louis Princess & the Frog Sidekick Camping Tent Tiana alligaor,"Please rely on the photo, rather than the description. 156955 Louis Princess & Frog Sidekick Camping Tent Tiana Alligaor",1,Buy it Now,14.99,0-1 oz,TRUE,Not Hazmat,Used,,IMG_2583-13,https://i.ibb.co/4ZNdgB3h/IMG-2583-pin-13.jpg,,,,,,,
Disneyana,Disney Pins,2024 Lion King Mystery Laughing Face Hexagon Shaped Zazu,Disney 2024 Lion King Mystery Laughing Face Hexagon Shaped ZAZU,"Please rely on the photo, rather than the description. 2024 Lion King Mystery Laughing Face Hexagon Shaped Zazu",1,Buy it Now,18.0,0-1 oz,TRUE,Not Hazmat,Used,,IMG_2583-14,https://i.ibb.co/gFcQmdg8/IMG-2583-pin-14.jpg,,,,,,,
Disneyana,Disney Pins,Munchling - Series 2,Disney Munchling Pins - Series 2,"Please rely on the photo, rather than the description. Munchling - Series 2",1,Buy it Now,11.95,0-1 oz,TRUE,Not Hazmat,Used,,IMG_2583-15,https://i.ibb.co/fYfnHv5t/IMG-2583-pin-15.jpg,,,,,,,
Disneyana,Disney Pins,2025 Fantasy Flights Mystery Superhero Stitch 176988 Trade,Disney Pin 2025 Fantasy Flights Mystery Superhero Stitch #176988 Trade Free Ship,"Please rely on the photo, rather than the description. 2025 Fantasy Flights Mystery Superhero Stitch 176988 Trade",1,Buy it Now,22.26,0-1 oz,TRUE,Not Hazmat,Used,,IMG_2583-16,https://i.ibb.co/gbD0vhJs/IMG-2583-pin-16.jpg,,,,,,,
Disneyana,Disney Pins,2025 Animal Kingdom Expedition Everest Mystery Box Axe,2025 Disney Animal Kingdom Expedition Everest Mystery Box Pin Pick Axe (24),"Please rely on the photo, rather than the description. 2025 Animal Kingdom Expedition Everest Mystery Box Axe",1,Buy it Now,29.95,0-1 oz,TRUE,Not Hazmat,Used,,IMG_2583-17,https://i.ibb.co/8476WxWL/IMG-2583-pin-17.jpg,,,,,,,
Disneyana,Disney Pins,2025 Parks Mickey Mouse Magical Chefs Mystery Box Chef,2025 Disney Parks Mickey Mouse Magical Chefs Pin Mystery Box Chef Pin,"Please rely on the photo, rather than the description. 2025 Parks Mickey Mouse Magical Chefs Mystery Box Chef",1,Buy it Now,18.98,0-1 oz,TRUE,Not Hazmat,Used,,IMG_2583-18,https://i.ibb.co/FqN7fRFG/IMG-2583-pin-18.jpg,,,,,,,
Disneyana,Disney Pins,Emperor Zurg - Toy Story 2025 D7,Emperor Zurg - Toy Story 2025 Disney Pin D7,"Please rely on the photo, rather than the description. Emperor Zurg - Toy Story 2025 D7",1,Buy it Now,17.95,0-1 oz,TRUE,Not Hazmat,Used,,IMG_2583-19,https://i.ibb.co/hRL1CWJW/IMG-2583-pin-19.jpg,,,,,,,
Disneyana,Disney Pins,Emperor S Groove Kuzco Metal,NEW! Disney Emperor's New Groove Kuzco Metal Enamel Pin!,"Please rely on the photo, rather than the description. Emperor S Groove Kuzco Metal",1,Buy it Now,15.99,0-1 oz,TRUE,Not Hazmat,Used,,IMG_2583-1,https://i.ibb.co/m58hWwyb/IMG-2583-pin-1.jpg,,,,,,,
Disneyana,Disney Pins,Dca Super Soap Weekends 2002 Logo California Adventure Le,DCA Super Soap Weekends 2002 Logo California Adventure Disney Pin LE (B5),"Please rely on the photo, rather than the description. Dca Super Soap Weekends 2002 Logo California Adventure Le",1,Buy it Now,11.95,0-1 oz,TRUE,Not Hazmat,Used,,IMG_2583-21,https://i.ibb.co/21CBYJ1K/IMG-2583-pin-21.jpg,,,,,,,
Disneyana,Disney Pins,Hidden Mystery Pouch Castle Balloons,Disney Hidden Disney Mystery Pouch Castle Balloons Pin,"Please rely on the photo, rather than the description. Hidden Mystery Pouch Castle Balloons",1,Buy it Now,45.0,0-1 oz,TRUE,Not Hazmat,Used,,IMG_2583-22,https://i.ibb.co/3mx9BHBC/IMG-2583-pin-22.jpg,,,,,,,
Disneyana,Disney Pins,2022 Parks Holiday Christmas - Mystery - Joy Inside Out / Peace,2022 Disney Parks Holiday Christmas - Mystery Pin - Joy From Inside Out /  Peace,"Please rely on the photo, rather than the description. 2022 Parks Holiday Christmas - Mystery - Joy Inside Out / Peace",1,Buy it Now,18.99,0-1 oz,TRUE,Not Hazmat,Used,,IMG_2583-23,https://i.ibb.co/FbyFZDgw/IMG-2583-pin-23.jpg,,,,,,,
Disneyana,Disney Pins,Pluto Cane Dapper Dans Pp161836,Disney Pluto with Cane Dapper Dans Pin #PP161836,"Please rely on the photo, rather than the description. Pluto Cane Dapper Dans Pp161836",1,Buy it Now,10.0,0-1 oz,TRUE,Not Hazmat,Used,,IMG_2583-24,https://i.ibb.co/x8j4Wzfz/IMG-2583-pin-24.jpg,,,,,,,
Disneyana,Disney Pins,Haunted Mansion Puzzle Mystery Phineas Hitchhiking Ghost,Disney The Haunted Mansion Puzzle Mystery Pin Phineas Hitchhiking Ghost (19),"Please rely on the photo, rather than the description. Haunted Mansion Puzzle Mystery Phineas Hitchhiking Ghost",1,Buy it Now,24.95,0-1 oz,TRUE,Not Hazmat,Used,,IMG_2583-25,https://i.ibb.co/h19NsyYR/IMG-2583-pin-25.jpg,,,,,,,
Disneyana,Disney Pins,Parks Popsicle Mystery Goofy,Disney Parks Popsicle Mystery Goofy Pin,"Please rely on the photo, rather than the description. Parks Popsicle Mystery Goofy",1,Buy it Now,9.95,0-1 oz,TRUE,Not Hazmat,Used,,IMG_2583-27,https://i.ibb.co/sdpK2XF3/IMG-2583-pin-27.jpg,,,,,,,
Disneyana,Disney Pins,Character Mugs Mystery,Disney Character Mugs Mystery Pins,"Please rely on the photo, rather than the description. Character Mugs Mystery",1,Buy it Now,12.95,0-1 oz,TRUE,Not Hazmat,Used,,IMG_2583-28,https://i.ibb.co/DP4TNwB7/IMG-2583-pin-28.jpg,,,,,,,
Disneyana,Disney Pins,Wreck It Ralph Pixelated Characters 2 Set - Ralph 120625,Disney Wreck It Ralph Pixelated Characters 2 Pin Set - Ralph ONLY [120625],"Please rely on the photo, rather than the description. Wreck It Ralph Pixelated Characters 2 Set - Ralph 120625",1,Buy it Now,13.0,0-1 oz,TRUE,Not Hazmat,Used,,IMG_2583-29,https://i.ibb.co/0j1qZ5JY/IMG-2583-pin-29.jpg,,,,,,,
Disneyana,Disney Pins,Loungefly Bambi Possum Family Puzzle Yin Yang Half F3,Loungefly Bambi Possum Family Disney Pin Puzzle Yin Yang Half F3,"Please rely on the photo, rather than the description. Loungefly Bambi Possum Family Puzzle Yin Yang Half F3",1,Buy it Now,11.95,0-1 oz,TRUE,Not Hazmat,Used,,IMG_2583-2,https://i.ibb.co/ymySQjGG/IMG-2583-pin-2.jpg,,,,,,,
Disneyana,Disney Pins,Loungefly Princess Ariel Beaded Water Bottle,Loungefly Disney Princess Ariel beaded water bottle pin,"Please rely on the photo, rather than the description. Loungefly Princess Ariel Beaded Water Bottle",1,Buy it Now,22.0,0-1 oz,TRUE,Not Hazmat,Used,,IMG_2583-30,https://i.ibb.co/NgPcv8nP/IMG-2583-pin-30.jpg,,,,,,,
Disneyana,Disney Pins,152246 Cinderella Lucifer Cat Pet Sweet Dreams Bed Sleeping Sleep 1,Disney pin 152246 Cinderella Lucifer cat pet Sweet Dreams bed sleeping sleep *1,"Please rely on the photo, rather than the description. 152246 Cinderella Lucifer Cat Pet Sweet Dreams Bed Sleeping Sleep 1",1,Buy it Now,13.99,0-1 oz,TRUE,Not Hazmat,Used,,IMG_2583-32,https://i.ibb.co/JjLp4LDq/IMG-2583-pin-32.jpg,,,,,,,
Disneyana,Disney Pins,World 2004,Walt Disney World 2004 Pin,"Please rely on the photo, rather than the description. World 2004",1,Buy it Now,45.0,0-1 oz,TRUE,Not Hazmat,Used,,IMG_2583-34,https://i.ibb.co/jPKBTb1w/IMG-2583-pin-34.jpg,,,,,,,
Disneyana,Disney Pins,155963 Donald Duck Unified Characters 100 Blue Hat Rectangle,Disney pin 155963 Donald Duck Unified Characters Disney 100 blue hat rectangle,"Please rely on the photo, rather than the description. 155963 Donald Duck Unified Characters 100 Blue Hat Rectangle",1,Buy it Now,16.99,0-1 oz,TRUE,Not Hazmat,Used,,IMG_2583-35,https://i.ibb.co/JW7vLx1S/IMG-2583-pin-35.jpg,,,,,,,
Disneyana,Disney Pins,2022 Coco Papel Picado Mystery Aubelita 150394 Trade,Disney Pin 2022 Coco Papel Picado Mystery Aubelita #150394 Trade Free Ship,"Please rely on the photo, rather than the description. 2022 Coco Papel Picado Mystery Aubelita 150394 Trade",1,Buy it Now,15.0,0-1 oz,TRUE,Not Hazmat,Used,,IMG_2583-37,https://i.ibb.co/vC7Wgq8b/IMG-2583-pin-37.jpg,,,,,,,
Disneyana,Disney Pins,Loungefly Villains Bouquet Mystery Ursula Little Mermaid 179038,Loungefly Villains Bouquet Mystery Ursula Little Mermaid Disney Pin 179038,"Please rely on the photo, rather than the description. Loungefly Villains Bouquet Mystery Ursula Little Mermaid 179038",1,Buy it Now,16.95,0-1 oz,TRUE,Not Hazmat,Used,,IMG_2583-38,https://i.ibb.co/WWQ3pLbF/IMG-2583-pin-38.jpg,,,,,,,
Disneyana,Disney Pins,2024 - Minnie Mouse - American Flag Dress,2024 - Minnie Mouse - American Flag Dress,"Please rely on the photo, rather than the description. 2024 - Minnie Mouse - American Flag Dress",1,Buy it Now,8.63,0-1 oz,TRUE,Not Hazmat,Used,,IMG_2583-39,https://i.ibb.co/21zrbg3c/IMG-2583-pin-39.jpg,,,,,,,
Disneyana,Disney Pins,Parks Mickey Mouse Wood Inlay Card,Disney Parks Mickey Mouse Wood Inlay Pin New With Card,"Please rely on the photo, rather than the description. Parks Mickey Mouse Wood Inlay Card",1,Buy it Now,22.49,0-1 oz,TRUE,Not Hazmat,Used,,IMG_2583-3,https://i.ibb.co/6702LLxm/IMG-2583-pin-3.jpg,,,,,,,
Disneyana,Disney Pins,World Star Wars Galaxy S Edge Droid Depot Mystery Set R2-d2 -,Disney World Star Wars Galaxy's Edge Droid Depot Mystery Pin Set R2-D2 - New!,"Please rely on the photo, rather than the description. World Star Wars Galaxy S Edge Droid Depot Mystery Set R2-d2 -",1,Buy it Now,18.0,0-1 oz,TRUE,Not Hazmat,Used,,IMG_2583-41,https://i.ibb.co/JRQX2JT8/IMG-2583-pin-41.jpg,,,,,,,
Disneyana,Disney Pins,2025 Epcot Center Pavilion Symbol Mystery Ratatouille Remy,2025 Disney EPCOT Center Pavilion Symbol Mystery Ratatouille Remy Pin,"Please rely on the photo, rather than the description. 2025 Epcot Center Pavilion Symbol Mystery Ratatouille Remy",1,Buy it Now,29.95,0-1 oz,TRUE,Not Hazmat,Used,,IMG_2583-4,https://i.ibb.co/kVgX45XQ/IMG-2583-pin-4.jpg,,,,,,,
Disneyana,Disney Pins,Mickey Mouse Sunglasses 2022 Booster 147430,Mickey Mouse Sunglasses 2022 Booster Disney Pin 147430,"Please rely on the photo, rather than the description. Mickey Mouse Sunglasses 2022 Booster 147430",1,Buy it Now,12.75,0-1 oz,TRUE,Not Hazmat,Used,,IMG_2583-6,https://i.ibb.co/shCdxpD/IMG-2583-pin-6.jpg,,,,,,,
Disneyana,Disney Pins,Le Old 100 Years Dreams Lullaby Land 1933 Silly Symphony Cartoon,LE OLD Disney Pin 100 Years of Dreams Lullaby Land 1933 Silly Symphony Cartoon,"Please rely on the photo, rather than the description. Le Old 100 Years Dreams Lullaby Land 1933 Silly Symphony Cartoon",1,Buy it Now,15.0,0-1 oz,TRUE,Not Hazmat,Used,,IMG_2583-7,https://i.ibb.co/tTN7z27n/IMG-2583-pin-7.jpg,,,,,,,
Disneyana,Disney Pins,Lucifer Cat Dog Collars Magical Mystery Series 25 2024,Disney Pin Lucifer Cat And Dog Collars Magical Mystery Series 25 2024,"Please rely on the photo, rather than the description. Lucifer Cat Dog Collars Magical Mystery Series 25 2024",1,Buy it Now,10.0,0-1 oz,TRUE,Not Hazmat,Used,,IMG_2583-8,https://i.ibb.co/cKTFh2fb/IMG-2583-pin-8.jpg,,,,,,,
Disneyana,Disney Pins,Character Coffee Cup Mystery Pinocchio,Character Coffee Cup Mystery Pinocchio Disney Pin,"Please rely on the photo, rather than the description. Character Coffee Cup Mystery Pinocchio",1,Buy it Now,8.95,0-1 oz,TRUE,Not Hazmat,Used,,IMG_2583-9,https://i.ibb.co/WW7qsX8x/IMG-2583-pin-9.jpg,,,,,,,
Disneyana,Disney Pins,Wdi Moghunchback Notre Dame Frollo Villains Le 300 Cast Jumbo,Disney WDI MOGHunchback of Notre Dame Frollo Villains LE 300 Cast Jumbo Pin,"Please rely on the photo, rather than the description. Wdi Moghunchback Notre Dame Frollo Villains Le 300 Cast Jumbo",1,Buy it Now,250.0,0-1 oz,TRUE,Not Hazmat,Used,,IMG_2617-1,https://i.ibb.co/PsPwkhnk/IMG-2617-pin-1.jpg,,,,,,,
Disneyana,Disney Pins,Palm Mickey Ink Fountain Pen Limited Edition 100 5 Jumbo,"Disney PALM Mickey With Ink and Fountain Pen Limited Edition 100 5"" Jumbo Pin","Please rely on the photo, rather than the description. Palm Mickey Ink Fountain Pen Limited Edition 100 5 Jumbo",1,Buy it Now,80.0,0-1 oz,TRUE,Not Hazmat,Used,,IMG_2617-2,https://i.ibb.co/0pBT3T1G/IMG-2617-pin-2.jpg,,,,,,,
Disneyana,Disney Pins,2024 Cruise Line Dcl Peter Pan Uncharted Adventure,2024 Disney Disney Cruise Line DCL Peter Pan Disney Uncharted Adventure Pin,"Please rely on the photo, rather than the description. 2024 Cruise Line Dcl Peter Pan Uncharted Adventure",1,Buy it Now,13.27,0-1 oz,TRUE,Not Hazmat,Used,,IMG_2617-3,https://i.ibb.co/WWXKFqH3/IMG-2617-pin-3.jpg,,,,,,,
Disneyana,Disney Pins,Parks Princess Portrait Silver Frame Moana Profile Oe,NEW Disney Parks Princess Portrait Silver Frame Moana Profile OE Pin,"Please rely on the photo, rather than the description. Parks Princess Portrait Silver Frame Moana Profile Oe",1,Buy it Now,17.0,0-1 oz,TRUE,Not Hazmat,Used,,IMG_2617-4,https://i.ibb.co/yFDMHSVX/IMG-2617-pin-4.jpg,,,,,,,
Disneyana,Disney Pins,Forgotten Attractions Mr. Toad S Wild Ride Character Mug Mr. Toad,Disney Forgotten Attractions Mr. Toad's Wild Ride Character Mug Mr. Toad Pin,"Please rely on the photo, rather than the description. Forgotten Attractions Mr. Toad S Wild Ride Character Mug Mr. Toad",1,Buy it Now,12.0,0-1 oz,TRUE,Not Hazmat,Used,,IMG_2617-5,https://i.ibb.co/4RKWwbwr/IMG-2617-pin-5.jpg,,,,,,,
Disneyana,Disney Pins,Aladdin Genie S Magic Lamp D23 Gold Member Mystery Antique Gold 2024,Disney Aladdin Genie's Magic Lamp D23 Gold Member Mystery Antique Gold Pin 2024,"Please rely on the photo, rather than the description. Aladdin Genie S Magic Lamp D23 Gold Member Mystery Antique Gold 2024",1,Buy it Now,14.98,0-1 oz,TRUE,Not Hazmat,Used,,IMG_2617-6,https://i.ibb.co/chdxBDFB/IMG-2617-pin-6.jpg,,,,,,,
Disneyana,Disney Pins,Dec Part Magic Wreck It Ralph Vanellope Sweatshirt Hoodie Le 250,Disney DEC Part of Magic Wreck It Ralph Vanellope Sweatshirt Hoodie LE 250 Pin,"Please rely on the photo, rather than the description. Dec Part Magic Wreck It Ralph Vanellope Sweatshirt Hoodie Le 250",1,Buy it Now,34.99,0-1 oz,TRUE,Not Hazmat,Used,,IMG_2618-10,https://i.ibb.co/dJ6nPxyD/IMG-2618-pin-10.jpg,,,,,,,
Disneyana,Disney Pins,Employee Dec Character Name Series Le 250 Vanellope Wreck It Ralph,Disney Employee DEC Character Name Series LE 250 Pin Vanellope Wreck It Ralph,"Please rely on the photo, rather than the description. Employee Dec Character Name Series Le 250 Vanellope Wreck It Ralph",1,Buy it Now,110.0,0-1 oz,TRUE,Not Hazmat,Used,,IMG_2618-11,https://i.ibb.co/TMRSmXWR/IMG-2618-pin-11.jpg,,,,,,,
Disneyana,Disney Pins,Parks Epcot World Showcase Italy La Vita Bella Card,Disney Parks Epcot World Showcase Italy La Vita Bella Pin New with Card,"Please rely on the photo, rather than the description. Parks Epcot World Showcase Italy La Vita Bella Card",1,Buy it Now,22.24,0-1 oz,TRUE,Not Hazmat,Used,,IMG_2618-1,https://i.ibb.co/MDMC711F/IMG-2618-pin-1.jpg,,,,,,,
Disneyana,Disney Pins,Nightmare Before Christmas Lock Shock Barrel Trading,Disney the Nightmare Before Christmas Lock Shock and Barrel Trading Pin,"Please rely on the photo, rather than the description. Nightmare Before Christmas Lock Shock Barrel Trading",1,Buy it Now,17.95,0-1 oz,TRUE,Not Hazmat,Used,,IMG_2618-2,https://i.ibb.co/99FGQ6js/IMG-2618-pin-2.jpg,,,,,,,
Disneyana,Disney Pins,Cruise Line Fantasy Dumbo & Timothy Mouse Painting Ship Card,DISNEY CRUISE LINE FANTASY DUMBO & TIMOTHY MOUSE PAINTING SHIP NEW ON CARD,"Please rely on the photo, rather than the description. Cruise Line Fantasy Dumbo & Timothy Mouse Painting Ship Card",1,Buy it Now,15.99,0-1 oz,TRUE,Not Hazmat,Used,,IMG_2618-3,https://i.ibb.co/twVn8T9r/IMG-2618-pin-3.jpg,,,,,,,
Disneyana,Disney Pins,2026 Parks Magical Theater Series - Aladdin Genie Le 4500 - Hand,2026 Disney Parks Magical Theater Series - Aladdin Genie LE 4500 Pin - IN HAND!,"Please rely on the photo, rather than the description. 2026 Parks Magical Theater Series - Aladdin Genie Le 4500 - Hand",1,Buy it Now,49.99,0-1 oz,TRUE,Not Hazmat,Used,,IMG_2618-4,https://i.ibb.co/pjxLmTY7/IMG-2618-pin-4.jpg,,,,,,,
Disneyana,Disney Pins,2025 Trading 25th Anniversary Mickey Pin-tacular Lr,2025 DISNEY PIN TRADING 25TH ANNIVERSARY MICKEY PIN-TACULAR LR,"Please rely on the photo, rather than the description. 2025 Trading 25th Anniversary Mickey Pin-tacular Lr",1,Buy it Now,20.0,0-1 oz,TRUE,Not Hazmat,Used,,IMG_2618-6,https://i.ibb.co/6R4T7RpX/IMG-2618-pin-6.jpg,,,,,,,
Disneyana,Disney Pins,2025 Parks 25th Anniversary Minnie Mouse Pin-nerific Lr,2025 Disney Parks 25th Pin Anniversary Minnie Mouse PIN-NERIFIC LR Pin,"Please rely on the photo, rather than the description. 2025 Parks 25th Anniversary Minnie Mouse Pin-nerific Lr",1,Buy it Now,29.77,0-1 oz,TRUE,Not Hazmat,Used,,IMG_2618-7,https://i.ibb.co/RkpLcQVp/IMG-2618-pin-7.jpg,,,,,,,
Disneyana,Disney Pins,Parks Big Hero 6 Fred,Disney Parks Big Hero 6 Fred Pin New,"Please rely on the photo, rather than the description. Parks Big Hero 6 Fred",1,Buy it Now,8.99,0-1 oz,TRUE,Not Hazmat,Used,,IMG_2618-8,https://i.ibb.co/V0JGWvck/IMG-2618-pin-8.jpg,,,,,,,
Disneyana,Disney Pins,Wdi Gift Tag Ornament 2015 Jack Skellington Nightmare Before Christmas, WDI Gift Tag Ornament  2015 Jack Skellington Nightmare Before Christmas Pin ,"Please rely on the photo, rather than the description. Wdi Gift Tag Ornament 2015 Jack Skellington Nightmare Before Christmas",1,Buy it Now,150.0,0-1 oz,TRUE,Not Hazmat,Used,,IMG_2618-9,https://i.ibb.co/mrzyd44J/IMG-2618-pin-9.jpg,,,,,,,
Disneyana,Disney Pins,2025 Mickey S Not So Scary Halloween Party Mystery Cauldron Pluto,2025 Disney Mickey's Not So Scary Halloween Party Mystery Cauldron Pin PLUTO New,"Please rely on the photo, rather than the description. 2025 Mickey S Not So Scary Halloween Party Mystery Cauldron Pluto",1,Buy it Now,23.99,0-1 oz,TRUE,Not Hazmat,Used,,IMG_2619-10,https://i.ibb.co/HD7MspXG/IMG-2619-pin-10.jpg,,,,,,,
Disneyana,Disney Pins,2024 - Stitch - Ice Cream Cone Dripping His Head - Stitchs Snack Attack Mys,2024 - Stitch - Ice Cream Cone Dripping From His Head - Stitchs Snack Attack Mys,"Please rely on the photo, rather than the description. 2024 - Stitch - Ice Cream Cone Dripping His Head - Stitchs Snack Attack Mys",1,Buy it Now,9.2,0-1 oz,TRUE,Not Hazmat,Used,,IMG_2619-11,https://i.ibb.co/gL5Lk4B1/IMG-2619-pin-11.jpg,,,,,,,
Disneyana,Disney Pins,D23 Halloween Boo-nanza Lonesome Ghosts Short 2025 Le Lr Event,RARE Disney Pin D23 Halloween Boo-nanza Lonesome Ghosts Short 2025 LE LR Event,"Please rely on the photo, rather than the description. D23 Halloween Boo-nanza Lonesome Ghosts Short 2025 Le Lr Event",1,Buy it Now,99.95,0-1 oz,TRUE,Not Hazmat,Used,,IMG_2619-12,https://i.ibb.co/VYZqzh0M/IMG-2619-pin-12.jpg,,,,,,,
Disneyana,Disney Pins,Loungefly Princess Tea Party Tiana Ray Chair Mystery G2,Loungefly Disney Princess Tea Party Tiana Ray Chair Mystery Pin G2,"Please rely on the photo, rather than the description. Loungefly Princess Tea Party Tiana Ray Chair Mystery G2",1,Buy it Now,14.95,0-1 oz,TRUE,Not Hazmat,Used,,IMG_2619-14,https://i.ibb.co/JFt8p0FL/IMG-2619-pin-14.jpg,,,,,,,
Disneyana,Disney Pins,Parks 2025 Character Trash Bins Cans Mystery Wdw Various,Disney Parks 2025 Character Trash Bins Cans Mystery Pins WDW Various NEW,"Please rely on the photo, rather than the description. Parks 2025 Character Trash Bins Cans Mystery Wdw Various",1,Buy it Now,20.97,0-1 oz,TRUE,Not Hazmat,Used,,IMG_2619-15,https://i.ibb.co/9k3wWbd0/IMG-2619-pin-15.jpg,,,,,,,
Disneyana,Disney Pins,- Pluto 95th Anniversary - Head Dangle - Le3000 2025,Disney - Pluto 95th Anniversary - Head Dangle - LE3000 2025 Pin,"Please rely on the photo, rather than the description. - Pluto 95th Anniversary - Head Dangle - Le3000 2025",1,Buy it Now,24.99,0-1 oz,TRUE,Not Hazmat,Used,,IMG_2619-16,https://i.ibb.co/GQCfXZ7Z/IMG-2619-pin-16.jpg,,,,,,,
Disneyana,Disney Pins,Parks Popsicle Mystery Pluto,Disney Parks Popsicle Mystery Pluto Pin,"Please rely on the photo, rather than the description. Parks Popsicle Mystery Pluto",1,Buy it Now,8.95,0-1 oz,TRUE,Not Hazmat,Used,,IMG_2619-17,https://i.ibb.co/KjkcmFHG/IMG-2619-pin-17.jpg,,,,,,,
Disneyana,Disney Pins,Pluto Dapper Dan 2024 Series Main Street Usa Magic Kingdom Wdw,Disney Pin Pluto Dapper Dan 2024 Series Main Street USA Magic Kingdom WDW,"Please rely on the photo, rather than the description. Pluto Dapper Dan 2024 Series Main Street Usa Magic Kingdom Wdw",1,Buy it Now,7.99,0-1 oz,TRUE,Not Hazmat,Used,,IMG_2619-18,https://i.ibb.co/S7dQThyK/IMG-2619-pin-18.jpg,,,,,,,
Disneyana,Disney Pins,2025 - Pluto - International Food Wine Festival - Lr -,2025 - Pluto - International Food and Wine Festival - LR - Disney Pin,"Please rely on the photo, rather than the description. 2025 - Pluto - International Food Wine Festival - Lr -",1,Buy it Now,14.37,0-1 oz,TRUE,Not Hazmat,Used,,IMG_2619-19,https://i.ibb.co/HDV4M9qW/IMG-2619-pin-19.jpg,,,,,,,
Disneyana,Disney Pins,2026 Parks Best Day Ever Mystery Box - Pluto Balloons,2026 Disney Parks Best Day Ever Mystery Box Pin - Pluto with Balloons ONLY,"Please rely on the photo, rather than the description. 2026 Parks Best Day Ever Mystery Box - Pluto Balloons",1,Buy it Now,23.7,0-1 oz,TRUE,Not Hazmat,Used,,IMG_2619-1,https://i.ibb.co/8gM8kCx5/IMG-2619-pin-1.jpg,,,,,,,
Disneyana,Disney Pins,Wreck It Ralph Suger Rush Racer Mystery Gloyd Orangboar 165121,Wreck It Ralph Suger Rush Racer Mystery Gloyd Orangboar Disney Pin 165121,"Please rely on the photo, rather than the description. Wreck It Ralph Suger Rush Racer Mystery Gloyd Orangboar 165121",1,Buy it Now,11.95,0-1 oz,TRUE,Not Hazmat,Used,,IMG_2619-21,https://i.ibb.co/MkM0nB0k/IMG-2619-pin-21.jpg,,,,,,,
Disneyana,Disney Pins,Pluto S Pumpkin Pursuit 2025 Limited Edition Le 5000,Pluto's Pumpkin Pursuit 2025 Pin Limited Edition LE 5000,"Please rely on the photo, rather than the description. Pluto S Pumpkin Pursuit 2025 Limited Edition Le 5000",1,Buy it Now,35.0,0-1 oz,TRUE,Not Hazmat,Used,,IMG_2619-23,https://i.ibb.co/mfYk96w/IMG-2619-pin-23.jpg,,,,,,,
Disneyana,Disney Pins,2025 Wave B Wdw Hidden Pluto Bubble Wand,2025 Wave B WDW Hidden Disney Pluto Bubble Wand Pin,"Please rely on the photo, rather than the description. 2025 Wave B Wdw Hidden Pluto Bubble Wand",1,Buy it Now,10.0,0-1 oz,TRUE,Not Hazmat,Used,,IMG_2619-26,https://i.ibb.co/R4Ty1YW8/IMG-2619-pin-26.jpg,,,,,,,
Disneyana,Disney Pins,Palm Villains Black Gold Series - Lion King Scar Le 200,Disney PALM Villains Black and Gold Series - Lion King Scar LE 200,"Please rely on the photo, rather than the description. Palm Villains Black Gold Series - Lion King Scar Le 200",1,Buy it Now,25.0,0-1 oz,TRUE,Not Hazmat,Used,,IMG_2619-27,https://i.ibb.co/sphsxyNb/IMG-2619-pin-27.jpg,,,,,,,
Disneyana,Disney Pins,Pluto - Bones 2024 F5,Pluto - Bones 2024 Disney Pin F5,"Please rely on the photo, rather than the description. Pluto - Bones 2024 F5",1,Buy it Now,15.95,0-1 oz,TRUE,Not Hazmat,Used,,IMG_2619-28,https://i.ibb.co/WNpYbgLM/IMG-2619-pin-28.jpg,,,,,,,
Disneyana,Disney Pins,2025 Epcot Center Pavilion Symbol Nemo Mystery Box Finding Nemo,2025 Disney EPCOT Center Pavilion Symbol Nemo Pin Mystery Box Finding Nemo,"Please rely on the photo, rather than the description. 2025 Epcot Center Pavilion Symbol Nemo Mystery Box Finding Nemo",1,Buy it Now,19.99,0-1 oz,TRUE,Not Hazmat,Used,,IMG_2619-29,https://i.ibb.co/Y936px0/IMG-2619-pin-29.jpg,,,,,,,
Disneyana,Disney Pins,2025 - Pluto Suitcase -,2025 - Pluto with Suitcase - Disney Pin,"Please rely on the photo, rather than the description. 2025 - Pluto Suitcase -",1,Buy it Now,9.77,0-1 oz,TRUE,Not Hazmat,Used,,IMG_2619-2,https://i.ibb.co/0yJFD4tN/IMG-2619-pin-2.jpg,,,,,,,
Disneyana,Disney Pins,2000 Year Character O Mini Retired,Disney 2000 Year Character O Mini Pin Retired Pin,"Please rely on the photo, rather than the description. 2000 Year Character O Mini Retired",1,Buy it Now,39.0,0-1 oz,TRUE,Not Hazmat,Used,,IMG_2619-30,https://i.ibb.co/7HH7Wc6/IMG-2619-pin-30.jpg,,,,,,,
Disneyana,Disney Pins,Parks 2025 Mini Mixits Mix Mystery Pluto Haunted Mansion Hat,Disney Parks 2025 NEW Mini MixIts Mix Its  Mystery Pin Pluto Haunted Mansion Hat,"Please rely on the photo, rather than the description. Parks 2025 Mini Mixits Mix Mystery Pluto Haunted Mansion Hat",1,Buy it Now,19.95,0-1 oz,TRUE,Not Hazmat,Used,,IMG_2619-3,https://i.ibb.co/qMWpzYB4/IMG-2619-pin-3.jpg,,,,,,,
Disneyana,Disney Pins,Disneysea Raging Spirits Fast Pass Mickey Badge Set,DisneySea Raging Spirits Fast Pass Mickey Pin Badge Set,"Please rely on the photo, rather than the description. Disneysea Raging Spirits Fast Pass Mickey Badge Set",1,Buy it Now,29.91,0-1 oz,TRUE,Not Hazmat,Used,,IMG_2619-4,https://i.ibb.co/ym8zf3K6/IMG-2619-pin-4.jpg,,,,,,,
Disneyana,Disney Pins,25 Years Trading 2025 Mystery - Pluto,Disney 25 Years Of Pin Trading 2025 Mystery Pin - Pluto  ONLY New,"Please rely on the photo, rather than the description. 25 Years Trading 2025 Mystery - Pluto",1,Buy it Now,29.99,0-1 oz,TRUE,Not Hazmat,Used,,IMG_2619-5,https://i.ibb.co/twhvRqrr/IMG-2619-pin-5.jpg,,,,,,,
Disneyana,Disney Pins,Genie 2024 Aladdin Dated Year Booster 168786,Genie 2024 Aladdin Dated Year Booster Disney Pin 168786,"Please rely on the photo, rather than the description. Genie 2024 Aladdin Dated Year Booster 168786",1,Buy it Now,12.75,0-1 oz,TRUE,Not Hazmat,Used,,IMG_2619-8,https://i.ibb.co/CK7rbk8S/IMG-2619-pin-8.jpg,,,,,,,
Disneyana,Disney Pins,- Mickey Mouse Club Mystery 2024 - Pluto Drum,Disney Pin - Mickey Mouse Club Mystery 2024 - Pluto on Drum,"Please rely on the photo, rather than the description. - Mickey Mouse Club Mystery 2024 - Pluto Drum",1,Buy it Now,8.99,0-1 oz,TRUE,Not Hazmat,Used,,IMG_2619-9,https://i.ibb.co/Jjwd4qxb/IMG-2619-pin-9.jpg,,,,,,,
Disneyana,Disney Pins,2025 Parks Mickey S Very Merry Christmas Mystery Toy Soldier & Box,2025 Disney Parks Mickey's Very Merry Christmas Mystery Pin Toy Soldier A & Box,"Please rely on the photo, rather than the description. 2025 Parks Mickey S Very Merry Christmas Mystery Toy Soldier & Box",1,Buy it Now,23.0,0-1 oz,TRUE,Not Hazmat,Used,,IMG_2620-10,https://i.ibb.co/PpvZ5Mb/IMG-2620-pin-10.jpg,,,,,,,
Disneyana,Disney Pins,2025 Epcot Food & Wine Festival Muppets Lab Beaker & Dr. Honeydew,"2025 Epcot Food & Wine Festival Muppets Lab, Beaker & Dr. Honeydew Pin","Please rely on the photo, rather than the description. 2025 Epcot Food & Wine Festival Muppets Lab Beaker & Dr. Honeydew",1,Buy it Now,27.99,0-1 oz,TRUE,Not Hazmat,Used,,IMG_2620-11,https://i.ibb.co/sp1H74BL/IMG-2620-pin-11.jpg,,,,,,,
Disneyana,Disney Pins,2025 Parks Nightmare Before Christmas Nbc Pin-you,NEW 2025 Disney Parks Nightmare Before Christmas Pins NBC Disney Pin-YOU CHOOSE,"Please rely on the photo, rather than the description. 2025 Parks Nightmare Before Christmas Nbc Pin-you",1,Buy it Now,22.5,0-1 oz,TRUE,Not Hazmat,Used,,IMG_2620-12,https://i.ibb.co/MyzgPZB9/IMG-2620-pin-12.jpg,,,,,,,
Disneyana,Disney Pins,Star Wars Ahsoka Tano Jedi 2025 Parks Trading Starter,Star Wars Ahsoka Tano Jedi Pin 2025 from Disney Parks Trading Starter Pin (D),"Please rely on the photo, rather than the description. Star Wars Ahsoka Tano Jedi 2025 Parks Trading Starter",1,Buy it Now,29.95,0-1 oz,TRUE,Not Hazmat,Used,,IMG_2620-13,https://i.ibb.co/NRLhxSm/IMG-2620-pin-13.jpg,,,,,,,
Disneyana,Disney Pins,Cast Member Hidden 2020 Marvel Avengers Hulk Release,Disney Cast Member Hidden Pin 2020 Marvel Avengers Hulk New Release,"Please rely on the photo, rather than the description. Cast Member Hidden 2020 Marvel Avengers Hulk Release",1,Buy it Now,13.0,0-1 oz,TRUE,Not Hazmat,Used,,IMG_2620-14,https://i.ibb.co/DjBp96K/IMG-2620-pin-14.jpg,,,,,,,
Disneyana,Disney Pins,Han Solo I Know Han Leia Valentines 2016 Star Wars 113241,Han Solo I Know Han and Leia Valentines 2016 Star Wars Disney Pin 113241,"Please rely on the photo, rather than the description. Han Solo I Know Han Leia Valentines 2016 Star Wars 113241",1,Buy it Now,13.5,0-1 oz,TRUE,Not Hazmat,Used,,IMG_2620-19,https://i.ibb.co/5h5VxxTP/IMG-2620-pin-19.jpg,,,,,,,
Disneyana,Disney Pins,Disneyland Halloween 2025 Rundisney Marathon Yoga Queen Hearts Lr,Disneyland Halloween 2025 runDisney Marathon Yoga Queen of Hearts LR Pin,"Please rely on the photo, rather than the description. Disneyland Halloween 2025 Rundisney Marathon Yoga Queen Hearts Lr",1,Buy it Now,34.95,0-1 oz,TRUE,Not Hazmat,Used,,IMG_2620-20,https://i.ibb.co/KxxrMQJY/IMG-2620-pin-20.jpg,,,,,,,
Disneyana,Disney Pins,155966 Spider Man Marvel Unified Characters 100 Avengers Rectangle,Disney pin 155966 Spider Man Marvel Unified Characters 100 Avengers Rectangle,"Please rely on the photo, rather than the description. 155966 Spider Man Marvel Unified Characters 100 Avengers Rectangle",1,Buy it Now,14.99,0-1 oz,TRUE,Not Hazmat,Used,,IMG_2620-21,https://i.ibb.co/BVrqDm04/IMG-2620-pin-21.jpg,,,,,,,
Disneyana,Disney Pins,Stitch Frosted Blueberry Loaf Munchlings Lilo & Stitch Mystery 168590,Stitch Frosted Blueberry Loaf Munchlings Lilo & Stitch Mystery Disney Pin 168590,"Please rely on the photo, rather than the description. Stitch Frosted Blueberry Loaf Munchlings Lilo & Stitch Mystery 168590",1,Buy it Now,19.99,0-1 oz,TRUE,Not Hazmat,Used,,IMG_2620-22,https://i.ibb.co/zTJmTnRB/IMG-2620-pin-22.jpg,,,,,,,
Disneyana,Disney Pins,Palm Le 200 Fear Inside Out 2 Tiny Mini Micro Mystery Pink La Mode,PALM LE 200 Fear Inside Out 2 Tiny Mini Micro Mystery Pink a La Mode Disney Pin,"Please rely on the photo, rather than the description. Palm Le 200 Fear Inside Out 2 Tiny Mini Micro Mystery Pink La Mode",1,Buy it Now,39.99,0-1 oz,TRUE,Not Hazmat,Used,,IMG_2620-24,https://i.ibb.co/fYK5WFKs/IMG-2620-pin-24.jpg,,,,,,,
Disneyana,Disney Pins,Parks 25th Anniversary Trading Stitch W/ Board Oe,NEW Walt Disney Parks 25th Anniversary Pin Trading Stitch w/ Pin Board Pin OE,"Please rely on the photo, rather than the description. Parks 25th Anniversary Trading Stitch W/ Board Oe",1,Buy it Now,19.95,0-1 oz,TRUE,Not Hazmat,Used,,IMG_2620-2,https://i.ibb.co/ZR5gcxRm/IMG-2620-pin-2.jpg,,,,,,,
Disneyana,Disney Pins,100 Years Woody Le 300 Pink Al Mode Brand,Disney 100 Years Woody LE 300 pin Pink Al a Mode Brand New,"Please rely on the photo, rather than the description. 100 Years Woody Le 300 Pink Al Mode Brand",1,Buy it Now,54.88,0-1 oz,TRUE,Not Hazmat,Used,,IMG_2620-3,https://i.ibb.co/rR4f52L9/IMG-2620-pin-3.jpg,,,,,,,
Disneyana,Disney Pins,D23 Mog Wdi Mickeys Glendale Maps Jungle Book Kaa Le,D23 MOG WDI Mickeys of Glendale Disney Maps The Jungle Book Pin Kaa ONLY Le,"Please rely on the photo, rather than the description. D23 Mog Wdi Mickeys Glendale Maps Jungle Book Kaa Le",1,Buy it Now,40.0,0-1 oz,TRUE,Not Hazmat,Used,,IMG_2620-4,https://i.ibb.co/sBN1sgF/IMG-2620-pin-4.jpg,,,,,,,
Disneyana,Disney Pins,Loungefly - Princess Bows 2025 Series - Mulan,Disney Loungefly Pin - Princess Bows 2025 Series - Mulan,"Please rely on the photo, rather than the description. Loungefly - Princess Bows 2025 Series - Mulan",1,Buy it Now,18.99,0-1 oz,TRUE,Not Hazmat,Used,,IMG_2620-5,https://i.ibb.co/k26bmFcV/IMG-2620-pin-5.jpg,,,,,,,
Disneyana,Disney Pins,Dlr Constance Bride Haunted Mansion Attraction Map Puzzle 2025,DLR Constance Bride Haunted Mansion Attraction Map Puzzle 2025 Disney Pin (F),"Please rely on the photo, rather than the description. Dlr Constance Bride Haunted Mansion Attraction Map Puzzle 2025",1,Buy it Now,149.95,0-1 oz,TRUE,Not Hazmat,Used,,IMG_2620-6,https://i.ibb.co/whtKSBtw/IMG-2620-pin-6.jpg,,,,,,,
Disneyana,Disney Pins,Trading Around World- Presidents Day 2004 Dwp008,Disney Pin Trading Around the World- Presidents'  Day 2004 **DWP008**,"Please rely on the photo, rather than the description. Trading Around World- Presidents Day 2004 Dwp008",1,Buy it Now,9.0,0-1 oz,TRUE,Not Hazmat,Used,,IMG_2620-7,https://i.ibb.co/1GSTTMg4/IMG-2620-pin-7.jpg,,,,,,,
Disneyana,Disney Pins,- Lilo & Stitch - Photography Mystery - Record Player,Disney - Lilo & Stitch - Photography Mystery Pin - Record Player,"Please rely on the photo, rather than the description. - Lilo & Stitch - Photography Mystery - Record Player",1,Buy it Now,11.99,0-1 oz,TRUE,Not Hazmat,Used,,IMG_2620-8,https://i.ibb.co/VcHRtKNs/IMG-2620-pin-8.jpg,,,,,,,
Disneyana,Disney Pins,Trading Captain Marvel Carol Danvers,Disney Trading Pins Captain Marvel Carol Danvers,"Please rely on the photo, rather than the description. Trading Captain Marvel Carol Danvers",1,Buy it Now,14.99,0-1 oz,TRUE,Not Hazmat,Used,,IMG_2620-9,https://i.ibb.co/R8y9xWn/IMG-2620-pin-9.jpg,,,,,,,
Disneyana,Disney Pins,Loungefly Princess Jasmine Aladdin Mystery Box,Disney Loungefly Princess Jasmine Aladdin Mystery Box Pin (C6),"Please rely on the photo, rather than the description. Loungefly Princess Jasmine Aladdin Mystery Box",1,Buy it Now,18.95,0-1 oz,TRUE,Not Hazmat,Used,,IMG_2621-10,https://i.ibb.co/PvygfWSW/IMG-2621-pin-10.jpg,,,,,,,
Disneyana,Disney Pins,Hkdl 2025 Lunar Chinese Year Mystery Duffy & Friends Shelliemay,HKDL 2025 Lunar Chinese New Year Mystery Duffy & Friends ShellieMay Disney Pin,"Please rely on the photo, rather than the description. Hkdl 2025 Lunar Chinese Year Mystery Duffy & Friends Shelliemay",1,Buy it Now,20.0,0-1 oz,TRUE,Not Hazmat,Used,,IMG_2621-11,https://i.ibb.co/V0YhPKXS/IMG-2621-pin-11.jpg,,,,,,,
Disneyana,Disney Pins,2015 Hkdl Hong Kong Photopass Collection Minnie Mouse,2015 HKDL Hong Kong Photopass Collection Minnie Mouse Disney Pin,"Please rely on the photo, rather than the description. 2015 Hkdl Hong Kong Photopass Collection Minnie Mouse",1,Buy it Now,29.95,0-1 oz,TRUE,Not Hazmat,Used,,IMG_2621-12,https://i.ibb.co/ksqPh9QJ/IMG-2621-pin-12.jpg,,,,,,,
Disneyana,Disney Pins,Figpin Mystery Mini - Lilo & Stitch Series 2 - Experiment 627 Common Glitter,FiGPiN Mystery Mini - Lilo & Stitch Series 2 - Experiment #627 Common Glitter,"Please rely on the photo, rather than the description. Figpin Mystery Mini - Lilo & Stitch Series 2 - Experiment 627 Common Glitter",1,Buy it Now,23.0,0-1 oz,TRUE,Not Hazmat,Used,,IMG_2621-14,https://i.ibb.co/kCm8XJS/IMG-2621-pin-14.jpg,,,,,,,
Disneyana,Disney Pins,Princess Jasmine Aladdin Folding Fan Dangle Mystery Box Lunch,Disney PRINCESS JASMINE Aladdin Folding Fan Dangle Mystery Box Lunch Pin New,"Please rely on the photo, rather than the description. Princess Jasmine Aladdin Folding Fan Dangle Mystery Box Lunch",1,Buy it Now,19.99,0-1 oz,TRUE,Not Hazmat,Used,,IMG_2621-16,https://i.ibb.co/y7Zp6qc/IMG-2621-pin-16.jpg,,,,,,,
Disneyana,Disney Pins,Parks Epcot World Showcase Italy La Vita E Bella Mickey 2024,NEW Disney Parks Epcot World Showcase Italy La Vita E Bella Mickey 2024 Pin,"Please rely on the photo, rather than the description. Parks Epcot World Showcase Italy La Vita E Bella Mickey 2024",1,Buy it Now,14.95,0-1 oz,TRUE,Not Hazmat,Used,,IMG_2621-1,https://i.ibb.co/LDgQPgGY/IMG-2621-pin-1.jpg,,,,,,,
Disneyana,Disney Pins,Dlr Haunted Mansion Holliday Nbc Stretching Portrait Le 3600 Scary Teddy,Disney DLR Haunted Mansion Holliday NBC Stretching Portrait LE 3600 Scary Teddy,"Please rely on the photo, rather than the description. Dlr Haunted Mansion Holliday Nbc Stretching Portrait Le 3600 Scary Teddy",1,Buy it Now,25.0,0-1 oz,TRUE,Not Hazmat,Used,,IMG_2621-2,https://i.ibb.co/Kpzd2XbS/IMG-2621-pin-2.jpg,,,,,,,
Disneyana,Disney Pins,Hkdl Hong Kong Graduation Cap Hat Tassle Ballerina Dance Stella Lou,HKDL Hong Kong Graduation Cap Hat Tassle Ballerina Dance Stella Lou Disney Pin,"Please rely on the photo, rather than the description. Hkdl Hong Kong Graduation Cap Hat Tassle Ballerina Dance Stella Lou",1,Buy it Now,34.95,0-1 oz,TRUE,Not Hazmat,Used,,IMG_2621-3,https://i.ibb.co/yMX6L9d/IMG-2621-pin-3.jpg,,,,,,,
Disneyana,Disney Pins,Card World Park Icons 2025 Hollywood Studios Tower Terror,^New on Card Disney World Park Icons 2025 Hollywood Studios Tower Of Terror Pin,"Please rely on the photo, rather than the description. Card World Park Icons 2025 Hollywood Studios Tower Terror",1,Buy it Now,18.0,0-1 oz,TRUE,Not Hazmat,Used,,IMG_2621-4,https://i.ibb.co/Ld79Jgps/IMG-2621-pin-4.jpg,,,,,,,
Disneyana,Disney Pins,Booster Violetta Channel Disneyland Paris Dlp Dlrp,Disney Pin Booster Violetta Disney Channel Disneyland Paris DLP DLRP,"Please rely on the photo, rather than the description. Booster Violetta Channel Disneyland Paris Dlp Dlrp",1,Buy it Now,34.99,0-1 oz,TRUE,Not Hazmat,Used,,IMG_2621-5,https://i.ibb.co/Xrcch0XV/IMG-2621-pin-5.jpg,,,,,,,
Disneyana,Disney Pins,Boxlunch Exclusive Pinocchio Figaro & Cleo Cat Hanging Plant Dangle,Disney BoxLunch Exclusive Pinocchio Figaro & Cleo Cat Hanging Plant Dangle Pin,"Please rely on the photo, rather than the description. Boxlunch Exclusive Pinocchio Figaro & Cleo Cat Hanging Plant Dangle",1,Buy it Now,24.99,0-1 oz,TRUE,Not Hazmat,Used,,IMG_2621-6,https://i.ibb.co/Hpk6pkdm/IMG-2621-pin-6.jpg,,,,,,,
Disneyana,Disney Pins,Mystery Bag 2026 Parks Ice Cream Popsicle Series 2,Mystery Bag 2026 Disney Parks Ice Cream Popsicle Pin Series 2,"Please rely on the photo, rather than the description. Mystery Bag 2026 Parks Ice Cream Popsicle Series 2",1,Buy it Now,16.95,0-1 oz,TRUE,Not Hazmat,Used,,IMG_2621-7,https://i.ibb.co/sJpgRR8J/IMG-2621-pin-7.jpg,,,,,,,
Disneyana,Disney Pins,2021 Destination D23 Marvel Loki Alligator Day Pin-,2021 Destination D23 Marvel Loki Alligator Disney+ Day Pin- Rare,"Please rely on the photo, rather than the description. 2021 Destination D23 Marvel Loki Alligator Day Pin-",1,Buy it Now,26.0,0-1 oz,TRUE,Not Hazmat,Used,,IMG_2621-8,https://i.ibb.co/gLWnJpVw/IMG-2621-pin-8.jpg,,,,,,,
Disneyana,Disney Pins,Disneyland Paris Dlp Mickey Mouse Music Festival,Disneyland Paris DLP Mickey Mouse Music Festival Pin,"Please rely on the photo, rather than the description. Disneyland Paris Dlp Mickey Mouse Music Festival",1,Buy it Now,25.0,0-1 oz,TRUE,Not Hazmat,Used,,IMG_2621-9,https://i.ibb.co/vCRh67px/IMG-2621-pin-9.jpg,,,,,,,
Disneyana,Disney Pins,Pixar Party 2016 - John Ratzenberger Mystery Set - Bugs Life - P.t. Flea,Pixar Party 2016 - John Ratzenberger Mystery Set - A Bugs Life - P.T. Flea Pin,"Please rely on the photo, rather than the description. Pixar Party 2016 - John Ratzenberger Mystery Set - Bugs Life - P.t. Flea",1,Buy it Now,14.95,0-1 oz,TRUE,Not Hazmat,Used,,IMG_2622-2,https://i.ibb.co/v6KQCSnM/IMG-2622-pin-2.jpg,,,,,,,
Disneyana,Disney Pins,Disneyland Paris Dlp - I Le 425 - Hades Hercules,Disney Pin Disneyland Paris DLP - I See You! LE 425 - Hades from Hercules,"Please rely on the photo, rather than the description. Disneyland Paris Dlp - I Le 425 - Hades Hercules",1,Buy it Now,52.99,0-1 oz,TRUE,Not Hazmat,Used,,IMG_2622-3,https://i.ibb.co/rf3Gp38q/IMG-2622-pin-3.jpg,,,,,,,
Disneyana,Disney Pins,Shere Khan - Jungle Book - Villains Mickey Head Mystery -,Shere Khan - Jungle Book - Disney Villains Mickey Head Mystery Pin - NEW,"Please rely on the photo, rather than the description. Shere Khan - Jungle Book - Villains Mickey Head Mystery -",1,Buy it Now,29.0,0-1 oz,TRUE,Not Hazmat,Used,,IMG_2622-4,https://i.ibb.co/HTsPhSMq/IMG-2622-pin-4.jpg,,,,,,,
Disneyana,Disney Pins,Lilo Stitch Snack Attack Limited Edition 2/12,Lilo And Stitch Snack Attack Limited Edition Pins 2/12,"Please rely on the photo, rather than the description. Lilo Stitch Snack Attack Limited Edition 2/12",1,Buy it Now,50.0,0-1 oz,TRUE,Not Hazmat,Used,,IMG_2622-6,https://i.ibb.co/CpCKDGrw/IMG-2622-pin-6.jpg,,,,,,,
Disneyana,Disney Pins,D23 2025 Gold Member Exclusive Turning Red Red Panda Mei E7,D23 2025 GOLD MEMBER EXCLUSIVE TURNING RED RED PANDA MEI  Disney Pin E7,"Please rely on the photo, rather than the description. D23 2025 Gold Member Exclusive Turning Red Red Panda Mei E7",1,Buy it Now,21.95,0-1 oz,TRUE,Not Hazmat,Used,,IMG_2623-10,https://i.ibb.co/PzjDx6QK/IMG-2623-pin-10.jpg,,,,,,,
Disneyana,Disney Pins,Dlr Disneyland 60th Diamond Decades Le 3000 Opening Day,Disney Pin DLR Disneyland 60th Diamond Decades LE 3000 Opening Day Walt,"Please rely on the photo, rather than the description. Dlr Disneyland 60th Diamond Decades Le 3000 Opening Day",1,Buy it Now,40.0,0-1 oz,TRUE,Not Hazmat,Used,,IMG_2623-11,https://i.ibb.co/Xr8497q9/IMG-2623-pin-11.jpg,,,,,,,
Disneyana,Disney Pins,D23 Fan Club 2025 Gold Member Exclusive Lion King Simba,Disney D23 Fan Club 2025 Gold Member Exclusive Lion King Simba Pin,"Please rely on the photo, rather than the description. D23 Fan Club 2025 Gold Member Exclusive Lion King Simba",1,Buy it Now,17.9,0-1 oz,TRUE,Not Hazmat,Used,,IMG_2623-12,https://i.ibb.co/V0PgQNLv/IMG-2623-pin-12.jpg,,,,,,,
Disneyana,Disney Pins,2020 Gingerbread Collection Board Walk Mickey Limited Card,Disney 2020 Gingerbread Collection Board Walk Mickey Limited Pin New with Card,"Please rely on the photo, rather than the description. 2020 Gingerbread Collection Board Walk Mickey Limited Card",1,Buy it Now,8.99,0-1 oz,TRUE,Not Hazmat,Used,,IMG_2623-14,https://i.ibb.co/FqyVkYX5/IMG-2623-pin-14.jpg,,,,,,,
Disneyana,Disney Pins,Dcl Cruise Line Captain Minnie Mouse Wheel 165857,DCL Disney Cruise Line Captain Minnie Mouse Ships Wheel Pin NEW 165857,"Please rely on the photo, rather than the description. Dcl Cruise Line Captain Minnie Mouse Wheel 165857",1,Buy it Now,29.95,0-1 oz,TRUE,Not Hazmat,Used,,IMG_2623-1,https://i.ibb.co/PZNCg0mt/IMG-2623-pin-1.jpg,,,,,,,
Disneyana,Disney Pins,Cruise Line Dcl Wish Ship Wishing Star Light Atrium Chandelier,Disney Cruise Line DCL Wish Ship Wishing Star Light Atrium Chandelier Pin,"Please rely on the photo, rather than the description. Cruise Line Dcl Wish Ship Wishing Star Light Atrium Chandelier",1,Buy it Now,25.95,0-1 oz,TRUE,Not Hazmat,Used,,IMG_2623-2,https://i.ibb.co/V0FQBCC7/IMG-2623-pin-2.jpg,,,,,,,
Disneyana,Disney Pins,Parks Princess Portrait Silver Frame Jasmine Profile Oe Card,NEW Disney Parks Princess Portrait Silver Frame Jasmine Profile OE Pin On Card,"Please rely on the photo, rather than the description. Parks Princess Portrait Silver Frame Jasmine Profile Oe Card",1,Buy it Now,17.0,0-1 oz,TRUE,Not Hazmat,Used,,IMG_2623-3,https://i.ibb.co/rGcbgPr2/IMG-2623-pin-3.jpg,,,,,,,
Disneyana,Disney Pins,2025 Park Mysterious Monuments Hades God Underworld Le Hand,2025 Disney Park Mysterious Monuments Hades God of the Underworld LE Pin IN HAND,"Please rely on the photo, rather than the description. 2025 Park Mysterious Monuments Hades God Underworld Le Hand",1,Buy it Now,29.99,0-1 oz,TRUE,Not Hazmat,Used,,IMG_2623-4,https://i.ibb.co/HTqn2Z3y/IMG-2623-pin-4.jpg,,,,,,,
Disneyana,Disney Pins,Fred Dragon Big Hero 6 Slider Trading 2024,Disney Fred Dragon Big Hero 6 Slider Trading Pin New 2024,"Please rely on the photo, rather than the description. Fred Dragon Big Hero 6 Slider Trading 2024",1,Buy it Now,14.0,0-1 oz,TRUE,Not Hazmat,Used,,IMG_2623-5,https://i.ibb.co/d0sHS4hV/IMG-2623-pin-5.jpg,,,,,,,
Disneyana,Disney Pins,2026 Parks Magical Theater Series - Aladdin Genie Le 4500 - Hand,2026 Disney Parks Magical Theater Series - Aladdin Genie LE 4500 Pin - IN HAND!,"Please rely on the photo, rather than the description. 2026 Parks Magical Theater Series - Aladdin Genie Le 4500 - Hand",1,Buy it Now,49.99,0-1 oz,TRUE,Not Hazmat,Used,,IMG_2623-6,https://i.ibb.co/4ZTD8Kfj/IMG-2623-pin-6.jpg,,,,,,,
Disneyana,Disney Pins,Palm Princess Moments Mystery Aurora Sleeping Beauty Le 200,Disney PALM Princess Moments Mystery Aurora Sleeping Beauty Pin LE 200,"Please rely on the photo, rather than the description. Palm Princess Moments Mystery Aurora Sleeping Beauty Le 200",1,Buy it Now,32.5,0-1 oz,TRUE,Not Hazmat,Used,,IMG_2623-7,https://i.ibb.co/cXNzFcdP/IMG-2623-pin-7.jpg,,,,,,,
Disneyana,Disney Pins,D23 Fan Club 2025 Gold Member Exclusive - Joy Inside Out - Lr,Disney D23 Fan Club 2025 Gold Member Exclusive - JOY INSIDE OUT - LR Disney Pin,"Please rely on the photo, rather than the description. D23 Fan Club 2025 Gold Member Exclusive - Joy Inside Out - Lr",1,Buy it Now,18.95,0-1 oz,TRUE,Not Hazmat,Used,,IMG_2623-8,https://i.ibb.co/HDcXcXxw/IMG-2623-pin-8.jpg,,,,,,,
Disneyana,Disney Pins,D23 Fan Club 2025 Gold Member Exclusive Lumiere Candlestick Lr,Disney D23 Fan Club 2025 Gold Member Exclusive Lumiere Candlestick LR Disney Pin,"Please rely on the photo, rather than the description. D23 Fan Club 2025 Gold Member Exclusive Lumiere Candlestick Lr",1,Buy it Now,12.0,0-1 oz,TRUE,Not Hazmat,Used,,IMG_2623-9,https://i.ibb.co/nsRDvKb9/IMG-2623-pin-9.jpg,,,,,,,
Disneyana,Disney Pins,2020 Parks Star Wars Empire Strikes Back 40th Chewbacca & C-3po Le,2020 Disney Parks Pin Star Wars Empire Strikes Back 40th Chewbacca & C-3PO LE,"Please rely on the photo, rather than the description. 2020 Parks Star Wars Empire Strikes Back 40th Chewbacca & C-3po Le",1,Buy it Now,17.95,0-1 oz,TRUE,Not Hazmat,Used,,IMG_2624-1,https://i.ibb.co/r2HPM7ff/IMG-2624-pin-1.jpg,,,,,,,
Disneyana,Disney Pins,One Family Hkdl Mystic Manor Lord Mystic & Albert,Disney One Family HKDL Mystic Manor Lord Mystic & Albert Pin ,"Please rely on the photo, rather than the description. One Family Hkdl Mystic Manor Lord Mystic & Albert",1,Buy it Now,26.99,0-1 oz,TRUE,Not Hazmat,Used,,IMG_2624-2,https://i.ibb.co/pBpYW6X6/IMG-2624-pin-2.jpg,,,,,,,
Disneyana,Disney Pins,Hong Kong Stella Lou Friend Duffy Ribbon Dangle Card,Hong Kong Disney Pin STELLA LOU A Friend of Duffy Ribbon Dangle NEW on Card ,"Please rely on the photo, rather than the description. Hong Kong Stella Lou Friend Duffy Ribbon Dangle Card",1,Buy it Now,30.0,0-1 oz,TRUE,Not Hazmat,Used,,IMG_2624-3,https://i.ibb.co/yvk1vSq/IMG-2624-pin-3.jpg,,,,,,,
Disneyana,Disney Pins,Christopher Robin Glitter Star Winnie Pooh Super Figpin,Christopher Robin Glitter Star Winnie the Pooh Super Rare Figpin Disney Pin New,"Please rely on the photo, rather than the description. Christopher Robin Glitter Star Winnie Pooh Super Figpin",1,Buy it Now,38.0,0-1 oz,TRUE,Not Hazmat,Used,,IMG_2624-5,https://i.ibb.co/wFSb44Z5/IMG-2624-pin-5.jpg,,,,,,,
Disneyana,Disney Pins,Gopinpro Hades Villains Mystery Park Trader 2025 Hercules,GoPinPro Hades Disney Villains Mystery Park Trader 2025 Hercules Disney Pin (F),"Please rely on the photo, rather than the description. Gopinpro Hades Villains Mystery Park Trader 2025 Hercules",1,Buy it Now,23.95,0-1 oz,TRUE,Not Hazmat,Used,,IMG_2625-13,https://i.ibb.co/BKBPwMBn/IMG-2625-pin-13.jpg,,,,,,,
Disneyana,Disney Pins,2025 Gopinpro Inside Out 2 Mystery,Disney 2025 GoPinPro Inside Out 2 Mystery pin,"Please rely on the photo, rather than the description. 2025 Gopinpro Inside Out 2 Mystery",1,Buy it Now,18.0,0-1 oz,TRUE,Not Hazmat,Used,,IMG_2625-19,https://i.ibb.co/9kP2BxZk/IMG-2625-pin-19.jpg,,,,,,,
Disneyana,Disney Pins,Muppets Miss Piggy - Gopinpro Mystery Trader Pack Exclusive,Disney The Muppets Miss Piggy Pin - GoPinPro Mystery Trader Pack Exclusive (B),"Please rely on the photo, rather than the description. Muppets Miss Piggy - Gopinpro Mystery Trader Pack Exclusive",1,Buy it Now,16.99,0-1 oz,TRUE,Not Hazmat,Used,,IMG_2625-20,https://i.ibb.co/wFy8PHPx/IMG-2625-pin-20.jpg,,,,,,,
Disneyana,Disney Pins,Twdcs Dec Store License Plate Mystery Box Mickey Mouse 2025,Disney TWDCS DEC Store License Plate Mystery Box Pin Mickey Mouse 2025,"Please rely on the photo, rather than the description. Twdcs Dec Store License Plate Mystery Box Mickey Mouse 2025",1,Buy it Now,32.0,0-1 oz,TRUE,Not Hazmat,Used,,IMG_2625-26,https://i.ibb.co/HLsv54hS/IMG-2625-pin-26.jpg,,,,,,,
Disneyana,Disney Pins,2026 Swiss Family Treehouse Attraction Puzzle May Mystery,2026 Disney Swiss Family Treehouse Attraction Puzzle May Disney Mystery Pin,"Please rely on the photo, rather than the description. 2026 Swiss Family Treehouse Attraction Puzzle May Mystery",1,Buy it Now,45.0,0-1 oz,TRUE,Not Hazmat,Used,,IMG_2625-28,https://i.ibb.co/bgnqYCDY/IMG-2625-pin-28.jpg,,,,,,,
Disneyana,Disney Pins,Tokyo Mystery Minnie Mouse Harmony Color Parade Float Japan,Tokyo Disney Mystery Pin MINNIE MOUSE Harmony of Color Parade Float NEW Japan,"Please rely on the photo, rather than the description. Tokyo Mystery Minnie Mouse Harmony Color Parade Float Japan",1,Buy it Now,30.0,0-1 oz,TRUE,Not Hazmat,Used,,IMG_2625-31,https://i.ibb.co/0ppqz747/IMG-2625-pin-31.jpg,,,,,,,
Disneyana,Disney Pins,Palm Pink La Mode Muppets Animal Drums,PALM Pink A La Mode Muppets Animal with Drums Disney Pin,"Please rely on the photo, rather than the description. Palm Pink La Mode Muppets Animal Drums",1,Buy it Now,35.95,0-1 oz,TRUE,Not Hazmat,Used,,IMG_2625-34,https://i.ibb.co/HLT0XLnN/IMG-2625-pin-34.jpg,,,,,,,
Disneyana,Disney Pins,Loungefly - Flo Pixar Cars Signs Mystery 2025 C0,Loungefly - Flo  Pixar Cars and Signs Mystery 2025 Disney Pin C0,"Please rely on the photo, rather than the description. Loungefly - Flo Pixar Cars Signs Mystery 2025 C0",1,Buy it Now,19.95,0-1 oz,TRUE,Not Hazmat,Used,,IMG_2625-35,https://i.ibb.co/1NkHH0B/IMG-2625-pin-35.jpg,,,,,,,
Disneyana,Disney Pins,Kingdom Cute Mystery Collection Teacup 122532,Kingdom of Cute Mystery Collection Teacup Disney Pin 122532,"Please rely on the photo, rather than the description. Kingdom Cute Mystery Collection Teacup 122532",1,Buy it Now,12.0,0-1 oz,TRUE,Not Hazmat,Used,,IMG_2625-39,https://i.ibb.co/VWfgMvh7/IMG-2625-pin-39.jpg,,,,,,,
Disneyana,Disney Pins,Loungefly Star Wars Obi-wan Kenobi Backpack Mystery Box Star Wars Prequels,Loungefly Star Wars Obi-Wan Kenobi Backpack Mystery Box Pin Star Wars Prequels,"Please rely on the photo, rather than the description. Loungefly Star Wars Obi-wan Kenobi Backpack Mystery Box Star Wars Prequels",1,Buy it Now,49.99,0-1 oz,TRUE,Not Hazmat,Used,,IMG_2625-3,https://i.ibb.co/r2BzRqYB/IMG-2625-pin-3.jpg,,,,,,,
Disneyana,Disney Pins,Gopinpro Official Licensed Muppets- Dr. Bunsen Honeydew,GoPinPro Official Licensed Disney Pins (Muppets- Dr. Bunsen Honeydew),"Please rely on the photo, rather than the description. Gopinpro Official Licensed Muppets- Dr. Bunsen Honeydew",1,Buy it Now,10.0,0-1 oz,TRUE,Not Hazmat,Used,,IMG_2625-5,https://i.ibb.co/vxYqsKxm/IMG-2625-pin-5.jpg,,,,,,,
Disneyana,Disney Pins,2025 Gopinpro Wall-e Mystery,Disney 2025 GoPinPro Wall-e Mystery pin,"Please rely on the photo, rather than the description. 2025 Gopinpro Wall-e Mystery",1,Buy it Now,18.0,0-1 oz,TRUE,Not Hazmat,Used,,IMG_2625-9,https://i.ibb.co/JjLdBsjs/IMG-2625-pin-9.jpg,,,,,,,
Disneyana,Disney Pins,Lord Henry Mystic Albert Trading Carnival 2025 Le Hong Kong C9,Lord Henry Mystic Albert Pin Trading Carnival 2025 LE Hong Kong Disney Pin C9,"Please rely on the photo, rather than the description. Lord Henry Mystic Albert Trading Carnival 2025 Le Hong Kong C9",1,Buy it Now,49.95,0-1 oz,TRUE,Not Hazmat,Used,,IMG_2626-10,https://i.ibb.co/cXLKnf8H/IMG-2626-pin-10.jpg,,,,,,,
Disneyana,Disney Pins,Georgette Raincoat Critter Blind Box Oliver & Company,DISNEY Georgette RAINCOAT PIN DISNEY Critter BLIND BOX PIN Oliver & Company New,"Please rely on the photo, rather than the description. Georgette Raincoat Critter Blind Box Oliver & Company",1,Buy it Now,14.75,0-1 oz,TRUE,Not Hazmat,Used,,IMG_2626-12,https://i.ibb.co/Q3Rzp1PG/IMG-2626-pin-12.jpg,,,,,,,
Disneyana,Disney Pins,Euro Minnie Mouse Kodak 1992 - Disneyland Resort Paris Retired,Euro Disney Minnie Mouse Kodak 1992 - Disneyland Resort Paris Retired Disney Pin,"Please rely on the photo, rather than the description. Euro Minnie Mouse Kodak 1992 - Disneyland Resort Paris Retired",1,Buy it Now,5.0,0-1 oz,TRUE,Not Hazmat,Used,,IMG_2626-13,https://i.ibb.co/39x1GZrd/IMG-2626-pin-13.jpg,,,,,,,
Disneyana,Disney Pins,Lock Loungefly Nightmare Before Christmas 30th Character Ornaments Red,Lock Loungefly The Nightmare Before Christmas 30th Character Ornaments Pin Red,"Please rely on the photo, rather than the description. Lock Loungefly Nightmare Before Christmas 30th Character Ornaments Red",1,Buy it Now,10.0,0-1 oz,TRUE,Not Hazmat,Used,,IMG_2626-16,https://i.ibb.co/BM9xHQ9/IMG-2626-pin-16.jpg,,,,,,,
Disneyana,Disney Pins,Loungefly Villain Vintage Cake Series Blind Box Cruella 101,Disney Loungefly Pin Villain Vintage Cake Series Blind Box Cruella New 101,"Please rely on the photo, rather than the description. Loungefly Villain Vintage Cake Series Blind Box Cruella 101",1,Buy it Now,19.99,0-1 oz,TRUE,Not Hazmat,Used,,IMG_2626-19,https://i.ibb.co/v5J2Zpw/IMG-2626-pin-19.jpg,,,,,,,
Disneyana,Disney Pins,Palm Villains Spellbooks Series Gaston Beauty Beast 3.5 Le 200,Disney PALM Villains Spellbooks Series Gaston Beauty Beast Pin 3.5'' LE 200 New,"Please rely on the photo, rather than the description. Palm Villains Spellbooks Series Gaston Beauty Beast 3.5 Le 200",1,Buy it Now,54.99,0-1 oz,TRUE,Not Hazmat,Used,,IMG_2626-1,https://i.ibb.co/2116S7TQ/IMG-2626-pin-1.jpg,,,,,,,
Disneyana,Disney Pins,Loungefly - Princess Stocking Series - Aurora Owl Sleeping Beauty,Disney Pin Loungefly - Princess Stocking Series - Aurora Owl Sleeping Beauty,"Please rely on the photo, rather than the description. Loungefly - Princess Stocking Series - Aurora Owl Sleeping Beauty",1,Buy it Now,14.99,0-1 oz,TRUE,Not Hazmat,Used,,IMG_2626-20,https://i.ibb.co/pBdtjh6M/IMG-2626-pin-20.jpg,,,,,,,
Disneyana,Disney Pins,Trading 181921 Loungefly - Evil Queen - Villain Cakes Mystery Set,Disney Trading Pin 181921    Loungefly - Evil Queen - Villain Cakes Mystery Set,"Please rely on the photo, rather than the description. Trading 181921 Loungefly - Evil Queen - Villain Cakes Mystery Set",1,Buy it Now,20.0,0-1 oz,TRUE,Not Hazmat,Used,,IMG_2626-21,https://i.ibb.co/s9hWQXbG/IMG-2626-pin-21.jpg,,,,,,,
Disneyana,Disney Pins,Hkdl Hong Kong Carnival 2024 Food Designer Pizza Minnie Wdw Le 600,HKDL Hong Kong Carnival 2024 Food Designer Pizza Minnie WDW LE 600 Pin,"Please rely on the photo, rather than the description. Hkdl Hong Kong Carnival 2024 Food Designer Pizza Minnie Wdw Le 600",1,Buy it Now,34.95,0-1 oz,TRUE,Not Hazmat,Used,,IMG_2626-22,https://i.ibb.co/LhsHqry0/IMG-2626-pin-22.jpg,,,,,,,
Disneyana,Disney Pins,Mgm Studios - Mickey Earful Tower No Longer Named Mgm,Disney MGM Studios - Mickey Earful Tower Pin No Longer Named MGM,"Please rely on the photo, rather than the description. Mgm Studios - Mickey Earful Tower No Longer Named Mgm",1,Buy it Now,14.0,0-1 oz,TRUE,Not Hazmat,Used,,IMG_2626-24,https://i.ibb.co/hRpLfxc2/IMG-2626-pin-24.jpg,,,,,,,
Disneyana,Disney Pins,- Loungefly - Character Bubbles - Pumba Simba -,Pin - Disney Loungefly - Character Bubbles - Pumba with Simba - NEW,"Please rely on the photo, rather than the description. - Loungefly - Character Bubbles - Pumba Simba -",1,Buy it Now,15.25,0-1 oz,TRUE,Not Hazmat,Used,,IMG_2626-26,https://i.ibb.co/dw4Q4r8g/IMG-2626-pin-26.jpg,,,,,,,
Disneyana,Disney Pins,2025 Loungefly Floral Princess Sidekicks Owl Sleeping Beauty,2025 Disney Loungefly Floral Princess Sidekicks Pin Owl Sleeping Beauty,"Please rely on the photo, rather than the description. 2025 Loungefly Floral Princess Sidekicks Owl Sleeping Beauty",1,Buy it Now,20.0,0-1 oz,TRUE,Not Hazmat,Used,,IMG_2626-27,https://i.ibb.co/DgKgVM1N/IMG-2626-pin-27.jpg,,,,,,,
Disneyana,Disney Pins,Flounder Ariel Fish Boxlunch Sidekick Stained Glass Portraits Loungefly,Flounder pin Ariel fish BoxLunch Sidekick Stained Glass Portraits Loungefly new,"Please rely on the photo, rather than the description. Flounder Ariel Fish Boxlunch Sidekick Stained Glass Portraits Loungefly",1,Buy it Now,15.0,0-1 oz,TRUE,Not Hazmat,Used,,IMG_2626-2,https://i.ibb.co/d0mcxHKw/IMG-2626-pin-2.jpg,,,,,,,
Disneyana,Disney Pins,Toy Soldiers Float Gingerbread House Holiday Parade 2024 F8,Toy Soldiers on Float Gingerbread House Holiday Parade 2024 Disney Pin F8,"Please rely on the photo, rather than the description. Toy Soldiers Float Gingerbread House Holiday Parade 2024 F8",1,Buy it Now,19.95,0-1 oz,TRUE,Not Hazmat,Used,,IMG_2626-3,https://i.ibb.co/4RGFMy0b/IMG-2626-pin-3.jpg,,,,,,,
Disneyana,Disney Pins,Baker Goofy Float Gingerbread House Christmas Holiday 2024 F8,Baker Goofy on Float Gingerbread House Christmas Holiday 2024  Disney Pin F8,"Please rely on the photo, rather than the description. Baker Goofy Float Gingerbread House Christmas Holiday 2024 F8",1,Buy it Now,27.95,0-1 oz,TRUE,Not Hazmat,Used,,IMG_2626-4,https://i.ibb.co/3Y8tdmWV/IMG-2626-pin-4.jpg,,,,,,,
Disneyana,Disney Pins,Trading Disneyana Convention,Disney Trading Pins Disneyana Convention pin,"Please rely on the photo, rather than the description. Trading Disneyana Convention",1,Buy it Now,45.0,0-1 oz,TRUE,Not Hazmat,Used,,IMG_2626-5,https://i.ibb.co/qLMk6PJs/IMG-2626-pin-5.jpg,,,,,,,
Disneyana,Disney Pins,Trading Stitch Other Experiments - 221,Disney Trading Pin Stitch Other Experiments - 221,"Please rely on the photo, rather than the description. Trading Stitch Other Experiments - 221",1,Buy it Now,20.0,0-1 oz,TRUE,Not Hazmat,Used,,IMG_2626-6,https://i.ibb.co/cXYLD5sn/IMG-2626-pin-6.jpg,,,,,,,
Disneyana,Disney Pins,Hkdl Alice Tsum Tsum Popcorn W01,Disney HKDL Alice Tsum Tsum Popcorn Pin  W01,"Please rely on the photo, rather than the description. Hkdl Alice Tsum Tsum Popcorn W01",1,Buy it Now,40.0,0-1 oz,TRUE,Not Hazmat,Used,,IMG_2626-9,https://i.ibb.co/tMGV2M92/IMG-2626-pin-9.jpg,,,,,,,
Disneyana,Disney Pins,Baby Minnie Mouse Heart Sunglasses Monogram,Baby Minnie Mouse Heart Sunglasses Monogram Disney Pin,"Please rely on the photo, rather than the description. Baby Minnie Mouse Heart Sunglasses Monogram",1,Buy it Now,13.5,0-1 oz,TRUE,Not Hazmat,Used,,IMG_2627-10,https://i.ibb.co/LhpZyykP/IMG-2627-pin-10.jpg,,,,,,,
Disneyana,Disney Pins,Pinocchio Arcade Game Machine Le Dangle,Disney Pinocchio Arcade Game Machine LE Dangle PIN,"Please rely on the photo, rather than the description. Pinocchio Arcade Game Machine Le Dangle",1,Buy it Now,15.95,0-1 oz,TRUE,Not Hazmat,Used,,IMG_2627-11,https://i.ibb.co/C3SbYvBx/IMG-2627-pin-11.jpg,,,,,,,
Disneyana,Disney Pins,2024 Parks Wdw Dlr Chip Dapper Dans Dan Booster,2024 Disney Parks WDW DLR Chip DAPPER DANS Dan Booster PIN,"Please rely on the photo, rather than the description. 2024 Parks Wdw Dlr Chip Dapper Dans Dan Booster",1,Buy it Now,19.99,0-1 oz,TRUE,Not Hazmat,Used,,IMG_2627-12,https://i.ibb.co/27VDJZSc/IMG-2627-pin-12.jpg,,,,,,,
Disneyana,Disney Pins,Trading 176268 Mickey - My First Starter Lanyard Set - Blue Star,Disney Trading Pin  176268 MICKEY - MY FIRST PIN STARTER LANYARD SET - BLUE STAR,"Please rely on the photo, rather than the description. Trading 176268 Mickey - My First Starter Lanyard Set - Blue Star",1,Buy it Now,10.0,0-1 oz,TRUE,Not Hazmat,Used,,IMG_2627-13,https://i.ibb.co/1YgtWBTL/IMG-2627-pin-13.jpg,,,,,,,
Disneyana,Disney Pins,Parks 2025 Celebrating 25 Years Lady & Tramp Mother S Day 2025 Le,DISNEY Pin PARKS 2025 CELEBRATING 25 YEARS LADY & TRAMP MOTHER'S DAY 2025 LE PIN,"Please rely on the photo, rather than the description. Parks 2025 Celebrating 25 Years Lady & Tramp Mother S Day 2025 Le",1,Buy it Now,29.99,0-1 oz,TRUE,Not Hazmat,Used,,IMG_2627-14,https://i.ibb.co/B5Kx6xNX/IMG-2627-pin-14.jpg,,,,,,,
Disneyana,Disney Pins,Loungefly Princess Vintage Cake Blind Box - Tiana Cake,NWT Loungefly Disney Princess Vintage Cake Blind Box Enamel - Tiana Cake Pin,"Please rely on the photo, rather than the description. Loungefly Princess Vintage Cake Blind Box - Tiana Cake",1,Buy it Now,15.0,0-1 oz,TRUE,Not Hazmat,Used,,IMG_2627-15,https://i.ibb.co/GQcR63gZ/IMG-2627-pin-15.jpg,,,,,,,
Disneyana,Disney Pins,Parks Mickey Minnie Mouse Shopping Bag World,NEW Disney Parks Mickey and Minnie Mouse Shopping Bag Pin ~ Walt Disney World,"Please rely on the photo, rather than the description. Parks Mickey Minnie Mouse Shopping Bag World",1,Buy it Now,20.0,0-1 oz,TRUE,Not Hazmat,Used,,IMG_2627-16,https://i.ibb.co/3yhFw2BJ/IMG-2627-pin-16.jpg,,,,,,,
Disneyana,Disney Pins,2025 Mickey Mouse Celebrating 25 Years Trading Anniversary,2025 Disney Mickey Mouse Celebrating 25 Years of Pin Trading Anniversary Pin,"Please rely on the photo, rather than the description. 2025 Mickey Mouse Celebrating 25 Years Trading Anniversary",1,Buy it Now,14.99,0-1 oz,TRUE,Not Hazmat,Used,,IMG_2627-17,https://i.ibb.co/tpmv6qcs/IMG-2627-pin-17.jpg,,,,,,,
Disneyana,Disney Pins,Minnie Mouse 2008,Minnie Mouse Disney Pin 2008 ,"Please rely on the photo, rather than the description. Minnie Mouse 2008",1,Buy it Now,6.0,0-1 oz,TRUE,Not Hazmat,Used,,IMG_2627-19,https://i.ibb.co/tMBdSZYR/IMG-2627-pin-19.jpg,,,,,,,
Disneyana,Disney Pins,2020 Disneyland Enchanted Tiki Room Mickey Slider Parrot Ap Le,Disney 2020 Disneyland Enchanted Tiki Room Mickey with slider Parrot AP LE Pin,"Please rely on the photo, rather than the description. 2020 Disneyland Enchanted Tiki Room Mickey Slider Parrot Ap Le",1,Buy it Now,26.0,0-1 oz,TRUE,Not Hazmat,Used,,IMG_2627-1,https://i.ibb.co/sdZ3906B/IMG-2627-pin-1.jpg,,,,,,,
Disneyana,Disney Pins,Japan - Mickey Mouse Nephew - Happy Year 2008 - Jds D4,Japan - Mickey Mouse and Nephew - Happy New Year 2008 - JDS Disney Pin D4,"Please rely on the photo, rather than the description. Japan - Mickey Mouse Nephew - Happy Year 2008 - Jds D4",1,Buy it Now,29.95,0-1 oz,TRUE,Not Hazmat,Used,,IMG_2627-20,https://i.ibb.co/NnGvTNYG/IMG-2627-pin-20.jpg,,,,,,,
Disneyana,Disney Pins,Fantasy Flight Mystery Set Zazu Lion King,Disneys Fantasy Flight Mystery Pin Set Zazu Pin Lion King,"Please rely on the photo, rather than the description. Fantasy Flight Mystery Set Zazu Lion King",1,Buy it Now,14.0,0-1 oz,TRUE,Not Hazmat,Used,,IMG_2627-22,https://i.ibb.co/WpFw0z4x/IMG-2627-pin-22.jpg,,,,,,,
Disneyana,Disney Pins,Hocus Pocus 2025 Movie Name Mystery - Letter U Jay Ice,Hocus Pocus 2025 Movie Name Mystery Pin - Letter U Jay and Ice,"Please rely on the photo, rather than the description. Hocus Pocus 2025 Movie Name Mystery - Letter U Jay Ice",1,Buy it Now,22.0,0-1 oz,TRUE,Not Hazmat,Used,,IMG_2627-25,https://i.ibb.co/mF99Cqwz/IMG-2627-pin-25.jpg,,,,,,,
Disneyana,Disney Pins,2025 Tinkerbell D World Wave B Hidden Mickey,2025 Tinkerbell D Walt Disney World Wave B Hidden Mickey Pin,"Please rely on the photo, rather than the description. 2025 Tinkerbell D World Wave B Hidden Mickey",1,Buy it Now,19.99,0-1 oz,TRUE,Not Hazmat,Used,,IMG_2627-27,https://i.ibb.co/BKLM1pcG/IMG-2627-pin-27.jpg,,,,,,,
Disneyana,Disney Pins,Sorcerer Mickey 70 Wdi Imagineering Color D23 Expo Small Mog,SORCERER MICKEY 70 Disney Pin WDI Imagineering  Color D23 Expo Small Lapel MOG,"Please rely on the photo, rather than the description. Sorcerer Mickey 70 Wdi Imagineering Color D23 Expo Small Mog",1,Buy it Now,35.0,0-1 oz,TRUE,Not Hazmat,Used,,IMG_2627-2,https://i.ibb.co/xtvqTK13/IMG-2627-pin-2.jpg,,,,,,,
Disneyana,Disney Pins,Horace Horsecollar 95th Anniversary Original Mickey Horse Cartoon,Disney Horace Horsecollar 95th Anniversary Pin Original Mickey Horse Cartoon,"Please rely on the photo, rather than the description. Horace Horsecollar 95th Anniversary Original Mickey Horse Cartoon",1,Buy it Now,17.98,0-1 oz,TRUE,Not Hazmat,Used,,IMG_2627-3,https://i.ibb.co/r2f0T3nj/IMG-2627-pin-3.jpg,,,,,,,
Disneyana,Disney Pins,Wdw/dvc Vacation Club Mickey Mouse Minnie Mouse,Disney WDW/DVC Vacation Club Mickey Mouse and Minnie Mouse Pin,"Please rely on the photo, rather than the description. Wdw/dvc Vacation Club Mickey Mouse Minnie Mouse",1,Buy it Now,45.0,0-1 oz,TRUE,Not Hazmat,Used,,IMG_2627-4,https://i.ibb.co/201gGNgT/IMG-2627-pin-4.jpg,,,,,,,
Disneyana,Disney Pins,Dcl Member Vacation Club Wish Le,DCL Member Vacation Club Wish LE Disney Pin (B8),"Please rely on the photo, rather than the description. Dcl Member Vacation Club Wish Le",1,Buy it Now,18.95,0-1 oz,TRUE,Not Hazmat,Used,,IMG_2627-5,https://i.ibb.co/xqPrMzpg/IMG-2627-pin-5.jpg,,,,,,,
Disneyana,Disney Pins,- Loungefly Hercules Vase Series - Hercules Philoctetes Phil,Disney Pin - Loungefly Hercules Vase Series - Hercules and Philoctetes Phil,"Please rely on the photo, rather than the description. - Loungefly Hercules Vase Series - Hercules Philoctetes Phil",1,Buy it Now,16.99,0-1 oz,TRUE,Not Hazmat,Used,,IMG_2627-6,https://i.ibb.co/WvmrvSX7/IMG-2627-pin-6.jpg,,,,,,,
Disneyana,Disney Pins,Palm Princess Villains Mystery Set - Jasmine Jafar Aladdin Jumbo Le 300,Disney PALM Princess Villains Mystery Set - Jasmine Jafar Aladdin Jumbo LE 300,"Please rely on the photo, rather than the description. Palm Princess Villains Mystery Set - Jasmine Jafar Aladdin Jumbo Le 300",1,Buy it Now,42.0,0-1 oz,TRUE,Not Hazmat,Used,,IMG_2627-7,https://i.ibb.co/HL7wK13f/IMG-2627-pin-7.jpg,,,,,,,
Disneyana,Disney Pins,2025 Parks Magical Mystery Series 30 Headphones Mickey Mouse,2025 Disney Parks Magical Mystery Pins Series 30 Headphones Pin Mickey Mouse,"Please rely on the photo, rather than the description. 2025 Parks Magical Mystery Series 30 Headphones Mickey Mouse",1,Buy it Now,12.95,0-1 oz,TRUE,Not Hazmat,Used,,IMG_2627-8,https://i.ibb.co/F4j88pfs/IMG-2627-pin-8.jpg,,,,,,,
Disneyana,Disney Pins,- Loungefly Encanto Hinged Door Series - Luisa Madrigal -,Disney Pin - Loungefly Encanto Hinged Door Series - Luisa Madrigal - NEW,"Please rely on the photo, rather than the description. - Loungefly Encanto Hinged Door Series - Luisa Madrigal -",1,Buy it Now,18.99,0-1 oz,TRUE,Not Hazmat,Used,,IMG_2628-10,https://i.ibb.co/mV7w5RS9/IMG-2628-pin-10.jpg,,,,,,,
Disneyana,Disney Pins,S Typhoon Lagoon Gator Commemorative Edition Opening Day 1989,Disney's Typhoon Lagoon Gator Commemorative Edition Opening Day 1989 Pin,"Please rely on the photo, rather than the description. S Typhoon Lagoon Gator Commemorative Edition Opening Day 1989",1,Buy it Now,14.99,0-1 oz,TRUE,Not Hazmat,Used,,IMG_2628-11,https://i.ibb.co/BH89Jxqm/IMG-2628-pin-11.jpg,,,,,,,
Disneyana,Disney Pins,Palm Villains Black Gold Series - Jafar Aladdin Glitter Le 200,Disney PALM Villains Black and Gold Series - Jafar Aladdin Glitter LE 200 ,"Please rely on the photo, rather than the description. Palm Villains Black Gold Series - Jafar Aladdin Glitter Le 200",1,Buy it Now,25.0,0-1 oz,TRUE,Not Hazmat,Used,,IMG_2628-12,https://i.ibb.co/mVKFYLnC/IMG-2628-pin-12.jpg,,,,,,,
Disneyana,Disney Pins,Two 2025 Experiment 626 Lr Mystery,Two 2025 Experiment 626 LR Mystery Pins ( Holio + Yang),"Please rely on the photo, rather than the description. Two 2025 Experiment 626 Lr Mystery",1,Buy it Now,45.99,0-1 oz,TRUE,Not Hazmat,Used,,IMG_2628-14,https://i.ibb.co/dJjtn5bL/IMG-2628-pin-14.jpg,,,,,,,
Disneyana,Disney Pins,Loungefly Mickey & Friends Backpack Series Blind Box - Pluto,Disney Loungefly Pin Mickey & Friends Backpack Series Blind Box - Pluto,"Please rely on the photo, rather than the description. Loungefly Mickey & Friends Backpack Series Blind Box - Pluto",1,Buy it Now,13.75,0-1 oz,TRUE,Not Hazmat,Used,,IMG_2628-15,https://i.ibb.co/WNbsP5K9/IMG-2628-pin-15.jpg,,,,,,,
Disneyana,Disney Pins,- Loungefly Princess Phone Series - Tiana -,Disney Pin - Loungefly Princess Phone Series - Tiana - NEW,"Please rely on the photo, rather than the description. - Loungefly Princess Phone Series - Tiana -",1,Buy it Now,19.99,0-1 oz,TRUE,Not Hazmat,Used,,IMG_2628-17,https://i.ibb.co/nMKB7y7M/IMG-2628-pin-17.jpg,,,,,,,
Disneyana,Disney Pins,Hidden Mickey Cute Villians Scar Lion King 2024 Wdw,Disney Hidden Mickey Disney Pin Cute Villians Scar Lion King 2024 WDW Pin,"Please rely on the photo, rather than the description. Hidden Mickey Cute Villians Scar Lion King 2024 Wdw",1,Buy it Now,9.98,0-1 oz,TRUE,Not Hazmat,Used,,IMG_2628-19,https://i.ibb.co/6JBh2BP8/IMG-2628-pin-19.jpg,,,,,,,
Disneyana,Disney Pins,Happy Holidays 2014 Snowflakes S Wilderness Lodge Limited Edition,Happy Holidays 2014 Snowflakes Disney's Wilderness Lodge Pin Limited Edition,"Please rely on the photo, rather than the description. Happy Holidays 2014 Snowflakes S Wilderness Lodge Limited Edition",1,Buy it Now,16.99,0-1 oz,TRUE,Not Hazmat,Used,,IMG_2628-1,https://i.ibb.co/HfpnmT4w/IMG-2628-pin-1.jpg,,,,,,,
Disneyana,Disney Pins,2020 Avengers Hulk,2020 avengers hulk pin,"Please rely on the photo, rather than the description. 2020 Avengers Hulk",1,Buy it Now,8.05,0-1 oz,TRUE,Not Hazmat,Used,,IMG_2628-21,https://i.ibb.co/C52MThBS/IMG-2628-pin-21.jpg,,,,,,,
Disneyana,Disney Pins,Wdw 2000 S Old Key West Resort Dvc Retired,WDW disney 2000 Disney's Old Key West Resort DVC RETIRED,"Please rely on the photo, rather than the description. Wdw 2000 S Old Key West Resort Dvc Retired",1,Buy it Now,6.99,0-1 oz,TRUE,Not Hazmat,Used,,IMG_2628-22,https://i.ibb.co/4wSq9Br9/IMG-2628-pin-22.jpg,,,,,,,
Disneyana,Disney Pins,Daisy Duck Churros Single,Disney Daisy Duck Churros Pin Collectible Single,"Please rely on the photo, rather than the description. Daisy Duck Churros Single",1,Buy it Now,9.99,0-1 oz,TRUE,Not Hazmat,Used,,IMG_2628-23,https://i.ibb.co/Pzs7CR17/IMG-2628-pin-23.jpg,,,,,,,
Disneyana,Disney Pins,Hong Kong Disneyland 20th Mystery Box Olu Mei Hkdl Duffy & Friends,Hong Kong Disneyland 20th Mystery Box Pin Olu Mei HKDL Duffy & Friends,"Please rely on the photo, rather than the description. Hong Kong Disneyland 20th Mystery Box Olu Mei Hkdl Duffy & Friends",1,Buy it Now,16.99,0-1 oz,TRUE,Not Hazmat,Used,,IMG_2628-24,https://i.ibb.co/jP4Np7j1/IMG-2628-pin-24.jpg,,,,,,,
Disneyana,Disney Pins,2024 Parks Marvel Villains Family Cluster Thanos Loki Ultron Oe,2024 Disney Parks Marvel Villains Family Cluster Thanos Loki Ultron OE Pin NEW,"Please rely on the photo, rather than the description. 2024 Parks Marvel Villains Family Cluster Thanos Loki Ultron Oe",1,Buy it Now,13.5,0-1 oz,TRUE,Not Hazmat,Used,,IMG_2628-25,https://i.ibb.co/CsMGTqkZ/IMG-2628-pin-25.jpg,,,,,,,
Disneyana,Disney Pins,2025 Parks Magical Mystery Series 31 Afternoon Tv Talespin Baloo,2025 Disney Parks Magical Mystery Pins Series 31 Afternoon TV Pin TaleSpin Baloo,"Please rely on the photo, rather than the description. 2025 Parks Magical Mystery Series 31 Afternoon Tv Talespin Baloo",1,Buy it Now,15.99,0-1 oz,TRUE,Not Hazmat,Used,,IMG_2628-26,https://i.ibb.co/wF1Qn98m/IMG-2628-pin-26.jpg,,,,,,,
Disneyana,Disney Pins,- Parks Wdw Hidden Mickey - Chibi Villains -,YOU CHOOSE - Disney Parks WDW Hidden Mickey - CHIBI VILLAINS - COMBINE SHIP,"Please rely on the photo, rather than the description. - Parks Wdw Hidden Mickey - Chibi Villains -",1,Buy it Now,9.95,0-1 oz,TRUE,Not Hazmat,Used,,IMG_2628-27,https://i.ibb.co/JWdXZ3Kz/IMG-2628-pin-27.jpg,,,,,,,
Disneyana,Disney Pins,2023 Parks Disney100 1923 Cast Name Tag Lr Cast Exclusive,2023 Disney Parks Disney100 1923 Cast Name Tag Pin LR Cast Exclusive,"Please rely on the photo, rather than the description. 2023 Parks Disney100 1923 Cast Name Tag Lr Cast Exclusive",1,Buy it Now,15.0,0-1 oz,TRUE,Not Hazmat,Used,,IMG_2628-28,https://i.ibb.co/qYN045sm/IMG-2628-pin-28.jpg,,,,,,,
Disneyana,Disney Pins,Loungefly Kraken Alien Remix Mystery Blind Box Nemo Pixar,Loungefly Kraken Alien Remix Mystery Blind Box Nemo Pixar Disney Pin,"Please rely on the photo, rather than the description. Loungefly Kraken Alien Remix Mystery Blind Box Nemo Pixar",1,Buy it Now,19.95,0-1 oz,TRUE,Not Hazmat,Used,,IMG_2628-34,https://i.ibb.co/23g5gbPh/IMG-2628-pin-34.jpg,,,,,,,
Disneyana,Disney Pins,Dlp 2025 Music Festival Castle Le 800,Disney DLP 2025 Music Festival Castle LE 800 Pin,"Please rely on the photo, rather than the description. Dlp 2025 Music Festival Castle Le 800",1,Buy it Now,65.0,0-1 oz,TRUE,Not Hazmat,Used,,IMG_2628-4,https://i.ibb.co/zTr8nCT1/IMG-2628-pin-4.jpg,,,,,,,
Disneyana,Disney Pins,Wdi Haunted Mansion Pewter Parlor Sign/plaque Sculpted Cast,Disney WDI Haunted Mansion Pewter Parlor Sign/Plaque Sculpted Cast Pin,"Please rely on the photo, rather than the description. Wdi Haunted Mansion Pewter Parlor Sign/plaque Sculpted Cast",1,Buy it Now,44.99,0-1 oz,TRUE,Not Hazmat,Used,,IMG_2628-5,https://i.ibb.co/pvgDhPSh/IMG-2628-pin-5.jpg,,,,,,,
Disneyana,Disney Pins,Art 2000 Epcot World Millennium Le,Disney The Art of Disney 2000 Epcot Walt Disney World Millennium LE Pin New,"Please rely on the photo, rather than the description. Art 2000 Epcot World Millennium Le",1,Buy it Now,5.14,0-1 oz,TRUE,Not Hazmat,Used,,IMG_2628-6,https://i.ibb.co/prrw1QY1/IMG-2628-pin-6.jpg,,,,,,,
Disneyana,Disney Pins,Jasmine - Agrabah - Princess Castle Stained Glass Mystery Box -,Jasmine - Agrabah - Disney Princess Castle Stained Glass Mystery Box Pin - NEW,"Please rely on the photo, rather than the description. Jasmine - Agrabah - Princess Castle Stained Glass Mystery Box -",1,Buy it Now,27.0,0-1 oz,TRUE,Not Hazmat,Used,,IMG_2628-8,https://i.ibb.co/Sw67MTX8/IMG-2628-pin-8.jpg,,,,,,,
Disneyana,Disney Pins,Marvel Ms Marvel Kawaii Art Mystery,Disney Marvel Ms Marvel Kawaii Art Mystery Pin,"Please rely on the photo, rather than the description. Marvel Ms Marvel Kawaii Art Mystery",1,Buy it Now,10.95,0-1 oz,TRUE,Not Hazmat,Used,,IMG_2628-9,https://i.ibb.co/4nWSqKGQ/IMG-2628-pin-9.jpg,,,,,,,
Disneyana,Disney Pins,Scar S Mark Evil - Scar - Lion King -,Scar's Mark of Evil - Scar - The Lion King - Disney Pin,"Please rely on the photo, rather than the description. Scar S Mark Evil - Scar - Lion King -",1,Buy it Now,8.05,0-1 oz,TRUE,Not Hazmat,Used,,IMG_2629-10,https://i.ibb.co/1GPjpv0w/IMG-2629-pin-10.jpg,,,,,,,
Disneyana,Disney Pins,Kenya - Boy Flute Hello Mystery,"Kenya - Boy with Flute Hello ""It's A Small World"" Mystery Pin","Please rely on the photo, rather than the description. Kenya - Boy Flute Hello Mystery",1,Buy it Now,16.0,0-1 oz,TRUE,Not Hazmat,Used,,IMG_2629-11,https://i.ibb.co/cSsCBMkN/IMG-2629-pin-11.jpg,,,,,,,
Disneyana,Disney Pins,Old Journey Into Imagination Institute Logo Figment Building Ride,OLD Disney Pin Journey into Imagination Institute Logo Figment Building Ride,"Please rely on the photo, rather than the description. Old Journey Into Imagination Institute Logo Figment Building Ride",1,Buy it Now,49.99,0-1 oz,TRUE,Not Hazmat,Used,,IMG_2629-12,https://i.ibb.co/LhxFSz89/IMG-2629-pin-12.jpg,,,,,,,
Disneyana,Disney Pins,Classics Collection 10th Anniversary 1992 - 2002 Exclusive,Walt Disney Pin Classics Collection 10th Anniversary 1992 - 2002 Exclusive (C8),"Please rely on the photo, rather than the description. Classics Collection 10th Anniversary 1992 - 2002 Exclusive",1,Buy it Now,12.95,0-1 oz,TRUE,Not Hazmat,Used,,IMG_2629-13,https://i.ibb.co/p61jvZrb/IMG-2629-pin-13.jpg,,,,,,,
Disneyana,Disney Pins,Trading Midway Maniacs,Disney Trading Pin Midway Maniacs ,"Please rely on the photo, rather than the description. Trading Midway Maniacs",1,Buy it Now,5.0,0-1 oz,TRUE,Not Hazmat,Used,,IMG_2629-14,https://i.ibb.co/gZ81yKvS/IMG-2629-pin-14.jpg,,,,,,,
Disneyana,Disney Pins,Loungefly / - Belle - Princess - Ice Cream Cone - Mystery / Blind Box,Loungefly / Disney - Belle - Princess - Ice Cream Cone - Mystery / Blind Box Pin,"Please rely on the photo, rather than the description. Loungefly / - Belle - Princess - Ice Cream Cone - Mystery / Blind Box",1,Buy it Now,23.75,0-1 oz,TRUE,Not Hazmat,Used,,IMG_2629-16,https://i.ibb.co/B2TD67yd/IMG-2629-pin-16.jpg,,,,,,,
Disneyana,Disney Pins,Mickey Mouse Dapper Dan 2024 Series Main Street Usa Magic Kingdom Wdw,Disney Pin Mickey Mouse Dapper Dan 2024 Series Main Street USA Magic Kingdom WDW,"Please rely on the photo, rather than the description. Mickey Mouse Dapper Dan 2024 Series Main Street Usa Magic Kingdom Wdw",1,Buy it Now,7.99,0-1 oz,TRUE,Not Hazmat,Used,,IMG_2629-17,https://i.ibb.co/XrhXJ0Xy/IMG-2629-pin-17.jpg,,,,,,,
Disneyana,Disney Pins,Trading Monsters Inc. Puzzle Blind Box - Roz," Disney Trading Pins  Monsters, Inc. Puzzle Blind Box - Roz","Please rely on the photo, rather than the description. Trading Monsters Inc. Puzzle Blind Box - Roz",1,Buy it Now,17.5,0-1 oz,TRUE,Not Hazmat,Used,,IMG_2629-18,https://i.ibb.co/pgtBRGS/IMG-2629-pin-18.jpg,,,,,,,
Disneyana,Disney Pins,Loungefly Princess & Frog Purse Blind Box Tiana,Loungefly Disney Princess & The Frog Purse Blind Box Enamel Pin Tiana  New,"Please rely on the photo, rather than the description. Loungefly Princess & Frog Purse Blind Box Tiana",1,Buy it Now,22.0,0-1 oz,TRUE,Not Hazmat,Used,,IMG_2629-19,https://i.ibb.co/tMvk10FK/IMG-2629-pin-19.jpg,,,,,,,
Disneyana,Disney Pins,Disneyland Halloween 2025 Rundisney Marathon Yoga Queen Hearts Lr,Disneyland Halloween 2025 runDisney Marathon Yoga Queen of Hearts LR Pin,"Please rely on the photo, rather than the description. Disneyland Halloween 2025 Rundisney Marathon Yoga Queen Hearts Lr",1,Buy it Now,34.95,0-1 oz,TRUE,Not Hazmat,Used,,IMG_2629-1,https://i.ibb.co/KzN2RNds/IMG-2629-pin-1.jpg,,,,,,,
Disneyana,Disney Pins,Destination D23 2025 Dssh Strange World Beloved Tales Le 300,Disney Destination D23 2025 DSSH Strange World Beloved Tales LE 300 Pin,"Please rely on the photo, rather than the description. Destination D23 2025 Dssh Strange World Beloved Tales Le 300",1,Buy it Now,95.0,0-1 oz,TRUE,Not Hazmat,Used,,IMG_2629-20,https://i.ibb.co/q3Xh2zzb/IMG-2629-pin-20.jpg,,,,,,,
Disneyana,Disney Pins,2024 Princess Candles - Magical Mystery Series 27- Belle,2024 Princess Candles - Magical Mystery Series 27- Belle Pin (with Red Rose),"Please rely on the photo, rather than the description. 2024 Princess Candles - Magical Mystery Series 27- Belle",1,Buy it Now,15.95,0-1 oz,TRUE,Not Hazmat,Used,,IMG_2629-21,https://i.ibb.co/WpPFM8pK/IMG-2629-pin-21.jpg,,,,,,,
Disneyana,Disney Pins,Pluto 2025 Dated Lanyard,Pluto 2025 Dated Lanyard Pin,"Please rely on the photo, rather than the description. Pluto 2025 Dated Lanyard",1,Buy it Now,26.0,0-1 oz,TRUE,Not Hazmat,Used,,IMG_2629-22,https://i.ibb.co/JDpkkFW/IMG-2629-pin-22.jpg,,,,,,,
Disneyana,Disney Pins,Peg-bone Puzzle Mystery Lady Tramp 70th Anniversary 2025 Lr,Peg-Bone Puzzle Mystery Lady and the Tramp 70th Anniversary 2025 Disney Pin LR,"Please rely on the photo, rather than the description. Peg-bone Puzzle Mystery Lady Tramp 70th Anniversary 2025 Lr",1,Buy it Now,26.0,0-1 oz,TRUE,Not Hazmat,Used,,IMG_2629-23,https://i.ibb.co/TB4JtRcL/IMG-2629-pin-23.jpg,,,,,,,
Disneyana,Disney Pins,Winged Skull Hocus Pocus Villain Spelltacular Mystery 2021 144833,Winged Skull Hocus Pocus Villain Spelltacular Mystery 2021 Disney Pin 144833,"Please rely on the photo, rather than the description. Winged Skull Hocus Pocus Villain Spelltacular Mystery 2021 144833",1,Buy it Now,12.75,0-1 oz,TRUE,Not Hazmat,Used,,IMG_2629-25,https://i.ibb.co/whqcLPww/IMG-2629-pin-25.jpg,,,,,,,
Disneyana,Disney Pins,- Star Wars Open Edition - Luke Skywalker Landspeeder R2-d2 C-3po,"Disney Pin - Star Wars Open Edition - Luke Skywalker in Landspeeder, R2-D2 C-3PO","Please rely on the photo, rather than the description. - Star Wars Open Edition - Luke Skywalker Landspeeder R2-d2 C-3po",1,Buy it Now,10.99,0-1 oz,TRUE,Not Hazmat,Used,,IMG_2629-26,https://i.ibb.co/ZRZT3fQ9/IMG-2629-pin-26.jpg,,,,,,,
Disneyana,Disney Pins,2025 Parks Magical Mystery Series 31 Afternoon Tv Bonkers,2025 Disney Parks Magical Mystery Pins Series 31 Afternoon TV Pin Bonkers,"Please rely on the photo, rather than the description. 2025 Parks Magical Mystery Series 31 Afternoon Tv Bonkers",1,Buy it Now,17.9,0-1 oz,TRUE,Not Hazmat,Used,,IMG_2629-27,https://i.ibb.co/pBvZYHLG/IMG-2629-pin-27.jpg,,,,,,,
Disneyana,Disney Pins,Bn Sweet Dreams Mystery Uchooseorcomplete Set Lr Limited Nap Sleep,BN Disney Sweet Dreams Mystery Pin UChooseorComplete Set LR Limited Nap Sleep,"Please rely on the photo, rather than the description. Bn Sweet Dreams Mystery Uchooseorcomplete Set Lr Limited Nap Sleep",1,Buy it Now,14.97,0-1 oz,TRUE,Not Hazmat,Used,,IMG_2629-29,https://i.ibb.co/n8sKmBvX/IMG-2629-pin-29.jpg,,,,,,,
Disneyana,Disney Pins,2023 Wdw Lion King Rafiki Sitting Turtle Shell 168727 Trade,Disney Pin 2023 WDW The Lion King Rafiki Sitting in Turtle Shell #168727 Trade,"Please rely on the photo, rather than the description. 2023 Wdw Lion King Rafiki Sitting Turtle Shell 168727 Trade",1,Buy it Now,17.0,0-1 oz,TRUE,Not Hazmat,Used,,IMG_2629-2,https://i.ibb.co/jZhYMr07/IMG-2629-pin-2.jpg,,,,,,,
Disneyana,Disney Pins,Characters Flag Pin-2002,DISNEY CHARACTERS FLAG PIN-2002,"Please rely on the photo, rather than the description. Characters Flag Pin-2002",1,Buy it Now,9.99,0-1 oz,TRUE,Not Hazmat,Used,,IMG_2629-31,https://i.ibb.co/LdgtVXKL/IMG-2629-pin-31.jpg,,,,,,,
Disneyana,Disney Pins,Tokyo Disneyland 20 Years Daisy Duck Limited Edition,Tokyo Disneyland 20 Years Daisy Duck Pin Limited Edition,"Please rely on the photo, rather than the description. Tokyo Disneyland 20 Years Daisy Duck Limited Edition",1,Buy it Now,40.0,0-1 oz,TRUE,Not Hazmat,Used,,IMG_2629-32,https://i.ibb.co/5hsPS36J/IMG-2629-pin-32.jpg,,,,,,,
Disneyana,Disney Pins,Loungefly Pixar Cakes Blind Box Ratatouille Remy,Loungefly Disney Pixar Cakes Blind Box Ratatouille Pin Remy,"Please rely on the photo, rather than the description. Loungefly Pixar Cakes Blind Box Ratatouille Remy",1,Buy it Now,19.95,0-1 oz,TRUE,Not Hazmat,Used,,IMG_2629-3,https://i.ibb.co/RT54pd2Z/IMG-2629-pin-3.jpg,,,,,,,
Disneyana,Disney Pins,World 50th Anniversary Mystery Collection Madame Leota 2021,Disney World 50th Anniversary Mystery Pin Collection Madame Leota 2021,"Please rely on the photo, rather than the description. World 50th Anniversary Mystery Collection Madame Leota 2021",1,Buy it Now,16.0,0-1 oz,TRUE,Not Hazmat,Used,,IMG_2629-4,https://i.ibb.co/WvgBPN90/IMG-2629-pin-4.jpg,,,,,,,
Disneyana,Disney Pins,Loungefly Pixar Cakes Mystery Toy Story,Loungefly Disney Pixar Cakes mystery pin Toy Story,"Please rely on the photo, rather than the description. Loungefly Pixar Cakes Mystery Toy Story",1,Buy it Now,12.0,0-1 oz,TRUE,Not Hazmat,Used,,IMG_2629-5,https://i.ibb.co/KxwSycMf/IMG-2629-pin-5.jpg,,,,,,,
Disneyana,Disney Pins,Miss Piggy Fierce Fabulous - Muppets Rainbow Pride 2023,Miss Piggy Fierce and Fabulous Pin - Disney Muppets Rainbow Pride 2023 Pin,"Please rely on the photo, rather than the description. Miss Piggy Fierce Fabulous - Muppets Rainbow Pride 2023",1,Buy it Now,15.0,0-1 oz,TRUE,Not Hazmat,Used,,IMG_2629-7,https://i.ibb.co/JwS7zqbw/IMG-2629-pin-7.jpg,,,,,,,
Disneyana,Disney Pins,2024 Star Wars Cute Duos Starter Luke Skywalker Princess Leia 167810,Disney Pin 2024 Star Wars Cute Duos Starter Luke Skywalker Princess Leia #167810,"Please rely on the photo, rather than the description. 2024 Star Wars Cute Duos Starter Luke Skywalker Princess Leia 167810",1,Buy it Now,16.0,0-1 oz,TRUE,Not Hazmat,Used,,IMG_2629-8,https://i.ibb.co/ZzmMB7td/IMG-2629-pin-8.jpg,,,,,,,
Disneyana,Disney Pins,Claude Frollo Traders Delight Ptd Le 400 Hunchback Notre Dame Villain,Claude Frollo Pin Traders Delight PTD LE 400 Hunchback Of Notre Dame Villain,"Please rely on the photo, rather than the description. Claude Frollo Traders Delight Ptd Le 400 Hunchback Notre Dame Villain",1,Buy it Now,160.0,0-1 oz,TRUE,Not Hazmat,Used,,IMG_2629-9,https://i.ibb.co/5WKTqvyN/IMG-2629-pin-9.jpg,,,,,,,
Disneyana,Disney Pins,2025 - Tiana Cooking - Princess Frog - Magical Chefs -,2025 - Tiana Cooking - Princess and the Frog - Magical Chefs - Disney Pin,"Please rely on the photo, rather than the description. 2025 - Tiana Cooking - Princess Frog - Magical Chefs -",1,Buy it Now,11.5,0-1 oz,TRUE,Not Hazmat,Used,,IMG_2630-10,https://i.ibb.co/DDnmkVbx/IMG-2630-pin-10.jpg,,,,,,,
Disneyana,Disney Pins,Parks Peter Pan & Tinkerbell Flying Over Neverland Oe Trading,Disney Parks Peter Pan & Tinkerbell Flying Over Neverland OE Trading Pin New,"Please rely on the photo, rather than the description. Parks Peter Pan & Tinkerbell Flying Over Neverland Oe Trading",1,Buy it Now,16.0,0-1 oz,TRUE,Not Hazmat,Used,,IMG_2630-11,https://i.ibb.co/35q0PMfn/IMG-2630-pin-11.jpg,,,,,,,
Disneyana,Disney Pins,2025 Parks Pinocchio I Ve Got No Strings Stage Dance Open Edition,2025 Disney Parks Pinocchio I've Got No Strings Stage Dance Open Edition Pin,"Please rely on the photo, rather than the description. 2025 Parks Pinocchio I Ve Got No Strings Stage Dance Open Edition",1,Buy it Now,17.88,0-1 oz,TRUE,Not Hazmat,Used,,IMG_2630-13,https://i.ibb.co/xS9LHmNW/IMG-2630-pin-13.jpg,,,,,,,
Disneyana,Disney Pins,Lilo & Stitch Character Mugs Mystery Collection Stitch,Disney Lilo & Stitch Disney Character Mugs Mystery Collection Stitch pin,"Please rely on the photo, rather than the description. Lilo & Stitch Character Mugs Mystery Collection Stitch",1,Buy it Now,16.0,0-1 oz,TRUE,Not Hazmat,Used,,IMG_2630-16,https://i.ibb.co/9HgQYtyg/IMG-2630-pin-16.jpg,,,,,,,
Disneyana,Disney Pins,2025 Chipmunks Chip & Dale Laughing Haha 172229,Disney Pin 2025 Chipmunks Chip & Dale Laughing HaHa #172229 New Free Ship,"Please rely on the photo, rather than the description. 2025 Chipmunks Chip & Dale Laughing Haha 172229",1,Buy it Now,21.0,0-1 oz,TRUE,Not Hazmat,Used,,IMG_2630-17,https://i.ibb.co/svmpjxTg/IMG-2630-pin-17.jpg,,,,,,,
Disneyana,Disney Pins,Disneyland Character Mugs Mystery Pin- Minnie Mouse,Disneyland Character Mugs Mystery Pin- Minnie Mouse,"Please rely on the photo, rather than the description. Disneyland Character Mugs Mystery Pin- Minnie Mouse",1,Buy it Now,12.0,0-1 oz,TRUE,Not Hazmat,Used,,IMG_2630-18,https://i.ibb.co/C3RVDP51/IMG-2630-pin-18.jpg,,,,,,,
Disneyana,Disney Pins,Parks Tangled Character Connection Mother Gothel Le Artist Proof,Disney Parks Tangled Character Connection Mother Gothel LE ARTIST PROOF PIN,"Please rely on the photo, rather than the description. Parks Tangled Character Connection Mother Gothel Le Artist Proof",1,Buy it Now,54.95,0-1 oz,TRUE,Not Hazmat,Used,,IMG_2630-19,https://i.ibb.co/11npzf6/IMG-2630-pin-19.jpg,,,,,,,
Disneyana,Disney Pins,2023 Mickey S Very Merry Christmas Party Sleigh L.e Brand New-fast,2023 Mickey's Very Merry Christmas Party Sleigh L.E Pin! Brand New-Fast Shipping,"Please rely on the photo, rather than the description. 2023 Mickey S Very Merry Christmas Party Sleigh L.e Brand New-fast",1,Buy it Now,35.0,0-1 oz,TRUE,Not Hazmat,Used,,IMG_2630-20,https://i.ibb.co/6R4Z0sSQ/IMG-2630-pin-20.jpg,,,,,,,
Disneyana,Disney Pins,Mickey S Not So Scary Halloween Party 2024 Goofy Lr,Disney Pin Mickey's Not So Scary Halloween Party 2024 Goofy LR Pin,"Please rely on the photo, rather than the description. Mickey S Not So Scary Halloween Party 2024 Goofy Lr",1,Buy it Now,29.95,0-1 oz,TRUE,Not Hazmat,Used,,IMG_2630-21,https://i.ibb.co/GQHBKFjh/IMG-2630-pin-21.jpg,,,,,,,
Disneyana,Disney Pins,Thumper Spiced Carrot Cake Bambi Munchlings Series 2 Mystery,Disney Pin Thumper Spiced Carrot Cake Bambi Munchlings Series 2 Mystery,"Please rely on the photo, rather than the description. Thumper Spiced Carrot Cake Bambi Munchlings Series 2 Mystery",1,Buy it Now,12.95,0-1 oz,TRUE,Not Hazmat,Used,,IMG_2630-22,https://i.ibb.co/kVg6GCt4/IMG-2630-pin-22.jpg,,,,,,,
Disneyana,Disney Pins,Tinker Bell Ice Cream Popsicle Bar Mystery Series,TINKER BELL * Ice Cream Popsicle Bar * Mystery Series * Disney Pin,"Please rely on the photo, rather than the description. Tinker Bell Ice Cream Popsicle Bar Mystery Series",1,Buy it Now,7.95,0-1 oz,TRUE,Not Hazmat,Used,,IMG_2630-23,https://i.ibb.co/sdw5GRYR/IMG-2630-pin-23.jpg,,,,,,,
Disneyana,Disney Pins,Parks Munchlings Mystery Set Series 3,YOU CHOOSE Disney Parks Munchlings Mystery Pin Set Series 3,"Please rely on the photo, rather than the description. Parks Munchlings Mystery Set Series 3",1,Buy it Now,12.0,0-1 oz,TRUE,Not Hazmat,Used,,IMG_2630-25,https://i.ibb.co/S7y4Y1zW/IMG-2630-pin-25.jpg,,,,,,,
Disneyana,Disney Pins,Happy Days Hong Kong Disneyland Train Mystery Minnie Mouse,Happy Days in Hong Kong Disneyland Train Mystery Pin Minnie Mouse (C1),"Please rely on the photo, rather than the description. Happy Days Hong Kong Disneyland Train Mystery Minnie Mouse",1,Buy it Now,24.95,0-1 oz,TRUE,Not Hazmat,Used,,IMG_2630-26,https://i.ibb.co/tTXmd6V8/IMG-2630-pin-26.jpg,,,,,,,
Disneyana,Disney Pins,Loungely - Princess Candy Series - Ambitious Ambrosia Apple - Ariel,Disney Pin Loungely - Princess Candy Series - Ambitious Ambrosia Apple - Ariel,"Please rely on the photo, rather than the description. Loungely - Princess Candy Series - Ambitious Ambrosia Apple - Ariel",1,Buy it Now,14.99,0-1 oz,TRUE,Not Hazmat,Used,,IMG_2630-27,https://i.ibb.co/DDNsqMQC/IMG-2630-pin-27.jpg,,,,,,,
Disneyana,Disney Pins,Princess Moments Mystery Series Louis Princess Frog Le,Disney Princess Moments Mystery Pin Series Louis From Princess And The Frog LE,"Please rely on the photo, rather than the description. Princess Moments Mystery Series Louis Princess Frog Le",1,Buy it Now,46.0,0-1 oz,TRUE,Not Hazmat,Used,,IMG_2630-2,https://i.ibb.co/GvxxC2G5/IMG-2630-pin-2.jpg,,,,,,,
Disneyana,Disney Pins,Trading 176657 Loungefly Tiana Dr Facilier Princess Villain,Disney Trading Pin  176657 LOUNGEFLY TIANA AND DR FACILIER PRINCESS AND VILLAIN,"Please rely on the photo, rather than the description. Trading 176657 Loungefly Tiana Dr Facilier Princess Villain",1,Buy it Now,20.0,0-1 oz,TRUE,Not Hazmat,Used,,IMG_2630-30,https://i.ibb.co/WNjxYw12/IMG-2630-pin-30.jpg,,,,,,,
Disneyana,Disney Pins,2024 Dumbo Flying Elephant Popcorn Box Magical Mystery Series 28,2024 Dumbo The Flying Elephant Popcorn Box Disney Magical Mystery Series 28 Pin,"Please rely on the photo, rather than the description. 2024 Dumbo Flying Elephant Popcorn Box Magical Mystery Series 28",1,Buy it Now,14.0,0-1 oz,TRUE,Not Hazmat,Used,,IMG_2630-31,https://i.ibb.co/Z1cjX9WS/IMG-2630-pin-31.jpg,,,,,,,
Disneyana,Disney Pins,Parks - Encanto Family - Mirabel Antonio Animal Friends,"Disney Pin Parks - Encanto Family - Mirabel, Antonio, and animal friends","Please rely on the photo, rather than the description. Parks - Encanto Family - Mirabel Antonio Animal Friends",1,Buy it Now,12.99,0-1 oz,TRUE,Not Hazmat,Used,,IMG_2630-32,https://i.ibb.co/bR7BhgK3/IMG-2630-pin-32.jpg,,,,,,,
Disneyana,Disney Pins,D23 Expo Pinocchio Maps Box Set Le Wdi Mog Glendale Gideon,Disney D23 EXPO Pinocchio Maps Pin Box Set LE WDI MOG Glendale Gideon ONLY,"Please rely on the photo, rather than the description. D23 Expo Pinocchio Maps Box Set Le Wdi Mog Glendale Gideon",1,Buy it Now,45.0,0-1 oz,TRUE,Not Hazmat,Used,,IMG_2630-34,https://i.ibb.co/5hGrczPy/IMG-2630-pin-34.jpg,,,,,,,
Disneyana,Disney Pins,Mystery Set- Bambi Sleeping Single,"Disney ""Sweet Dreams"" Mystery set- Bambi Sleeping Enamel Pin Single","Please rely on the photo, rather than the description. Mystery Set- Bambi Sleeping Single",1,Buy it Now,8.0,0-1 oz,TRUE,Not Hazmat,Used,,IMG_2630-35,https://i.ibb.co/7J1yYX6b/IMG-2630-pin-35.jpg,,,,,,,
Disneyana,Disney Pins,Stitch Small Tourist Coconut Drink,Disney Stitch Small Tourist With Coconut Drink Pin,"Please rely on the photo, rather than the description. Stitch Small Tourist Coconut Drink",1,Buy it Now,18.83,0-1 oz,TRUE,Not Hazmat,Used,,IMG_2630-36,https://i.ibb.co/5W8SzPf0/IMG-2630-pin-36.jpg,,,,,,,
Disneyana,Disney Pins,Donald Wise Little Hen 90th Anniversary Puzzle Silly Symphony 2024 A1,Donald Wise Little Hen 90th Anniversary Puzzle Silly Symphony 2024 Disney Pin A1,"Please rely on the photo, rather than the description. Donald Wise Little Hen 90th Anniversary Puzzle Silly Symphony 2024 A1",1,Buy it Now,20.95,0-1 oz,TRUE,Not Hazmat,Used,,IMG_2630-37,https://i.ibb.co/4RR9xVXt/IMG-2630-pin-37.jpg,,,,,,,
Disneyana,Disney Pins,Store Japan Thumper Bambi,Disney Store Japan Pin Thumper From Bambi,"Please rely on the photo, rather than the description. Store Japan Thumper Bambi",1,Buy it Now,20.0,0-1 oz,TRUE,Not Hazmat,Used,,IMG_2630-39,https://i.ibb.co/3ygyPbt5/IMG-2630-pin-39.jpg,,,,,,,
Disneyana,Disney Pins,Dale Keychain -,Disney Dale Keychain - NEW!,"Please rely on the photo, rather than the description. Dale Keychain -",1,Buy it Now,10.0,0-1 oz,TRUE,Not Hazmat,Used,,IMG_2630-41,https://i.ibb.co/Xf8ZVhqy/IMG-2630-pin-41.jpg,,,,,,,
Disneyana,Disney Pins,Hkdl Hong Kong Disneyland Inside Out 2 Mystery Box - Fear Yikes,Disney HKDL Hong Kong Disneyland Inside Out 2 Mystery Box Pin - Fear Yikes Only,"Please rely on the photo, rather than the description. Hkdl Hong Kong Disneyland Inside Out 2 Mystery Box - Fear Yikes",1,Buy it Now,30.0,0-1 oz,TRUE,Not Hazmat,Used,,IMG_2630-4,https://i.ibb.co/v63Mtp7h/IMG-2630-pin-4.jpg,,,,,,,
Disneyana,Disney Pins,Trader Merchandise Mickey Mouse,Disney Pin Trader Merchandise Mickey Mouse Pin,"Please rely on the photo, rather than the description. Trader Merchandise Mickey Mouse",1,Buy it Now,35.0,0-1 oz,TRUE,Not Hazmat,Used,,IMG_2630-5,https://i.ibb.co/PGpchRrV/IMG-2630-pin-5.jpg,,,,,,,
Disneyana,Disney Pins,Mickey Mouse Easel Gold Globe Portait 75 Years Together Le Nip Catalog,Mickey Mouse Easel Pin Gold Globe Portait 75 Years Together LE NIP Catalog,"Please rely on the photo, rather than the description. Mickey Mouse Easel Gold Globe Portait 75 Years Together Le Nip Catalog",1,Buy it Now,22.99,0-1 oz,TRUE,Not Hazmat,Used,,IMG_2630-7,https://i.ibb.co/8D3hZZbP/IMG-2630-pin-7.jpg,,,,,,,
Disneyana,Disney Pins,58942 Flexible Characters Starter Goofy & Donald Tiki Adventure,Disney Pin 58942 Flexible Characters Starter Goofy & Donald Tiki Adventure,"Please rely on the photo, rather than the description. 58942 Flexible Characters Starter Goofy & Donald Tiki Adventure",1,Buy it Now,26.17,0-1 oz,TRUE,Not Hazmat,Used,,IMG_2630-8,https://i.ibb.co/j9W4WzHs/IMG-2630-pin-8.jpg,,,,,,,
Disneyana,Disney Pins,Baymax Honey Lemon Armor Big Hero 6 Mystery,Baymax And Honey Lemon Armor Big Hero 6 Mystery Disney Pin (D3),"Please rely on the photo, rather than the description. Baymax Honey Lemon Armor Big Hero 6 Mystery",1,Buy it Now,18.0,0-1 oz,TRUE,Not Hazmat,Used,,IMG_2630-9,https://i.ibb.co/dJ6MhRny/IMG-2630-pin-9.jpg,,,,,,,
Disneyana,Disney Pins,Castaway Club Cruise Lines 2007 Mickey Minnie Mouse Ship Beach,Disney Castaway Club Pin Disney Cruise Lines 2007 Mickey Minnie Mouse Ship Beach,"Please rely on the photo, rather than the description. Castaway Club Cruise Lines 2007 Mickey Minnie Mouse Ship Beach",1,Buy it Now,14.98,0-1 oz,TRUE,Not Hazmat,Used,,IMG_2631-10,https://i.ibb.co/tpDWHbwW/IMG-2631-pin-10.jpg,,,,,,,
Disneyana,Disney Pins,Parks 2025 Dated Spinner Mickey & Friends Goofy Donald Minnie Daisy,Disney Parks 2025 Dated Spinner Pin Mickey & Friends Goofy Donald Minnie Daisy,"Please rely on the photo, rather than the description. Parks 2025 Dated Spinner Mickey & Friends Goofy Donald Minnie Daisy",1,Buy it Now,29.99,0-1 oz,TRUE,Not Hazmat,Used,,IMG_2631-12,https://i.ibb.co/tPDGPnjc/IMG-2631-pin-12.jpg,,,,,,,
Disneyana,Disney Pins,Christmas Tangled Rapunzel & Mother Goethel Dvc Riviera Le 3000,Disney Christmas Tangled Rapunzel & Mother Goethel DVC Riviera LE 3000 Pin,"Please rely on the photo, rather than the description. Christmas Tangled Rapunzel & Mother Goethel Dvc Riviera Le 3000",1,Buy it Now,18.0,0-1 oz,TRUE,Not Hazmat,Used,,IMG_2631-13,https://i.ibb.co/MkZrdfB0/IMG-2631-pin-13.jpg,,,,,,,
Disneyana,Disney Pins,Vacation Club Magical Tradition Brilliant Future,"Disney Pin Disney Vacation Club  A magical tradition ,a brilliant future","Please rely on the photo, rather than the description. Vacation Club Magical Tradition Brilliant Future",1,Buy it Now,6.0,0-1 oz,TRUE,Not Hazmat,Used,,IMG_2631-15,https://i.ibb.co/tFLJWF8/IMG-2631-pin-15.jpg,,,,,,,
Disneyana,Disney Pins,2025 Disneyland Haunted Mansion Map Puzzle Chandelier Ghosts Le 475,2025 Disneyland Haunted Mansion Map Puzzle Pin Chandelier Ghosts LE 475,"Please rely on the photo, rather than the description. 2025 Disneyland Haunted Mansion Map Puzzle Chandelier Ghosts Le 475",1,Buy it Now,65.0,0-1 oz,TRUE,Not Hazmat,Used,,IMG_2631-16,https://i.ibb.co/ccDYV8JW/IMG-2631-pin-16.jpg,,,,,,,
Disneyana,Disney Pins,Chip Dapper Dan 2024 Series Main Street Usa Magic Kingdom Wdw G2,Disney Pin Chip Dapper Dan 2024 Series Main Street USA Magic Kingdom WDW G2,"Please rely on the photo, rather than the description. Chip Dapper Dan 2024 Series Main Street Usa Magic Kingdom Wdw G2",1,Buy it Now,13.95,0-1 oz,TRUE,Not Hazmat,Used,,IMG_2631-17,https://i.ibb.co/xtc4b2Gm/IMG-2631-pin-17.jpg,,,,,,,
Disneyana,Disney Pins,Parks 2022 Peter Pan Tinker Bell Sitting Block,Disney Parks Pin 2022 Peter Pan Tinker Bell Sitting on Block ,"Please rely on the photo, rather than the description. Parks 2022 Peter Pan Tinker Bell Sitting Block",1,Buy it Now,14.77,0-1 oz,TRUE,Not Hazmat,Used,,IMG_2631-21,https://i.ibb.co/rKC63p6x/IMG-2631-pin-21.jpg,,,,,,,
Disneyana,Disney Pins,Parks Happy Halloween 2024 Minnie Mouse Witch & Figaro Open Edition,Disney Parks Happy Halloween 2024 Pin Minnie Mouse Witch & Figaro Open Edition,"Please rely on the photo, rather than the description. Parks Happy Halloween 2024 Minnie Mouse Witch & Figaro Open Edition",1,Buy it Now,16.14,0-1 oz,TRUE,Not Hazmat,Used,,IMG_2631-23,https://i.ibb.co/QjqgFTZV/IMG-2631-pin-23.jpg,,,,,,,
Disneyana,Disney Pins,Catalog Best Guest Be Part Magic,Disney Catalog Best Guest Be Part of the Magic Pin,"Please rely on the photo, rather than the description. Catalog Best Guest Be Part Magic",1,Buy it Now,90.25,0-1 oz,TRUE,Not Hazmat,Used,,IMG_2631-24,https://i.ibb.co/hQr1CtX/IMG-2631-pin-24.jpg,,,,,,,
Disneyana,Disney Pins,2025 Parks Nightmare Before Christmas Nbc Pin-you,NEW 2025 Disney Parks Nightmare Before Christmas Pins NBC Disney Pin-YOU CHOOSE,"Please rely on the photo, rather than the description. 2025 Parks Nightmare Before Christmas Nbc Pin-you",1,Buy it Now,22.5,0-1 oz,TRUE,Not Hazmat,Used,,IMG_2631-26,https://i.ibb.co/r2T6K7Zy/IMG-2631-pin-26.jpg,,,,,,,
Disneyana,Disney Pins,Vacation Club Magical Tradition Brilliant Future 2000,Disney Pin Vacation Club A Magical Tradition A Brilliant Future 2000,"Please rely on the photo, rather than the description. Vacation Club Magical Tradition Brilliant Future 2000",1,Buy it Now,2.99,0-1 oz,TRUE,Not Hazmat,Used,,IMG_2631-27,https://i.ibb.co/vGvwYCp/IMG-2631-pin-27.jpg,,,,,,,
Disneyana,Disney Pins,Bambi Flower Skunk Sleeping,Bambi Disney Pin: Flower Skunk Sleeping,"Please rely on the photo, rather than the description. Bambi Flower Skunk Sleeping",1,Buy it Now,12.9,0-1 oz,TRUE,Not Hazmat,Used,,IMG_2631-28,https://i.ibb.co/23C6sGyZ/IMG-2631-pin-28.jpg,,,,,,,
Disneyana,Disney Pins,Mickey Mouse Club Mystery Pouch Clarabelle,DISNEY MICKEY MOUSE CLUB MYSTERY POUCH PIN CLARABELLE,"Please rely on the photo, rather than the description. Mickey Mouse Club Mystery Pouch Clarabelle",1,Buy it Now,5.0,0-1 oz,TRUE,Not Hazmat,Used,,IMG_2631-30,https://i.ibb.co/3mwhM9QX/IMG-2631-pin-30.jpg,,,,,,,
Disneyana,Disney Pins,World 50th Anniversary Mystery Mr Dairy,Disney World 50th Anniversary Mystery Pin Mr Dairy NEW,"Please rely on the photo, rather than the description. World 50th Anniversary Mystery Mr Dairy",1,Buy it Now,19.95,0-1 oz,TRUE,Not Hazmat,Used,,IMG_2631-31,https://i.ibb.co/SDtY5b4r/IMG-2631-pin-31.jpg,,,,,,,
Disneyana,Disney Pins,20th Badge,Disney 20th pin badge,"Please rely on the photo, rather than the description. 20th Badge",1,Buy it Now,100.0,0-1 oz,TRUE,Not Hazmat,Used,,IMG_2631-32,https://i.ibb.co/Q7m7LXsF/IMG-2631-pin-32.jpg,,,,,,,
Disneyana,Disney Pins,Wine & Dine 10k Marathon - Princess Tiana Limited Release,Disney Wine & Dine 10K Marathon - Princess Tiana Limited Release Pin,"Please rely on the photo, rather than the description. Wine & Dine 10k Marathon - Princess Tiana Limited Release",1,Buy it Now,10.0,0-1 oz,TRUE,Not Hazmat,Used,,IMG_2631-3,https://i.ibb.co/Myf9SFT3/IMG-2631-pin-3.jpg,,,,,,,
Disneyana,Disney Pins,125916 Baby Moana Seashell 2017 Souvenir Excellent,Disney Pin 125916 Baby Moana with Seashell 2017 Collectible Souvenir Excellent ,"Please rely on the photo, rather than the description. 125916 Baby Moana Seashell 2017 Souvenir Excellent",1,Buy it Now,16.99,0-1 oz,TRUE,Not Hazmat,Used,,IMG_2631-4,https://i.ibb.co/zhkBH84M/IMG-2631-pin-4.jpg,,,,,,,
Disneyana,Disney Pins,Trading 170465 Mickey Mouse - Mickey Friends Dated 2025,Disney Trading Pin 170465 Mickey Mouse - Mickey and Friends Dated 2025 (24),"Please rely on the photo, rather than the description. Trading 170465 Mickey Mouse - Mickey Friends Dated 2025",1,Buy it Now,13.95,0-1 oz,TRUE,Not Hazmat,Used,,IMG_2631-5,https://i.ibb.co/zhc02Yzp/IMG-2631-pin-5.jpg,,,,,,,
Disneyana,Disney Pins,- Big Hero 6 Mystery Box - Baymax Armor Wasabi,Disney Pin - Big Hero 6 Mystery Box -  Baymax In Armor With Wasabi Only,"Please rely on the photo, rather than the description. - Big Hero 6 Mystery Box - Baymax Armor Wasabi",1,Buy it Now,18.0,0-1 oz,TRUE,Not Hazmat,Used,,IMG_2631-6,https://i.ibb.co/4nBnb5hW/IMG-2631-pin-6.jpg,,,,,,,
Disneyana,Disney Pins,Epcot Food & Wine Festival Passholder Mickey Mouse,Disney Pin EPCOT Food & Wine Festival Passholder Mickey Mouse Authentic New,"Please rely on the photo, rather than the description. Epcot Food & Wine Festival Passholder Mickey Mouse",1,Buy it Now,28.0,0-1 oz,TRUE,Not Hazmat,Used,,IMG_2631-8,https://i.ibb.co/232frQC9/IMG-2631-pin-8.jpg,,,,,,,
Disneyana,Disney Pins,Goofy Pluto S Pumpkin Pursuit 2024 Glow Dark Free-d 171334,Goofy Pluto's Pumpkin Pursuit 2024 Glow in the Dark Free-D Disney Pin 171334,"Please rely on the photo, rather than the description. Goofy Pluto S Pumpkin Pursuit 2024 Glow Dark Free-d 171334",1,Buy it Now,12.75,0-1 oz,TRUE,Not Hazmat,Used,,IMG_2631-9,https://i.ibb.co/2Y7tPtjN/IMG-2631-pin-9.jpg,,,,,,,
Disneyana,Disney Pins,Trading Monkey Coco Alebrijes Mystery Pixar Green Monkey,Disney Trading Pins Monkey Coco Alebrijes Mystery Pixar Green Monkey (15),"Please rely on the photo, rather than the description. Trading Monkey Coco Alebrijes Mystery Pixar Green Monkey",1,Buy it Now,14.95,0-1 oz,TRUE,Not Hazmat,Used,,IMG_2632-10,https://i.ibb.co/5gjN7pCx/IMG-2632-pin-10.jpg,,,,,,,
Disneyana,Disney Pins,2023 Han Solo I Ve Got Bad Feeling About Star Wars,Disney 2023 Han Solo I've Got a Bad Feeling About This Star Wars  Pin,"Please rely on the photo, rather than the description. 2023 Han Solo I Ve Got Bad Feeling About Star Wars",1,Buy it Now,12.0,0-1 oz,TRUE,Not Hazmat,Used,,IMG_2632-11,https://i.ibb.co/GvyTNw6G/IMG-2632-pin-11.jpg,,,,,,,
Disneyana,Disney Pins,Wdw-happy Holidays 04 Pursuit Completer Home Sweet Homle Pin-,WDW-HAPPY HOLIDAYS '04 PIN PURSUIT COMPLETER HOME SWEET HOMLE PIN-FREE SHIPPING!,"Please rely on the photo, rather than the description. Wdw-happy Holidays 04 Pursuit Completer Home Sweet Homle Pin-",1,Buy it Now,29.9,0-1 oz,TRUE,Not Hazmat,Used,,IMG_2632-13,https://i.ibb.co/wmt9QNL/IMG-2632-pin-13.jpg,,,,,,,
Disneyana,Disney Pins,World 20th Anniversary Marathon Weekend - 2013 Mickey Mouse,Walt Disney World 20th Anniversary Marathon Weekend Pin - 2013 Mickey Mouse,"Please rely on the photo, rather than the description. World 20th Anniversary Marathon Weekend - 2013 Mickey Mouse",1,Buy it Now,19.88,0-1 oz,TRUE,Not Hazmat,Used,,IMG_2632-14,https://i.ibb.co/LhHkqyrj/IMG-2632-pin-14.jpg,,,,,,,
Disneyana,Disney Pins,Loungefly Princess Wreath Ribbon - Tiana - Princess & Frog,Disney Loungefly Princess Wreath Ribbon Pin - Tiana - Princess & The Frog,"Please rely on the photo, rather than the description. Loungefly Princess Wreath Ribbon - Tiana - Princess & Frog",1,Buy it Now,16.0,0-1 oz,TRUE,Not Hazmat,Used,,IMG_2632-15,https://i.ibb.co/Z6qS4TbJ/IMG-2632-pin-15.jpg,,,,,,,
Disneyana,Disney Pins,Pluto S Pumpkin Pursuit - Minnie Mouse,Disney Pluto's Pumpkin Pursuit Pin - Minnie Mouse,"Please rely on the photo, rather than the description. Pluto S Pumpkin Pursuit - Minnie Mouse",1,Buy it Now,15.0,0-1 oz,TRUE,Not Hazmat,Used,,IMG_2632-16,https://i.ibb.co/FLwKv5G0/IMG-2632-pin-16.jpg,,,,,,,
Disneyana,Disney Pins,Store Exclusive Star Wars Series 3 Admiral Ackbar,New Disney Store Exclusive Star Wars Series 3 Pin ADMIRAL ACKBAR ,"Please rely on the photo, rather than the description. Store Exclusive Star Wars Series 3 Admiral Ackbar",1,Buy it Now,18.95,0-1 oz,TRUE,Not Hazmat,Used,,IMG_2632-17,https://i.ibb.co/35gvBWMk/IMG-2632-pin-17.jpg,,,,,,,
Disneyana,Disney Pins,Duffy Friends Cookie Anne Badge Hong Kong Unused 1 Piece,Duffy and Friends Cookie Anne Pin Badge Disney Hong Kong Unused 1 Piece,"Please rely on the photo, rather than the description. Duffy Friends Cookie Anne Badge Hong Kong Unused 1 Piece",1,Buy it Now,29.99,0-1 oz,TRUE,Not Hazmat,Used,,IMG_2632-18,https://i.ibb.co/YT85v4QW/IMG-2632-pin-18.jpg,,,,,,,
Disneyana,Disney Pins,Mickey Mouse Club Mystery Humphrey Bear Pouch,The Mickey Mouse Club Mystery Pin  Humphrey The Bear Pouch,"Please rely on the photo, rather than the description. Mickey Mouse Club Mystery Humphrey Bear Pouch",1,Buy it Now,5.95,0-1 oz,TRUE,Not Hazmat,Used,,IMG_2632-19,https://i.ibb.co/0p5JQXSt/IMG-2632-pin-19.jpg,,,,,,,
Disneyana,Disney Pins,Disneyland Paris Dlp Music Festival - Donald & Daisy,Disneyland Paris DLP Music Festival Pin - Donald & Daisy,"Please rely on the photo, rather than the description. Disneyland Paris Dlp Music Festival - Donald & Daisy",1,Buy it Now,50.0,0-1 oz,TRUE,Not Hazmat,Used,,IMG_2632-1,https://i.ibb.co/5WJSnZJC/IMG-2632-pin-1.jpg,,,,,,,
Disneyana,Disney Pins,Ducks Sorcerer Mickey Rubber Duckies Mystery 170667,Ducks of Disney Sorcerer Mickey Rubber Duckies Mystery Disney Pin 170667,"Please rely on the photo, rather than the description. Ducks Sorcerer Mickey Rubber Duckies Mystery 170667",1,Buy it Now,27.95,0-1 oz,TRUE,Not Hazmat,Used,,IMG_2632-20,https://i.ibb.co/rKGCqnvS/IMG-2632-pin-20.jpg,,,,,,,
Disneyana,Disney Pins,Trading 176575 Loungefly Rapunzel Princess Hand Holding Set Tangled,Disney Trading Pin  176575 LOUNGEFLY RAPUNZEL PRINCESS HAND HOLDING SET TANGLED,"Please rely on the photo, rather than the description. Trading 176575 Loungefly Rapunzel Princess Hand Holding Set Tangled",1,Buy it Now,20.0,0-1 oz,TRUE,Not Hazmat,Used,,IMG_2632-21,https://i.ibb.co/x83hKw81/IMG-2632-pin-21.jpg,,,,,,,
Disneyana,Disney Pins,Mickey Donald Best Friends Forever Hugging-,Disney Mickey Donald Best Friends Are Forever Hugging-Free Ship-Trading Pin-2008,"Please rely on the photo, rather than the description. Mickey Donald Best Friends Forever Hugging-",1,Buy it Now,10.8,0-1 oz,TRUE,Not Hazmat,Used,,IMG_2632-22,https://i.ibb.co/qMj26Ptf/IMG-2632-pin-22.jpg,,,,,,,
Disneyana,Disney Pins,Mike Wazowski Avocado Breakfast Bagel Munchlings Monsters Inc,Mike Wazowski Avocado Breakfast Bagel Munchlings Monsters Inc Disney Pin (D0),"Please rely on the photo, rather than the description. Mike Wazowski Avocado Breakfast Bagel Munchlings Monsters Inc",1,Buy it Now,10.95,0-1 oz,TRUE,Not Hazmat,Used,,IMG_2632-23,https://i.ibb.co/p6f14XP3/IMG-2632-pin-23.jpg,,,,,,,
Disneyana,Disney Pins,Travel Grand Plan Mickey & Minnie Pink Car,Disney Walt Travel Grand Plan Mickey & Minnie in Pink Car Pin,"Please rely on the photo, rather than the description. Travel Grand Plan Mickey & Minnie Pink Car",1,Buy it Now,45.0,0-1 oz,TRUE,Not Hazmat,Used,,IMG_2632-24,https://i.ibb.co/yGZTCd5/IMG-2632-pin-24.jpg,,,,,,,
Disneyana,Disney Pins,2014 Parks Happy Holidays All-star Resort Le 750 Pluto,2014 Disney Parks  Happy Holidays All-Star Resort LE 750 Pin Pluto,"Please rely on the photo, rather than the description. 2014 Parks Happy Holidays All-star Resort Le 750 Pluto",1,Buy it Now,25.0,0-1 oz,TRUE,Not Hazmat,Used,,IMG_2632-2,https://i.ibb.co/7NWGFZMc/IMG-2632-pin-2.jpg,,,,,,,
Disneyana,Disney Pins,Dcl - Minnie Mouse Dancing - Cruise Line 2020 C7,DCL - Minnie Mouse Dancing - Cruise Line 2020 Disney Pin C7,"Please rely on the photo, rather than the description. Dcl - Minnie Mouse Dancing - Cruise Line 2020 C7",1,Buy it Now,18.95,0-1 oz,TRUE,Not Hazmat,Used,,IMG_2632-5,https://i.ibb.co/Y7PY1sRP/IMG-2632-pin-5.jpg,,,,,,,
Disneyana,Disney Pins,Alice Wonderland Mad Hatter March Hare Tea Time,Disney  Alice in Wonderland Mad Hatter and March Hare Tea Time Pin,"Please rely on the photo, rather than the description. Alice Wonderland Mad Hatter March Hare Tea Time",1,Buy it Now,21.41,0-1 oz,TRUE,Not Hazmat,Used,,IMG_2632-7,https://i.ibb.co/8DTrsX3H/IMG-2632-pin-7.jpg,,,,,,,
Disneyana,Disney Pins,M&p Minnie & Mickey Bell Present Slider Merry Christmas 2002 Le,M&P Minnie & Mickey Bell and Present Slider Merry Christmas 2002 LE Pin,"Please rely on the photo, rather than the description. M&p Minnie & Mickey Bell Present Slider Merry Christmas 2002 Le",1,Buy it Now,58.49,0-1 oz,TRUE,Not Hazmat,Used,,IMG_2632-8,https://i.ibb.co/WJWXygM/IMG-2632-pin-8.jpg,,,,,,,
Disneyana,Disney Pins,Jumbo Alice Wonderland Playing Card Deck 2 Diamonds Acme Le 300,Jumbo Disney Pin Alice in Wonderland Playing Card Deck 2 of Diamonds Acme Le 300,"Please rely on the photo, rather than the description. Jumbo Alice Wonderland Playing Card Deck 2 Diamonds Acme Le 300",1,Buy it Now,140.0,0-1 oz,TRUE,Not Hazmat,Used,,IMG_2632-9,https://i.ibb.co/yc3QN6bW/IMG-2632-pin-9.jpg,,,,,,,
Disneyana,Disney Pins,Parks Pirates Caribbean Booster 2023 Redd Pirate Lady,Disney Parks Pirates of the Caribbean Booster Pin 2023 Redd Pirate Lady Only,"Please rely on the photo, rather than the description. Parks Pirates Caribbean Booster 2023 Redd Pirate Lady",1,Buy it Now,17.0,0-1 oz,TRUE,Not Hazmat,Used,,IMG_2633-11,https://i.ibb.co/6Rs36v4L/IMG-2633-pin-11.jpg,,,,,,,
Disneyana,Disney Pins,D23 Expo 2024 Mog Wdi Maps Aladdin Jafar Le 400,D23 Expo 2024 Disney Pin MOG WDI Maps Aladdin Jafar LE 400 ONLY,"Please rely on the photo, rather than the description. D23 Expo 2024 Mog Wdi Maps Aladdin Jafar Le 400",1,Buy it Now,50.0,0-1 oz,TRUE,Not Hazmat,Used,,IMG_2633-12,https://i.ibb.co/N26DCRyz/IMG-2633-pin-12.jpg,,,,,,,
Disneyana,Disney Pins,Kingdom Cute Mystry Box Collection Jungle Cruise Boat Ride Cute,Disney Kingdom Of Cute Mystry Box Collection Jungle Cruise Boat Ride Pin CUTE,"Please rely on the photo, rather than the description. Kingdom Cute Mystry Box Collection Jungle Cruise Boat Ride Cute",1,Buy it Now,12.99,0-1 oz,TRUE,Not Hazmat,Used,,IMG_2633-13,https://i.ibb.co/Y7r7xYF1/IMG-2633-pin-13.jpg,,,,,,,
Disneyana,Disney Pins,Star Wars Luke Obi-wan R2d2 C3po Land Speeder Tatooine Cartoon Style,Disney Pin Star Wars Luke Obi-wan R2D2 C3PO Land Speeder Tatooine Cartoon Style,"Please rely on the photo, rather than the description. Star Wars Luke Obi-wan R2d2 C3po Land Speeder Tatooine Cartoon Style",1,Buy it Now,15.0,0-1 oz,TRUE,Not Hazmat,Used,,IMG_2633-14,https://i.ibb.co/bjsfkB8d/IMG-2633-pin-14.jpg,,,,,,,
Disneyana,Disney Pins,Fab 3 Donald Duck Goofy & Mickey Mouse Visa Cardmember 2008 59343,FAB 3 DONALD DUCK GOOFY & MICKEY MOUSE Disney Visa Cardmember Pin 2008 59343 NEW,"Please rely on the photo, rather than the description. Fab 3 Donald Duck Goofy & Mickey Mouse Visa Cardmember 2008 59343",1,Buy it Now,24.95,0-1 oz,TRUE,Not Hazmat,Used,,IMG_2633-15,https://i.ibb.co/993G4zYY/IMG-2633-pin-15.jpg,,,,,,,
Disneyana,Disney Pins,Hkdl Hong Kong Carnival License Plate Pinocchio,HKDL Hong Kong Carnival License Plate Pinocchio Disney Pin,"Please rely on the photo, rather than the description. Hkdl Hong Kong Carnival License Plate Pinocchio",1,Buy it Now,18.95,0-1 oz,TRUE,Not Hazmat,Used,,IMG_2633-17,https://i.ibb.co/6cPnMGRR/IMG-2633-pin-17.jpg,,,,,,,
Disneyana,Disney Pins,Dssh Dsf Live Action Lilo & Stitch Sunshine Stitch Stained Glass Le,Disney DSSH DSF Live Action Lilo & Stitch Sunshine Stitch Stained Glass LE Pin,"Please rely on the photo, rather than the description. Dssh Dsf Live Action Lilo & Stitch Sunshine Stitch Stained Glass Le",1,Buy it Now,50.0,0-1 oz,TRUE,Not Hazmat,Used,,IMG_2633-1,https://i.ibb.co/Pvs969V4/IMG-2633-pin-1.jpg,,,,,,,
Disneyana,Disney Pins,2025 626 Day Stitch Sand Le 4000 - Trading Nights Release,Disney Pin 2025 626 Day Stitch In Sand LE 4000 - Pin Trading Nights Release,"Please rely on the photo, rather than the description. 2025 626 Day Stitch Sand Le 4000 - Trading Nights Release",1,Buy it Now,35.0,0-1 oz,TRUE,Not Hazmat,Used,,IMG_2633-2,https://i.ibb.co/GQQsBphQ/IMG-2633-pin-2.jpg,,,,,,,
Disneyana,Disney Pins,Parks Orange Bird Napping Sleeping Pillow 2026 Velvet Pillow,Disney Parks Orange Bird Napping Sleeping Pillow Pin 2026 New Velvet Pillow,"Please rely on the photo, rather than the description. Parks Orange Bird Napping Sleeping Pillow 2026 Velvet Pillow",1,Buy it Now,23.98,0-1 oz,TRUE,Not Hazmat,Used,,IMG_2633-3,https://i.ibb.co/Kxsnhb6x/IMG-2633-pin-3.jpg,,,,,,,
Disneyana,Disney Pins,Parks Tiana S Bayou Adventure 2024 We Know Shortcut Ride Drop,Disney Parks Tiana's Bayou Adventure Pin 2024 We Know A Shortcut Pin Ride Drop,"Please rely on the photo, rather than the description. Parks Tiana S Bayou Adventure 2024 We Know Shortcut Ride Drop",1,Buy it Now,18.96,0-1 oz,TRUE,Not Hazmat,Used,,IMG_2633-5,https://i.ibb.co/7xdZ4XH0/IMG-2633-pin-5.jpg,,,,,,,
Disneyana,Disney Pins,Pink La Mode Palm Princess Jasmine Royal Harvest Pumpkin Le 300,Pink a la Mode PALM Princess Jasmine Royal Harvest Pumpkin LE 300 Pin,"Please rely on the photo, rather than the description. Pink La Mode Palm Princess Jasmine Royal Harvest Pumpkin Le 300",1,Buy it Now,35.99,0-1 oz,TRUE,Not Hazmat,Used,,IMG_2633-6,https://i.ibb.co/MyF9GCR8/IMG-2633-pin-6.jpg,,,,,,,
Disneyana,Disney Pins,Dlp Paris 2013 Brave Mother S Day Merida Elinor Le 600,DLP Paris 2013 Disney Pin Brave Mother's Day Pin Merida Elinor LE 600,"Please rely on the photo, rather than the description. Dlp Paris 2013 Brave Mother S Day Merida Elinor Le 600",1,Buy it Now,80.0,0-1 oz,TRUE,Not Hazmat,Used,,IMG_2633-7,https://i.ibb.co/Rk1dDszd/IMG-2633-pin-7.jpg,,,,,,,
Disneyana,Disney Pins,Cruise Line Dcl Wave Logo Mickey Mouse Deep Blue Sea Flag Wish,Disney Cruise Line DCL Wave Logo Pin Mickey Mouse Deep Blue Sea Flag Disney Wish,"Please rely on the photo, rather than the description. Cruise Line Dcl Wave Logo Mickey Mouse Deep Blue Sea Flag Wish",1,Buy it Now,24.99,0-1 oz,TRUE,Not Hazmat,Used,,IMG_2633-8,https://i.ibb.co/b5WgTrJ2/IMG-2633-pin-8.jpg,,,,,,,
Disneyana,Disney Pins,Figment Food Wine Festival 2025 Epcot International Chef,Disney Figment Food And Wine Festival 2025 Pin Epcot International Chef Pins,"Please rely on the photo, rather than the description. Figment Food Wine Festival 2025 Epcot International Chef",1,Buy it Now,35.0,0-1 oz,TRUE,Not Hazmat,Used,,IMG_2633-9,https://i.ibb.co/CpGtzh75/IMG-2633-pin-9.jpg,,,,,,,
Disneyana,Disney Pins,2019 Star Wars Trading - Industrial Automation Astromech Droid - R2d2,2019 DISNEY STAR WARS Trading Pin - INDUSTRIAL AUTOMATION ASTROMECH DROID - R2D2,"Please rely on the photo, rather than the description. 2019 Star Wars Trading - Industrial Automation Astromech Droid - R2d2",1,Buy it Now,7.95,0-1 oz,TRUE,Not Hazmat,Used,,IMG_2634-10,https://i.ibb.co/gZn6RPP4/IMG-2634-pin-10.jpg,,,,,,,
Disneyana,Disney Pins,Trading Pins-2018 Ice Cream Mystery-pluto,Disney Trading Pins-2018 Ice Cream Mystery-Pluto,"Please rely on the photo, rather than the description. Trading Pins-2018 Ice Cream Mystery-pluto",1,Buy it Now,8.5,0-1 oz,TRUE,Not Hazmat,Used,,IMG_2634-11,https://i.ibb.co/tp2c24d7/IMG-2634-pin-11.jpg,,,,,,,
Disneyana,Disney Pins,Parks 2025 Mini Mixits Mix It S Mystery Mickey Mouse Tiki Bird,Disney Parks 2025 NEW Mini MixIts Mix It's  Mystery Pin Mickey Mouse Tiki Bird,"Please rely on the photo, rather than the description. Parks 2025 Mini Mixits Mix It S Mystery Mickey Mouse Tiki Bird",1,Buy it Now,14.95,0-1 oz,TRUE,Not Hazmat,Used,,IMG_2634-14,https://i.ibb.co/992sHb9p/IMG-2634-pin-14.jpg,,,,,,,
Disneyana,Disney Pins,Adventures Treasures Galapagos El Mercado Minnie D7,Adventures By Disney Treasures of The Galapagos El Mercado Minnie Disney Pin D7,"Please rely on the photo, rather than the description. Adventures Treasures Galapagos El Mercado Minnie D7",1,Buy it Now,23.95,0-1 oz,TRUE,Not Hazmat,Used,,IMG_2634-16,https://i.ibb.co/RTZZQ9PQ/IMG-2634-pin-16.jpg,,,,,,,
Disneyana,Disney Pins,Simba Characters Mugs Mystery Lion King 169531,Simba Characters as Mugs Mystery The Lion King Disney Pin 169531,"Please rely on the photo, rather than the description. Simba Characters Mugs Mystery Lion King 169531",1,Buy it Now,9.95,0-1 oz,TRUE,Not Hazmat,Used,,IMG_2634-17,https://i.ibb.co/ch4RQZ52/IMG-2634-pin-17.jpg,,,,,,,
Disneyana,Disney Pins,Studios Vintage 2000 Celebrate Future Hand Hand,Walt Disney Studios Vintage Enamel Pin 2000 Celebrate Future Hand in Hand ,"Please rely on the photo, rather than the description. Studios Vintage 2000 Celebrate Future Hand Hand",1,Buy it Now,10.0,0-1 oz,TRUE,Not Hazmat,Used,,IMG_2634-18,https://i.ibb.co/ycFKNKCw/IMG-2634-pin-18.jpg,,,,,,,
Disneyana,Disney Pins,2024 Alice Wonderland 2 Set Tweedle Dee Tweedle Dum,New Disney 2024 Alice In Wonderland 2 Pin Set Tweedle Dee Tweedle Dum,"Please rely on the photo, rather than the description. 2024 Alice Wonderland 2 Set Tweedle Dee Tweedle Dum",1,Buy it Now,15.99,0-1 oz,TRUE,Not Hazmat,Used,,IMG_2634-1,https://i.ibb.co/fVtWvBYh/IMG-2634-pin-1.jpg,,,,,,,
Disneyana,Disney Pins,Trading 2024 Dated Booster - Simba Lion King,New Disney Trading Pins 2024 Dated Booster - Simba From The Lion King Pin ONLY,"Please rely on the photo, rather than the description. Trading 2024 Dated Booster - Simba Lion King",1,Buy it Now,12.0,0-1 oz,TRUE,Not Hazmat,Used,,IMG_2634-20,https://i.ibb.co/gLTXmpS1/IMG-2634-pin-20.jpg,,,,,,,
Disneyana,Disney Pins,Kingdom Cute Mystery Teacup 125532,Kingdom of Cute Mystery Teacup Disney Pin 125532,"Please rely on the photo, rather than the description. Kingdom Cute Mystery Teacup 125532",1,Buy it Now,4.99,0-1 oz,TRUE,Not Hazmat,Used,,IMG_2634-21,https://i.ibb.co/dwLbnxd3/IMG-2634-pin-21.jpg,,,,,,,
Disneyana,Disney Pins,Wdw Hidden Pixar Toy Story Baby Head - Never Traded,Disney Pin WDW Hidden Disney Pixar: Toy Story BABY HEAD **NEW - NEVER TRADED**,"Please rely on the photo, rather than the description. Wdw Hidden Pixar Toy Story Baby Head - Never Traded",1,Buy it Now,9.95,0-1 oz,TRUE,Not Hazmat,Used,,IMG_2634-22,https://i.ibb.co/q3zmVctZ/IMG-2634-pin-22.jpg,,,,,,,
Disneyana,Disney Pins,Pixar Up Young Ellie Bottle Cap,Disney Pixar UP Young Ellie Bottle Cap PIN,"Please rely on the photo, rather than the description. Pixar Up Young Ellie Bottle Cap",1,Buy it Now,10.95,0-1 oz,TRUE,Not Hazmat,Used,,IMG_2634-23,https://i.ibb.co/RTqtc00f/IMG-2634-pin-23.jpg,,,,,,,
Disneyana,Disney Pins,Tdr Tokyo Halloween 2019 Game Prize Mickey Mouse 140202,TDR Tokyo Halloween 2019 Game Prize Mickey Mouse Disney Pin 140202 (C9),"Please rely on the photo, rather than the description. Tdr Tokyo Halloween 2019 Game Prize Mickey Mouse 140202",1,Buy it Now,11.95,0-1 oz,TRUE,Not Hazmat,Used,,IMG_2634-24,https://i.ibb.co/KxNRdQpF/IMG-2634-pin-24.jpg,,,,,,,
Disneyana,Disney Pins,Minnie Daisy Mickey Mouse Club Mystery 164335,Minnie and Daisy Mickey Mouse Club Mystery Disney Pin 164335,"Please rely on the photo, rather than the description. Minnie Daisy Mickey Mouse Club Mystery 164335",1,Buy it Now,11.95,0-1 oz,TRUE,Not Hazmat,Used,,IMG_2634-25,https://i.ibb.co/7NXDd0Sf/IMG-2634-pin-25.jpg,,,,,,,
Disneyana,Disney Pins,Vtg Piglet Hallmark Winnie Pooh,Vtg Disney Pin Piglet Hallmark Winnie the Pooh,"Please rely on the photo, rather than the description. Vtg Piglet Hallmark Winnie Pooh",1,Buy it Now,9.99,0-1 oz,TRUE,Not Hazmat,Used,,IMG_2634-26,https://i.ibb.co/Df3HDsfs/IMG-2634-pin-26.jpg,,,,,,,
Disneyana,Disney Pins,Tokyo Disney-sea 15-year Wishes Jumbo Pin-pluto Donald Duck & Goofy,"Tokyo Disney-Sea 15-Year of Wishes JUMBO pin-Pluto, Donald Duck & Goofy","Please rely on the photo, rather than the description. Tokyo Disney-sea 15-year Wishes Jumbo Pin-pluto Donald Duck & Goofy",1,Buy it Now,30.0,0-1 oz,TRUE,Not Hazmat,Used,,IMG_2634-28,https://i.ibb.co/hRC99w21/IMG-2634-pin-28.jpg,,,,,,,
Disneyana,Disney Pins,Auctions Ebay Tuxedo Mickey & Minnie Mouse Le 1000,Disney Auctions eBay Tuxedo MICKEY & MINNIE Mouse LE 1000,"Please rely on the photo, rather than the description. Auctions Ebay Tuxedo Mickey & Minnie Mouse Le 1000",1,Buy it Now,29.99,0-1 oz,TRUE,Not Hazmat,Used,,IMG_2634-29,https://i.ibb.co/mVPQCd6V/IMG-2634-pin-29.jpg,,,,,,,
Disneyana,Disney Pins,175105 Donald Duck Ice Cream Cone Pink La Mode Palm Cute Food Palm,Disney pin 175105 Donald Duck ice cream cone pink a la mode PALM cute food PALM,"Please rely on the photo, rather than the description. 175105 Donald Duck Ice Cream Cone Pink La Mode Palm Cute Food Palm",1,Buy it Now,14.99,0-1 oz,TRUE,Not Hazmat,Used,,IMG_2634-31,https://i.ibb.co/tTz7RXq5/IMG-2634-pin-31.jpg,,,,,,,
Disneyana,Disney Pins,2021 50th Anniversary Castle Blue Gems Visa Rewards Lr,Disney 2021 50th Anniversary Castle with Blue Gems Visa Rewards LR pin,"Please rely on the photo, rather than the description. 2021 50th Anniversary Castle Blue Gems Visa Rewards Lr",1,Buy it Now,30.0,0-1 oz,TRUE,Not Hazmat,Used,,IMG_2634-3,https://i.ibb.co/fYMxzf6r/IMG-2634-pin-3.jpg,,,,,,,
Disneyana,Disney Pins,Sweet Dreams Nap Mystery Lady Tramp Tramp 153271,Sweet Dreams Nap Mystery Lady and the Tramp Tramp Disney Pin 153271,"Please rely on the photo, rather than the description. Sweet Dreams Nap Mystery Lady Tramp Tramp 153271",1,Buy it Now,9.95,0-1 oz,TRUE,Not Hazmat,Used,,IMG_2634-4,https://i.ibb.co/21mPQwKJ/IMG-2634-pin-4.jpg,,,,,,,
Disneyana,Disney Pins,Dlr Glow Happy Halloween Fab 4 Le,Disney DLR Glow Happy Halloween Fab 4 Pin LE,"Please rely on the photo, rather than the description. Dlr Glow Happy Halloween Fab 4 Le",1,Buy it Now,30.0,0-1 oz,TRUE,Not Hazmat,Used,,IMG_2634-5,https://i.ibb.co/DHBJ1VMS/IMG-2634-pin-5.jpg,,,,,,,
Disneyana,Disney Pins,Haunted Mansion Mystery,Disney The Haunted Mansion Mystery Pins,"Please rely on the photo, rather than the description. Haunted Mansion Mystery",1,Buy it Now,17.95,0-1 oz,TRUE,Not Hazmat,Used,,IMG_2634-6,https://i.ibb.co/WpvdXhHc/IMG-2634-pin-6.jpg,,,,,,,
Disneyana,Disney Pins,- Goofy - How Ride Horse - Le3000 2023,Disney - Goofy - How To Ride a Horse - LE3000 2023 Pin,"Please rely on the photo, rather than the description. - Goofy - How Ride Horse - Le3000 2023",1,Buy it Now,8.99,0-1 oz,TRUE,Not Hazmat,Used,,IMG_2634-7,https://i.ibb.co/GQb26nZF/IMG-2634-pin-7.jpg,,,,,,,
Disneyana,Disney Pins,Trading Donald Duck Flower Portrait,Disney Trading Pins  Donald Duck Flower Portrait,"Please rely on the photo, rather than the description. Trading Donald Duck Flower Portrait",1,Buy it Now,20.0,0-1 oz,TRUE,Not Hazmat,Used,,IMG_2634-8,https://i.ibb.co/fVtZKtZq/IMG-2634-pin-8.jpg,,,,,,,
Disneyana,Disney Pins,Trading 176899 Loungefly - Incredibles - Pixar Records Set - Mystery,Disney trading pin  176899 LOUNGEFLY - INCREDIBLES - PIXAR RECORDS SET - MYSTERY,"Please rely on the photo, rather than the description. Trading 176899 Loungefly - Incredibles - Pixar Records Set - Mystery",1,Buy it Now,20.0,0-1 oz,TRUE,Not Hazmat,Used,,IMG_2634-9,https://i.ibb.co/bRC9W7bf/IMG-2634-pin-9.jpg,,,,,,,
Disneyana,Disney Pins,2019 Winnie Pooh Dangle Balloon Hunny Pot,Disney 2019 Winnie the Pooh Dangle Balloon Hunny Pot Pin NEW,"Please rely on the photo, rather than the description. 2019 Winnie Pooh Dangle Balloon Hunny Pot",1,Buy it Now,11.88,0-1 oz,TRUE,Not Hazmat,Used,,IMG_2635-10,https://i.ibb.co/wrK2xPJs/IMG-2635-pin-10.jpg,,,,,,,
Disneyana,Disney Pins,Munchlings Series 2 Mystery Minnie Mouse Blueberry Pancake D1,Disney Munchlings Series 2 Mystery Pin Minnie Mouse Blueberry Pancake D1,"Please rely on the photo, rather than the description. Munchlings Series 2 Mystery Minnie Mouse Blueberry Pancake D1",1,Buy it Now,12.95,0-1 oz,TRUE,Not Hazmat,Used,,IMG_2635-11,https://i.ibb.co/jkQgc4Zp/IMG-2635-pin-11.jpg,,,,,,,
Disneyana,Disney Pins,Mickey & Minnie Trading Starter Set Mickey,Disney Mickey & Minnie Pin Trading Starter Set Mickey Pin,"Please rely on the photo, rather than the description. Mickey & Minnie Trading Starter Set Mickey",1,Buy it Now,24.99,0-1 oz,TRUE,Not Hazmat,Used,,IMG_2635-13,https://i.ibb.co/jPNv0GgK/IMG-2635-pin-13.jpg,,,,,,,
Disneyana,Disney Pins,Tdr Tokyo Disneyland 19th Anniversary Mickey & Minnie Mouse,Disney Tdr Tokyo Disneyland 19th Anniversary Mickey & Minnie Mouse Pin,"Please rely on the photo, rather than the description. Tdr Tokyo Disneyland 19th Anniversary Mickey & Minnie Mouse",1,Buy it Now,20.0,0-1 oz,TRUE,Not Hazmat,Used,,IMG_2635-15,https://i.ibb.co/0j74HWkY/IMG-2635-pin-15.jpg,,,,,,,
Disneyana,Disney Pins,Single Seven Dwarfs Disneyland Trading 2014 Franchise,Disney Single Pin Seven Dwarfs Disneyland Pin Trading 2014 Disney Franchise,"Please rely on the photo, rather than the description. Single Seven Dwarfs Disneyland Trading 2014 Franchise",1,Buy it Now,12.0,0-1 oz,TRUE,Not Hazmat,Used,,IMG_2635-16,https://i.ibb.co/rK80ZLz2/IMG-2635-pin-16.jpg,,,,,,,
Disneyana,Disney Pins,2025 Parks World I Trade Florida License Plate Oe,2025 Disney Parks Walt Disney World I Trade Pins Florida License Plate OE Pin,"Please rely on the photo, rather than the description. 2025 Parks World I Trade Florida License Plate Oe",1,Buy it Now,16.99,0-1 oz,TRUE,Not Hazmat,Used,,IMG_2635-17,https://i.ibb.co/FbnCDPY6/IMG-2635-pin-17.jpg,,,,,,,
Disneyana,Disney Pins,Hook Sky Chaser Maui Tattoo 2018 Hidden Mickey Wdw Moana,Hook in the Sky Chaser Maui Tattoo 2018 Hidden Mickey WDW Moana Disney Pin,"Please rely on the photo, rather than the description. Hook Sky Chaser Maui Tattoo 2018 Hidden Mickey Wdw Moana",1,Buy it Now,8.0,0-1 oz,TRUE,Not Hazmat,Used,,IMG_2635-18,https://i.ibb.co/ynJWmNT0/IMG-2635-pin-18.jpg,,,,,,,
Disneyana,Disney Pins,Hidden Mickey Princess Shield Snow White Apple Chaser,Disney Hidden Mickey Pin Princess Shield Snow White Apple Chaser,"Please rely on the photo, rather than the description. Hidden Mickey Princess Shield Snow White Apple Chaser",1,Buy it Now,7.99,0-1 oz,TRUE,Not Hazmat,Used,,IMG_2635-21,https://i.ibb.co/XxtR5Gjw/IMG-2635-pin-21.jpg,,,,,,,
Disneyana,Disney Pins,- Turning Red Pixar Mei Lee Priya Abby Miriam,Disney Pin - Turning Red Pixar Mei Lee Priya Abby and Miriam,"Please rely on the photo, rather than the description. - Turning Red Pixar Mei Lee Priya Abby Miriam",1,Buy it Now,14.99,0-1 oz,TRUE,Not Hazmat,Used,,IMG_2635-2,https://i.ibb.co/CpLSHVfW/IMG-2635-pin-2.jpg,,,,,,,
Disneyana,Disney Pins,Parks Simba & Timon Lion King Card,Disney Parks Simba & Timon Lion King Pin On Card,"Please rely on the photo, rather than the description. Parks Simba & Timon Lion King Card",1,Buy it Now,14.0,0-1 oz,TRUE,Not Hazmat,Used,,IMG_2635-3,https://i.ibb.co/MyPnNTKp/IMG-2635-pin-3.jpg,,,,,,,
Disneyana,Disney Pins,Frozen 10th Anniversary Le 3000 Kristoff Sven,Disney Frozen 10th Anniversary LE 3000 Kristoff Sven PIN,"Please rely on the photo, rather than the description. Frozen 10th Anniversary Le 3000 Kristoff Sven",1,Buy it Now,14.95,0-1 oz,TRUE,Not Hazmat,Used,,IMG_2635-5,https://i.ibb.co/N2NvbCHK/IMG-2635-pin-5.jpg,,,,,,,
Disneyana,Disney Pins,2024 - Tiana - Princess Frog - 3d - Tiara Series -,2024 - Tiana - Princess and the Frog - 3D - Tiara Series - Disney Pin,"Please rely on the photo, rather than the description. 2024 - Tiana - Princess Frog - 3d - Tiara Series -",1,Buy it Now,11.5,0-1 oz,TRUE,Not Hazmat,Used,,IMG_2635-6,https://i.ibb.co/BFYmb43/IMG-2635-pin-6.jpg,,,,,,,
Disneyana,Disney Pins,Loungefly Princess Camping Sidekicks & Tent Belle Cogsworth,Loungefly Disney Princess Camping Sidekicks & Tent Pin Belle Cogsworth,"Please rely on the photo, rather than the description. Loungefly Princess Camping Sidekicks & Tent Belle Cogsworth",1,Buy it Now,14.41,0-1 oz,TRUE,Not Hazmat,Used,,IMG_2635-8,https://i.ibb.co/nND6rWvx/IMG-2635-pin-8.jpg,,,,,,,
Disneyana,Disney Pins,Mickey Mouse Experience Savanna Animal Kingdom 2024,Disney Pin Mickey Mouse Experience The Savanna Animal Kingdom 2024 (F),"Please rely on the photo, rather than the description. Mickey Mouse Experience Savanna Animal Kingdom 2024",1,Buy it Now,14.95,0-1 oz,TRUE,Not Hazmat,Used,,IMG_2635-9,https://i.ibb.co/whc7bY9Q/IMG-2635-pin-9.jpg,,,,,,,
Disneyana,Disney Pins,2023 Marvel First Appearance Le 2000 Avengers 29,2023 Disney Pins Marvel First Appearance LE 2000 Avengers #29,"Please rely on the photo, rather than the description. 2023 Marvel First Appearance Le 2000 Avengers 29",1,Buy it Now,18.0,0-1 oz,TRUE,Not Hazmat,Used,,IMG_2636-10,https://i.ibb.co/d0qQxr4n/IMG-2636-pin-10.jpg,,,,,,,
Disneyana,Disney Pins,Trading Variety,Disney Trading Pins Variety Choose Your Pins,"Please rely on the photo, rather than the description. Trading Variety",1,Buy it Now,15.0,0-1 oz,TRUE,Not Hazmat,Used,,IMG_2636-11,https://i.ibb.co/993mcMDw/IMG-2636-pin-11.jpg,,,,,,,
Disneyana,Disney Pins,152246 Lucifer - Cinderella - Sweet Dreams - Mystery,Disney Pin 152246  Lucifer - Cinderella - Sweet Dreams - Mystery,"Please rely on the photo, rather than the description. 152246 Lucifer - Cinderella - Sweet Dreams - Mystery",1,Buy it Now,13.99,0-1 oz,TRUE,Not Hazmat,Used,,IMG_2636-12,https://i.ibb.co/qLnjZtCX/IMG-2636-pin-12.jpg,,,,,,,
Disneyana,Disney Pins,Bagheera Hathi Jungle Book Parks Booster Set 2019,Bagheera And Hathi Jungle Book Disney Parks Booster Pin Set Disney Pin 2019,"Please rely on the photo, rather than the description. Bagheera Hathi Jungle Book Parks Booster Set 2019",1,Buy it Now,17.0,0-1 oz,TRUE,Not Hazmat,Used,,IMG_2636-14,https://i.ibb.co/BK57TM5c/IMG-2636-pin-14.jpg,,,,,,,
Disneyana,Disney Pins,Belle - Cameo Side Profile - Silver Frame Portrait Beauty 163193,Belle - Cameo Side Profile - Silver Frame Portrait Beauty Disney Pin 163193 (A),"Please rely on the photo, rather than the description. Belle - Cameo Side Profile - Silver Frame Portrait Beauty 163193",1,Buy it Now,18.95,0-1 oz,TRUE,Not Hazmat,Used,,IMG_2636-15,https://i.ibb.co/KcXWPDns/IMG-2636-pin-15.jpg,,,,,,,
Disneyana,Disney Pins,- Loungefly Princess Character Cupcakes Series - Belle Cupcake,Disney Pin - Loungefly Princess Character Cupcakes Series - Belle Cupcake,"Please rely on the photo, rather than the description. - Loungefly Princess Character Cupcakes Series - Belle Cupcake",1,Buy it Now,12.99,0-1 oz,TRUE,Not Hazmat,Used,,IMG_2636-16,https://i.ibb.co/3yhMMG1R/IMG-2636-pin-16.jpg,,,,,,,
Disneyana,Disney Pins,2025 Parks Stitch Attacks Snacks - Stitch Hot Chocolate Drink,2025 Disney Parks Stitch Attacks Snacks - Stitch with Hot Chocolate Drink,"Please rely on the photo, rather than the description. 2025 Parks Stitch Attacks Snacks - Stitch Hot Chocolate Drink",1,Buy it Now,14.99,0-1 oz,TRUE,Not Hazmat,Used,,IMG_2636-17,https://i.ibb.co/sJyHM6nS/IMG-2636-pin-17.jpg,,,,,,,
Disneyana,Disney Pins,Dlp Dlrp Paris Bambi Christmas Booster 2012 92968,DLP DLRP Paris Bambi Christmas Booster 2012 Disney Pin 92968,"Please rely on the photo, rather than the description. Dlp Dlrp Paris Bambi Christmas Booster 2012 92968",1,Buy it Now,17.95,0-1 oz,TRUE,Not Hazmat,Used,,IMG_2636-19,https://i.ibb.co/dJJCvjPJ/IMG-2636-pin-19.jpg,,,,,,,
Disneyana,Disney Pins,D23 Fan Club Gold Member 2025 Exclusive Stitch Trading,Disney D23 Fan Club Gold Member 2025 Exclusive Stitch Enamel Trading Pin,"Please rely on the photo, rather than the description. D23 Fan Club Gold Member 2025 Exclusive Stitch Trading",1,Buy it Now,37.05,0-1 oz,TRUE,Not Hazmat,Used,,IMG_2636-1,https://i.ibb.co/zTW4DJXz/IMG-2636-pin-1.jpg,,,,,,,
Disneyana,Disney Pins,Handbag Purse Mystery Mary Poppins,Handbag Purse Mystery Mary Poppins Disney Pin,"Please rely on the photo, rather than the description. Handbag Purse Mystery Mary Poppins",1,Buy it Now,15.95,0-1 oz,TRUE,Not Hazmat,Used,,IMG_2636-21,https://i.ibb.co/v4WK6MKm/IMG-2636-pin-21.jpg,,,,,,,
Disneyana,Disney Pins,Magical Chefs Mystery Mickey Mouse Mickey Mouse 2025,Disney Pins Magical Chefs Mystery Mickey Mouse Pin Mickey Mouse Pins 2025,"Please rely on the photo, rather than the description. Magical Chefs Mystery Mickey Mouse Mickey Mouse 2025",1,Buy it Now,10.0,0-1 oz,TRUE,Not Hazmat,Used,,IMG_2636-22,https://i.ibb.co/v4M9cjVt/IMG-2636-pin-22.jpg,,,,,,,
Disneyana,Disney Pins,Loungefly / - Tiana - Princess - Ice Cream Cone - Mystery / Blind Box,Loungefly / Disney - Tiana - Princess - Ice Cream Cone - Mystery / Blind Box Pin,"Please rely on the photo, rather than the description. Loungefly / - Tiana - Princess - Ice Cream Cone - Mystery / Blind Box",1,Buy it Now,25.75,0-1 oz,TRUE,Not Hazmat,Used,,IMG_2636-23,https://i.ibb.co/GGBqpDz/IMG-2636-pin-23.jpg,,,,,,,
Disneyana,Disney Pins,2025 Parks Headphones Magical Mystery Series 30 Aladdin Genie,2025 Disney Parks Headphones Magical Mystery Series 30 Aladdin Genie Pin,"Please rely on the photo, rather than the description. 2025 Parks Headphones Magical Mystery Series 30 Aladdin Genie",1,Buy it Now,14.95,0-1 oz,TRUE,Not Hazmat,Used,,IMG_2636-25,https://i.ibb.co/cSkJr52Y/IMG-2636-pin-25.jpg,,,,,,,
Disneyana,Disney Pins,Parks 25th Anniversary Trading Mickey Mouse Board D2,Disney Parks 25th Anniversary of Pin Trading Mickey Mouse Pin Board Pin D2,"Please rely on the photo, rather than the description. Parks 25th Anniversary Trading Mickey Mouse Board D2",1,Buy it Now,19.95,0-1 oz,TRUE,Not Hazmat,Used,,IMG_2636-26,https://i.ibb.co/xtQmFmxC/IMG-2636-pin-26.jpg,,,,,,,
Disneyana,Disney Pins,Wdw-mickey Epcot Circle Flags Retired 2005,WDW-MICKEY WITH EPCOT CIRCLE OF FLAGS (COLOR ERROR) RETIRED RARE 2005,"Please rely on the photo, rather than the description. Wdw-mickey Epcot Circle Flags Retired 2005",1,Buy it Now,12.99,0-1 oz,TRUE,Not Hazmat,Used,,IMG_2636-27,https://i.ibb.co/tMvKj1Wr/IMG-2636-pin-27.jpg,,,,,,,
Disneyana,Disney Pins,Character Kite Mystery Collection - Pongo 101 Dalmatians,Disney Pin Character Kite Mystery Collection - Pongo 101 Dalmatians,"Please rely on the photo, rather than the description. Character Kite Mystery Collection - Pongo 101 Dalmatians",1,Buy it Now,10.4,0-1 oz,TRUE,Not Hazmat,Used,,IMG_2636-29,https://i.ibb.co/RnZxQdX/IMG-2636-pin-29.jpg,,,,,,,
Disneyana,Disney Pins,Parks Lion King Family Cluster Simba Scar Mufasa Timon Card,DISNEY PARKS PIN LION KING FAMILY CLUSTER SIMBA SCAR MUFASA TIMON NEW ON CARD,"Please rely on the photo, rather than the description. Parks Lion King Family Cluster Simba Scar Mufasa Timon Card",1,Buy it Now,12.0,0-1 oz,TRUE,Not Hazmat,Used,,IMG_2636-2,https://i.ibb.co/sdGvJ7w7/IMG-2636-pin-2.jpg,,,,,,,
Disneyana,Disney Pins,Wine & Dine Half Marathon Weekend 2024 Tiana 10k Limited Release,Disney Wine & Dine Half Marathon Weekend 2024 Tiana 10K Limited Release Pin,"Please rely on the photo, rather than the description. Wine & Dine Half Marathon Weekend 2024 Tiana 10k Limited Release",1,Buy it Now,5.99,0-1 oz,TRUE,Not Hazmat,Used,,IMG_2636-3,https://i.ibb.co/Fbsh0vZt/IMG-2636-pin-3.jpg,,,,,,,
Disneyana,Disney Pins,Parks Tigger 3d Sculpted Metallic,NEW Disney Parks Tigger 3D Sculpted Metallic Pin,"Please rely on the photo, rather than the description. Parks Tigger 3d Sculpted Metallic",1,Buy it Now,11.69,0-1 oz,TRUE,Not Hazmat,Used,,IMG_2636-4,https://i.ibb.co/r2mF12tm/IMG-2636-pin-4.jpg,,,,,,,
Disneyana,Disney Pins,Villains Mysterious Monuments Halloween 2025 Ursula Le 5000,Disney Villains Mysterious Monuments Halloween 2025 Ursula Pin LE 5000 New,"Please rely on the photo, rather than the description. Villains Mysterious Monuments Halloween 2025 Ursula Le 5000",1,Buy it Now,27.95,0-1 oz,TRUE,Not Hazmat,Used,,IMG_2636-5,https://i.ibb.co/r2xTngGJ/IMG-2636-pin-5.jpg,,,,,,,
Disneyana,Disney Pins,Pirates Caribbean Stranger Tides Mystery Collection2011,Disney Pin Pirates of the Caribbean On Stranger Tides Mystery Collection2011,"Please rely on the photo, rather than the description. Pirates Caribbean Stranger Tides Mystery Collection2011",1,Buy it Now,20.0,0-1 oz,TRUE,Not Hazmat,Used,,IMG_2636-6,https://i.ibb.co/NdkqqPJ6/IMG-2636-pin-6.jpg,,,,,,,
Disneyana,Disney Pins,2024 Retired Ride 20 000 Leagues Under Sea 70th Anniversary Nip,"2024 Disney Retired Ride 20,000 Leagues Under The Sea 70th Anniversary Pin NIP","Please rely on the photo, rather than the description. 2024 Retired Ride 20 000 Leagues Under Sea 70th Anniversary Nip",1,Buy it Now,21.99,0-1 oz,TRUE,Not Hazmat,Used,,IMG_2636-7,https://i.ibb.co/w99pwpC/IMG-2636-pin-7.jpg,,,,,,,
Disneyana,Disney Pins,Vacation Club 15 Years Exclusive Mickey Minnie Mouse Cake 2006,Walt Disney Pin Vacation Club 15 Years Exclusive Mickey Minnie Mouse Cake 2006,"Please rely on the photo, rather than the description. Vacation Club 15 Years Exclusive Mickey Minnie Mouse Cake 2006",1,Buy it Now,10.0,0-1 oz,TRUE,Not Hazmat,Used,,IMG_2636-8,https://i.ibb.co/LDfDgkB0/IMG-2636-pin-8.jpg,,,,,,,
Disneyana,Disney Pins,2025 Jake Sully Varang Avatar Fire Ash Spinner 3d Sculpted,2025 Disney Jake Sully and Varang Avatar: Fire and Ash Spinner 3D Sculpted Pin,"Please rely on the photo, rather than the description. 2025 Jake Sully Varang Avatar Fire Ash Spinner 3d Sculpted",1,Buy it Now,18.16,0-1 oz,TRUE,Not Hazmat,Used,,IMG_2644-10,https://i.ibb.co/Lhh9R2z6/IMG-2644-pin-10.jpg,,,,,,,
Disneyana,Disney Pins,Chip Dale Log Flume Splash Mountain Attraction Ride 2015 Set,DISNEY PIN CHIP AND DALE LOG FLUME SPLASH MOUNTAIN ATTRACTION RIDE 2015 PINS SET,"Please rely on the photo, rather than the description. Chip Dale Log Flume Splash Mountain Attraction Ride 2015 Set",1,Buy it Now,149.99,0-1 oz,TRUE,Not Hazmat,Used,,IMG_2644-11,https://i.ibb.co/gbVg1j5P/IMG-2644-pin-11.jpg,,,,,,,
Disneyana,Disney Pins,2022 Parks Avatar Way Water Pandora Limited Release Skimwing,2022 Disney Parks Avatar: The Way of Water Pandora LIMITED RELEASE Skimwing Pin,"Please rely on the photo, rather than the description. 2022 Parks Avatar Way Water Pandora Limited Release Skimwing",1,Buy it Now,14.95,0-1 oz,TRUE,Not Hazmat,Used,,IMG_2644-12,https://i.ibb.co/wZb0wH75/IMG-2644-pin-12.jpg,,,,,,,
Disneyana,Disney Pins,World Avatar Journey Pandora Mystery Blind Wdw Animal Kingdom,World of Avatar Journey To Pandora Mystery Blind WDW Animal Kingdom Disney Pin,"Please rely on the photo, rather than the description. World Avatar Journey Pandora Mystery Blind Wdw Animal Kingdom",1,Buy it Now,39.99,0-1 oz,TRUE,Not Hazmat,Used,,IMG_2644-13,https://i.ibb.co/tMDGT4GN/IMG-2644-pin-13.jpg,,,,,,,
Disneyana,Disney Pins,2025 Hidden Mickey Minnie Mouse Bubble Wand Toy - Wave B Wdw Wirld,2025 Hidden Mickey Pin Minnie Mouse Bubble Wand Toy - Wave B WDW Disney Wirld,"Please rely on the photo, rather than the description. 2025 Hidden Mickey Minnie Mouse Bubble Wand Toy - Wave B Wdw Wirld",1,Buy it Now,9.5,0-1 oz,TRUE,Not Hazmat,Used,,IMG_2644-15,https://i.ibb.co/wFQf1RwC/IMG-2644-pin-15.jpg,,,,,,,
Disneyana,Disney Pins,Dlr Winnie Pooh Bubble Wands Hidden Mickey 2025 Wave B 174836,DLR Winnie the Pooh Bubble Wands Hidden Mickey 2025 Wave B Disney Pin 174836,"Please rely on the photo, rather than the description. Dlr Winnie Pooh Bubble Wands Hidden Mickey 2025 Wave B 174836",1,Buy it Now,18.95,0-1 oz,TRUE,Not Hazmat,Used,,IMG_2644-16,https://i.ibb.co/k6PMCCYY/IMG-2644-pin-16.jpg,,,,,,,
Disneyana,Disney Pins,Mickey Mouse Bubble Wands 2025 Hidden Mickey Dlr 174835,Mickey Mouse Bubble Wands 2025 Hidden Mickey DLR Disney Pin 174835,"Please rely on the photo, rather than the description. Mickey Mouse Bubble Wands 2025 Hidden Mickey Dlr 174835",1,Buy it Now,14.95,0-1 oz,TRUE,Not Hazmat,Used,,IMG_2644-17,https://i.ibb.co/fdjw9Bv1/IMG-2644-pin-17.jpg,,,,,,,
Disneyana,Disney Pins,Disneyland Hidden Mickey 2025 Wave B Bubble Wand Goofy,Disneyland Hidden Mickey 2025 Wave B Bubble Wand Goofy Disney Pin,"Please rely on the photo, rather than the description. Disneyland Hidden Mickey 2025 Wave B Bubble Wand Goofy",1,Buy it Now,13.95,0-1 oz,TRUE,Not Hazmat,Used,,IMG_2644-18,https://i.ibb.co/27sxR06q/IMG-2644-pin-18.jpg,,,,,,,
Disneyana,Disney Pins,Wave B 2025 Hidden Mickey Disneyland Resort Maleficent Bubble Wand,New Wave B 2025 Hidden Mickey Pin Disneyland Resort Maleficent Bubble Wand,"Please rely on the photo, rather than the description. Wave B 2025 Hidden Mickey Disneyland Resort Maleficent Bubble Wand",1,Buy it Now,13.99,0-1 oz,TRUE,Not Hazmat,Used,,IMG_2644-19,https://i.ibb.co/B2wZGF5J/IMG-2644-pin-19.jpg,,,,,,,
Disneyana,Disney Pins,2025 Parks Aladdin & Jasmine Le Stain Glass,2025 Disney Parks Aladdin & Jasmine LE Pin Stain Glass,"Please rely on the photo, rather than the description. 2025 Parks Aladdin & Jasmine Le Stain Glass",1,Buy it Now,45.0,0-1 oz,TRUE,Not Hazmat,Used,,IMG_2644-1,https://i.ibb.co/Z6QbPmKP/IMG-2644-pin-1.jpg,,,,,,,
Disneyana,Disney Pins,2025 Disneyland Bb-8 Bubble Wand Hidden Wave B,2025 Disneyland BB-8 Bubble Wand Hidden Disney Wave B Pin,"Please rely on the photo, rather than the description. 2025 Disneyland Bb-8 Bubble Wand Hidden Wave B",1,Buy it Now,14.0,0-1 oz,TRUE,Not Hazmat,Used,,IMG_2644-20,https://i.ibb.co/VyYh3Tg/IMG-2644-pin-20.jpg,,,,,,,
Disneyana,Disney Pins,Hidden 2025 Wave B Wdw Bubble Wands Pluto 174771 Trade,Hidden Disney Pin 2025 Wave B WDW Bubble Wands Pluto #174771 Trade Free Ship,"Please rely on the photo, rather than the description. Hidden 2025 Wave B Wdw Bubble Wands Pluto 174771 Trade",1,Buy it Now,16.0,0-1 oz,TRUE,Not Hazmat,Used,,IMG_2644-21,https://i.ibb.co/jZ8BwQPt/IMG-2644-pin-21.jpg,,,,,,,
Disneyana,Disney Pins,Sorcerer Mickey 70 Wdi Imagineering Color D23 Expo Small Mog,SORCERER MICKEY 70 Disney Pin WDI Imagineering  Color D23 Expo Small Lapel MOG,"Please rely on the photo, rather than the description. Sorcerer Mickey 70 Wdi Imagineering Color D23 Expo Small Mog",1,Buy it Now,35.0,0-1 oz,TRUE,Not Hazmat,Used,,IMG_2644-2,https://i.ibb.co/tPzWsNPD/IMG-2644-pin-2.jpg,,,,,,,
Disneyana,Disney Pins,Muppets Park Day Miss Piggy Redd Pirates Magic Kingdom Mystery,Muppets Disney Park Day Miss Piggy as Redd on Pirates Magic Kingdom Mystery Pin,"Please rely on the photo, rather than the description. Muppets Park Day Miss Piggy Redd Pirates Magic Kingdom Mystery",1,Buy it Now,49.99,0-1 oz,TRUE,Not Hazmat,Used,,IMG_2644-3,https://i.ibb.co/HfbtChRL/IMG-2644-pin-3.jpg,,,,,,,
Disneyana,Disney Pins,2026 Ducks Pin- Peter Pan,2026 Ducks Of Disney Pin- Peter Pan Only,"Please rely on the photo, rather than the description. 2026 Ducks Pin- Peter Pan",1,Buy it Now,16.0,0-1 oz,TRUE,Not Hazmat,Used,,IMG_2644-4,https://i.ibb.co/dsYGN75Y/IMG-2644-pin-4.jpg,,,,,,,
Disneyana,Disney Pins,Bambi Thumper Flower Magical Moments Bradford Exchange Trading,Disney Bambi Thumper Flower Magical Moments Bradford Exchange Trading Pin,"Please rely on the photo, rather than the description. Bambi Thumper Flower Magical Moments Bradford Exchange Trading",1,Buy it Now,32.95,0-1 oz,TRUE,Not Hazmat,Used,,IMG_2644-5,https://i.ibb.co/FkjNMX9H/IMG-2644-pin-5.jpg,,,,,,,
Disneyana,Disney Pins,Bradford Exchange Magical Moments 101 Dalmatians Pongo Perdita 123757,Bradford Exchange Magical Moments 101 Dalmatians Pongo Perdita Disney Pin 123757,"Please rely on the photo, rather than the description. Bradford Exchange Magical Moments 101 Dalmatians Pongo Perdita 123757",1,Buy it Now,24.95,0-1 oz,TRUE,Not Hazmat,Used,,IMG_2644-6,https://i.ibb.co/5WLL5PnD/IMG-2644-pin-6.jpg,,,,,,,
Disneyana,Disney Pins,Parks Pandora Avatar Fire Ash Card,Disney Parks Pandora Avatar Fire and Ash Pin New with Card,"Please rely on the photo, rather than the description. Parks Pandora Avatar Fire Ash Card",1,Buy it Now,26.69,0-1 oz,TRUE,Not Hazmat,Used,,IMG_2644-7,https://i.ibb.co/PGGrBtBG/IMG-2644-pin-7.jpg,,,,,,,
Disneyana,Disney Pins,Dec 2025 Princess Cameo Ariel Little Mermaid Le 300,Disney DEC 2025 Princess Cameo Ariel Little Mermaid LE 300 Pin,"Please rely on the photo, rather than the description. Dec 2025 Princess Cameo Ariel Little Mermaid Le 300",1,Buy it Now,82.0,0-1 oz,TRUE,Not Hazmat,Used,,IMG_2644-8,https://i.ibb.co/NdPtgHw8/IMG-2644-pin-8.jpg,,,,,,,
Disneyana,Disney Pins,Wdw Skeleton Helmsman Pirates Caribbean Attraction Map Puzzle Le 525 F,Disney WDW Skeleton Helmsman Pirates of Caribbean Attraction Map Puzzle LE 525 F,"Please rely on the photo, rather than the description. Wdw Skeleton Helmsman Pirates Caribbean Attraction Map Puzzle Le 525 F",1,Buy it Now,149.95,0-1 oz,TRUE,Not Hazmat,Used,,IMG_2644-9,https://i.ibb.co/TDxykt8m/IMG-2644-pin-9.jpg,,,,,,,
Disneyana,Disney Pins,World Redhead Pirates Caribbean Attraction Map Puzzle Le 525,Disney World Redhead Pirates of the Caribbean Attraction Map Puzzle Pin  LE 525 ,"Please rely on the photo, rather than the description. World Redhead Pirates Caribbean Attraction Map Puzzle Le 525",1,Buy it Now,90.0,0-1 oz,TRUE,Not Hazmat,Used,,IMG_2645-10,https://i.ibb.co/PZ733cXY/IMG-2645-pin-10.jpg,,,,,,,
Disneyana,Disney Pins,Wdw Jailer Dog Pirates Caribbean Attraction Puzzle 2025 Le D3,WDW Jailer Dog Pirates of the Caribbean Attraction Puzzle 2025 LE Disney Pin D3,"Please rely on the photo, rather than the description. Wdw Jailer Dog Pirates Caribbean Attraction Puzzle 2025 Le D3",1,Buy it Now,75.95,0-1 oz,TRUE,Not Hazmat,Used,,IMG_2645-12,https://i.ibb.co/PsH1Dh8V/IMG-2645-pin-12.jpg,,,,,,,
Disneyana,Disney Pins,Nnd How Speak Whale Dory Finding Nemo Mystery 115393,nnd How to Speak Whale with Dory Finding Nemo Mystery Disney Pin 115393,"Please rely on the photo, rather than the description. Nnd How Speak Whale Dory Finding Nemo Mystery 115393",1,Buy it Now,12.75,0-1 oz,TRUE,Not Hazmat,Used,,IMG_2645-13,https://i.ibb.co/67dPz177/IMG-2645-pin-13.jpg,,,,,,,
Disneyana,Disney Pins,2021 Mystery Collection Coffee Cup Tumbler - Bambi,2021 Disney Mystery Pin Collection Coffee Cup Tumbler - Bambi,"Please rely on the photo, rather than the description. 2021 Mystery Collection Coffee Cup Tumbler - Bambi",1,Buy it Now,9.0,0-1 oz,TRUE,Not Hazmat,Used,,IMG_2645-14,https://i.ibb.co/N6Dgksvp/IMG-2645-pin-14.jpg,,,,,,,
Disneyana,Disney Pins,Wdi Lady Tramp 70th Anniversary - Peg,WDI Disney Lady and The Tramp 70th Anniversary Pin - Peg,"Please rely on the photo, rather than the description. Wdi Lady Tramp 70th Anniversary - Peg",1,Buy it Now,99.0,0-1 oz,TRUE,Not Hazmat,Used,,IMG_2645-15,https://i.ibb.co/gL98c9DJ/IMG-2645-pin-15.jpg,,,,,,,
Disneyana,Disney Pins,Parks 2025 Tangled 15th Anniversary Mystery Box - Lantern,Disney Parks 2025 Tangled 15th Anniversary Mystery Box Pin - The Lantern,"Please rely on the photo, rather than the description. Parks 2025 Tangled 15th Anniversary Mystery Box - Lantern",1,Buy it Now,34.99,0-1 oz,TRUE,Not Hazmat,Used,,IMG_2645-16,https://i.ibb.co/N2h5N455/IMG-2645-pin-16.jpg,,,,,,,
Disneyana,Disney Pins,Inside Out 2025 Hong Kong Disneyland 20th Anniversary Parade Float Mystery,Inside Out 2025 Hong Kong Disneyland 20th Anniversary Parade Float Mystery Pin,"Please rely on the photo, rather than the description. Inside Out 2025 Hong Kong Disneyland 20th Anniversary Parade Float Mystery",1,Buy it Now,28.9,0-1 oz,TRUE,Not Hazmat,Used,,IMG_2645-17,https://i.ibb.co/8nZV3b0y/IMG-2645-pin-17.jpg,,,,,,,
Disneyana,Disney Pins,Wdw Pirates Mystery Donald Duck,WDW  Pirates mystery pin Donald Duck,"Please rely on the photo, rather than the description. Wdw Pirates Mystery Donald Duck",1,Buy it Now,70.0,0-1 oz,TRUE,Not Hazmat,Used,,IMG_2645-18,https://i.ibb.co/LD5HCst4/IMG-2645-pin-18.jpg,,,,,,,
Disneyana,Disney Pins,Wdw Barker Bird Pirates Caribbean Attraction Puzzle 2025 Le D3,WDW Barker Bird Pirates of the Caribbean Attraction Puzzle 2025 LE Disney Pin D3,"Please rely on the photo, rather than the description. Wdw Barker Bird Pirates Caribbean Attraction Puzzle 2025 Le D3",1,Buy it Now,78.95,0-1 oz,TRUE,Not Hazmat,Used,,IMG_2645-19,https://i.ibb.co/8nRbwxyb/IMG-2645-pin-19.jpg,,,,,,,
Disneyana,Disney Pins,Finding Nemo 2015 Dated Year Mystery 110995,Finding Nemo 2015 Dated Year Mystery Disney Pin 110995,"Please rely on the photo, rather than the description. Finding Nemo 2015 Dated Year Mystery 110995",1,Buy it Now,12.75,0-1 oz,TRUE,Not Hazmat,Used,,IMG_2645-20,https://i.ibb.co/vCfDpNJP/IMG-2645-pin-20.jpg,,,,,,,
Disneyana,Disney Pins,Figpin Pixar All Stars Mystery Mini Blind Box - Nemo,FiGPiN Pixar All Stars mystery mini blind box pin (series 1) - Nemo,"Please rely on the photo, rather than the description. Figpin Pixar All Stars Mystery Mini Blind Box - Nemo",1,Buy it Now,13.0,0-1 oz,TRUE,Not Hazmat,Used,,IMG_2645-21,https://i.ibb.co/ZRrzLVj4/IMG-2645-pin-21.jpg,,,,,,,
Disneyana,Disney Pins,Princess & Frog Tiana Vhs Tape Mystery Blind,Princess & the Frog Tiana VHS Tape Mystery Blind  Disney Pin,"Please rely on the photo, rather than the description. Princess & Frog Tiana Vhs Tape Mystery Blind",1,Buy it Now,11.0,0-1 oz,TRUE,Not Hazmat,Used,,IMG_2645-22,https://i.ibb.co/qFs4F6mt/IMG-2645-pin-22.jpg,,,,,,,
Disneyana,Disney Pins,Neeeed How Speak Whale Dory Mystery 2016 115388,Neeeed How to Speak Whale with Dory Mystery 2016 Disney Pin 115388,"Please rely on the photo, rather than the description. Neeeed How Speak Whale Dory Mystery 2016 115388",1,Buy it Now,13.5,0-1 oz,TRUE,Not Hazmat,Used,,IMG_2645-23,https://i.ibb.co/Pvwj89d8/IMG-2645-pin-23.jpg,,,,,,,
Disneyana,Disney Pins,Finding Nemo & How Speak Whale Dory Mystery,Finding Nemo & How to Speak Whale with Dory Mystery Choose a Disney Pin,"Please rely on the photo, rather than the description. Finding Nemo & How Speak Whale Dory Mystery",1,Buy it Now,12.75,0-1 oz,TRUE,Not Hazmat,Used,,IMG_2645-24,https://i.ibb.co/KcnDTtKF/IMG-2645-pin-24.jpg,,,,,,,
Disneyana,Disney Pins,Wdw 2025 Pirates Caribbean Puzzle Map Mystery Mickey Le 525,Disney WDW 2025 Pirates Of The Caribbean Puzzle Map Mystery Mickey Pin LE 525,"Please rely on the photo, rather than the description. Wdw 2025 Pirates Caribbean Puzzle Map Mystery Mickey Le 525",1,Buy it Now,68.95,0-1 oz,TRUE,Not Hazmat,Used,,IMG_2645-2,https://i.ibb.co/BHT56pwr/IMG-2645-pin-2.jpg,,,,,,,
Disneyana,Disney Pins,Wdw Minnie World Pirates Caribbean Attraction 2025 D4,WDW Minnie Disney World Pirates of the Caribbean Attraction 2025 Disney Pin D4,"Please rely on the photo, rather than the description. Wdw Minnie World Pirates Caribbean Attraction 2025 D4",1,Buy it Now,65.95,0-1 oz,TRUE,Not Hazmat,Used,,IMG_2645-4,https://i.ibb.co/KjzK6F70/IMG-2645-pin-4.jpg,,,,,,,
Disneyana,Disney Pins,Loungefly Present Gift Mystery Minnie Mouse,Loungefly Present Gift Mystery Minnie Mouse Disney Pin,"Please rely on the photo, rather than the description. Loungefly Present Gift Mystery Minnie Mouse",1,Buy it Now,11.95,0-1 oz,TRUE,Not Hazmat,Used,,IMG_2645-5,https://i.ibb.co/RkGL1D4g/IMG-2645-pin-5.jpg,,,,,,,
Disneyana,Disney Pins,2026 Ducks Series 2 Pin- Winnie Pooh,2026 Ducks Of Disney Series 2 Pin- Winnie The Pooh Only,"Please rely on the photo, rather than the description. 2026 Ducks Series 2 Pin- Winnie Pooh",1,Buy it Now,18.0,0-1 oz,TRUE,Not Hazmat,Used,,IMG_2645-6,https://i.ibb.co/Cpcfn6qh/IMG-2645-pin-6.jpg,,,,,,,
Disneyana,Disney Pins,Chef Remy Ratatouille Pixar Movie Starter Booster Diamond Set 2025,Chef Remy Ratatouille Pixar Movie Starter Booster Diamond Set Disney Pin 2025,"Please rely on the photo, rather than the description. Chef Remy Ratatouille Pixar Movie Starter Booster Diamond Set 2025",1,Buy it Now,17.99,0-1 oz,TRUE,Not Hazmat,Used,,IMG_2645-7,https://i.ibb.co/TDZq7h4V/IMG-2645-pin-7.jpg,,,,,,,
Disneyana,Disney Pins,2024 Haunted Mansion Bride Constance Hatchaway Wedding Cake,2024 Disney Haunted Mansion Bride Constance Hatchaway Wedding Cake Pin (6),"Please rely on the photo, rather than the description. 2024 Haunted Mansion Bride Constance Hatchaway Wedding Cake",1,Buy it Now,14.95,0-1 oz,TRUE,Not Hazmat,Used,,IMG_2645-8,https://i.ibb.co/DHG9dGjr/IMG-2645-pin-8.jpg,,,,,,,
Disneyana,Disney Pins,- Loungefly Tangled Paints Series - Maximus Puzzle Piece,Disney Pin - Loungefly Tangled Paints Series - Maximus Puzzle Piece,"Please rely on the photo, rather than the description. - Loungefly Tangled Paints Series - Maximus Puzzle Piece",1,Buy it Now,8.99,0-1 oz,TRUE,Not Hazmat,Used,,IMG_2645-9,https://i.ibb.co/vvhWg2z4/IMG-2645-pin-9.jpg,,,,,,,
