Category,Sub Category,Title,Description,Quantity,Type,Price,Shipping Profile,Offerable,Hazmat,Condition,Cost Per Item,SKU,Image URL 1,Image URL 2,Image URL 3,Image URL 4,Image URL 5,Image URL 6,Image URL 7,Image URL 8
Disneyana,Disney Pins,Lion King Rafiki at the Tree of Life Animal Kingdom,"Please rely on the photo, rather than the description. Lion King Rafiki at the Tree of Life Animal Kingdom | Search: The Lion King, Disney Pin",1,Buy it Now,14,0-1 oz,TRUE,Not Hazmat,Used,,2572-10,https://i.ibb.co/rR7HxCL7/IMG-2572-pin-10.jpg,,,,,,,
Disneyana,Disney Pins,Nightmare Before Christmas Tarot Mystery the Mayor (the Planner),"Please rely on the photo, rather than the description. Nightmare Before Christmas Tarot Mystery the Mayor (the Planner) | Search: Disney Pin",1,Buy it Now,15,0-1 oz,TRUE,Not Hazmat,Used,,2572-13,https://i.ibb.co/h19nYF0N/IMG-2572-pin-13.jpg,,,,,,,
Disneyana,Disney Pins,Wreck-It Ralph Sugar Rush Racer Mystery Box Gloyd Orangeboard,"Please rely on the photo, rather than the description. Wreck-It Ralph Sugar Rush Racer Mystery Box Gloyd Orangeboard | Search: Disney Pin",1,Buy it Now,13,0-1 oz,TRUE,Not Hazmat,Used,,2572-14,https://i.ibb.co/1f3Y1PFc/IMG-2572-pin-14.jpg,,,,,,,
Disneyana,Disney Pins,DCL Cruise Line Star Wars Day at Sea 2016 Logo Death Star,"Please rely on the photo, rather than the description. DCL Cruise Line Star Wars Day at Sea 2016 Logo Death Star | Search: Disney Pin",1,Buy it Now,11,0-1 oz,TRUE,Not Hazmat,Used,,2572-15,https://i.ibb.co/4ZVPkm7s/IMG-2572-pin-15.jpg,,,,,,,
Disneyana,Disney Pins,Loungefly Princess & Villain Duo Blind Box Jasmine & Jafar,"Please rely on the photo, rather than the description. Loungefly Princess & Villain Duo Blind Box Jasmine & Jafar | Search: Aladdin, Disney Pin",1,Buy it Now,13,0-1 oz,TRUE,Not Hazmat,Used,,2572-16,https://i.ibb.co/rfcqh0dN/IMG-2572-pin-16.jpg,,,,,,,
Disneyana,Disney Pins,Magical Marksman Mystery Gonzo,"Please rely on the photo, rather than the description. Magical Marksman Mystery Gonzo | Search: Disney Pin",1,Buy it Now,20,0-1 oz,TRUE,Not Hazmat,Used,,2572-17,https://i.ibb.co/xKrnQBV3/IMG-2572-pin-17.jpg,,,,,,,
Disneyana,Disney Pins,Loungefly Pixar Records Woody & Buzz Lightyear Toy Story Record,"Please rely on the photo, rather than the description. Loungefly Pixar Records Woody & Buzz Lightyear Toy Story Record | Search: Toy Story, Disney Pin",1,Buy it Now,15,0-1 oz,TRUE,Not Hazmat,Used,,2572-18,https://i.ibb.co/9901qCLN/IMG-2572-pin-18.jpg,,,,,,,
Disneyana,Disney Pins,Disney Parks International Women's Day 2023 Princesses,"Please rely on the photo, rather than the description. Disney Parks International Women's Day 2023 Princesses | Search: Disney Pin",1,Buy it Now,25,0-1 oz,TRUE,Not Hazmat,Used,,2572-1,https://i.ibb.co/xKxMdGXP/IMG-2572-pin-1.jpg,,,,,,,
Disneyana,Disney Pins,Magical Mysteries Series 27 Princess Candle Ariel Little Mermaid,"Please rely on the photo, rather than the description. Magical Mysteries Series 27 Princess Candle Ariel Little Mermaid | Search: The Little Mermaid, Disney Pin",1,Buy it Now,23,0-1 oz,TRUE,Not Hazmat,Used,,2572-22,https://i.ibb.co/R478szRj/IMG-2572-pin-22.jpg,,,,,,,
Disneyana,Disney Pins,Minnie Mouse 2025 Year Mickey and Friends Starter,"Please rely on the photo, rather than the description. Minnie Mouse 2025 Year Mickey and Friends Starter | Search: Disney Pin",1,Buy it Now,14,0-1 oz,TRUE,Not Hazmat,Used,,2572-23,https://i.ibb.co/j9SyF78R/IMG-2572-pin-23.jpg,,,,,,,
Disneyana,Disney Pins,2025 Mystery Box Simba Disney Parks Lion King,"Please rely on the photo, rather than the description. 2025 Mystery Box Simba Disney Parks Lion King | Search: The Lion King, Disney Pin",1,Buy it Now,15,0-1 oz,TRUE,Not Hazmat,Used,,2572-25,https://i.ibb.co/spbnS158/IMG-2572-pin-25.jpg,,,,,,,
Disneyana,Disney Pins,Abu Avocado Sandwich Munchlings Aladdin Series 4,"Please rely on the photo, rather than the description. Abu Avocado Sandwich Munchlings Aladdin Series 4 | Search: Aladdin, Disney Pin",1,Buy it Now,12,0-1 oz,TRUE,Not Hazmat,Used,,2572-26,https://i.ibb.co/GvtwvqsS/IMG-2572-pin-26.jpg,,,,,,,
Disneyana,Disney Pins,Loungefly Ariel Princess Hat Set Mystery,"Please rely on the photo, rather than the description. Loungefly Ariel Princess Hat Set Mystery | Search: The Little Mermaid, Disney Pin",1,Buy it Now,20,0-1 oz,TRUE,Not Hazmat,Used,,2572-28,https://i.ibb.co/ZzLYqhwC/IMG-2572-pin-28.jpg,,,,,,,
Disneyana,Disney Pins,Disney Parks 2025 Star Wars Quarterly 4 of 4 Kylo Ren 3D Sculpted LE 3750,"Please rely on the photo, rather than the description. Disney Parks 2025 Star Wars Quarterly 4 of 4 Kylo Ren 3D Sculpted LE 3750 | Search: Star Wars, Disney Pin",1,Buy it Now,53,0-1 oz,TRUE,Not Hazmat,Used,,2572-2,https://i.ibb.co/jPdQhBcZ/IMG-2572-pin-2.jpg,,,,,,,
Disneyana,Disney Pins,2025 Disney Parks Lady & the Tramp 70th Anniversary Puzzle Tony Chef,"Please rely on the photo, rather than the description. 2025 Disney Parks Lady & the Tramp 70th Anniversary Puzzle Tony Chef | Search: Disney Pin",1,Buy it Now,29,0-1 oz,TRUE,Not Hazmat,Used,,2572-31,https://i.ibb.co/hJQj25q9/IMG-2572-pin-31.jpg,,,,,,,
Disneyana,Disney Pins,Pin162530 Dl Captain Hook Portrait Peter Pan Mystery,"Please rely on the photo, rather than the description. Pin162530 Dl Captain Hook Portrait Peter Pan Mystery | Search: Peter Pan, Disney Pin",1,Buy it Now,20,0-1 oz,TRUE,Not Hazmat,Used,,2572-3,https://i.ibb.co/Vc2SF2fG/IMG-2572-pin-3.jpg,,,,,,,
Disneyana,Disney Pins,Donald Duck,"Please rely on the photo, rather than the description. Donald Duck | Search: Disney Pin",1,Buy it Now,7,0-1 oz,TRUE,Not Hazmat,Used,,2572-4,https://i.ibb.co/nqHfT13S/IMG-2572-pin-4.jpg,,,,,,,
Disneyana,Disney Pins,Marvel Avengers Starter Rack Booster Choose a Character,"Please rely on the photo, rather than the description. Marvel Avengers Starter Rack Booster Choose a Character | Search: Monsters Inc, Disney Pin",1,Buy it Now,13,0-1 oz,TRUE,Not Hazmat,Used,,2572-5,https://i.ibb.co/gMzzddgL/IMG-2572-pin-5.jpg,,,,,,,
Disneyana,Disney Pins,2024 Disney Parks Villains Mystery Box Shan Yu Mulan,"Please rely on the photo, rather than the description. 2024 Disney Parks Villains Mystery Box Shan Yu Mulan | Search: Mulan, Disney Pin",1,Buy it Now,16,0-1 oz,TRUE,Not Hazmat,Used,,2572-6,https://i.ibb.co/xS7hzV4Q/IMG-2572-pin-6.jpg,,,,,,,
Disneyana,Disney Pins,2026 Swiss Family Treehouse Attraction Puzzle May Mystery,"Please rely on the photo, rather than the description. 2026 Swiss Family Treehouse Attraction Puzzle May Mystery | Search: Disney Pin",1,Buy it Now,45,0-1 oz,TRUE,Not Hazmat,Used,,2572-7,https://i.ibb.co/SX3dcbGX/IMG-2572-pin-7.jpg,,,,,,,
Disneyana,Disney Pins,Disney Parks Mini Mixits Mystery -White Rabbit Alice Teacup Blind Box Mix It,"Please rely on the photo, rather than the description. Disney Parks Mini Mixits Mystery -White Rabbit Alice Teacup Blind Box Mix It | Search: Winnie the Pooh, Disney Pin",1,Buy it Now,20,0-1 oz,TRUE,Not Hazmat,Used,,2572-8,https://i.ibb.co/SX77zccF/IMG-2572-pin-8.jpg,,,,,,,
Disneyana,Disney Pins,Loungefly Coco Pixar Records Set Mystery,"Please rely on the photo, rather than the description. Loungefly Coco Pixar Records Set Mystery | Search: Disney Pin",1,Buy it Now,20,0-1 oz,TRUE,Not Hazmat,Used,,2572-9,https://i.ibb.co/dNtzBKT/IMG-2572-pin-9.jpg,,,,,,,
Disneyana,Disney Pins,Three Little Pigs Mickey Mouse Club Marching Mystery,"Please rely on the photo, rather than the description. Three Little Pigs Mickey Mouse Club Marching Mystery | Search: Disney Pin",1,Buy it Now,9,0-1 oz,TRUE,Not Hazmat,Used,,2573-10,https://i.ibb.co/TBSjQvkM/IMG-2573-pin-10.jpg,,,,,,,
Disneyana,Disney Pins,Imaginative Icons Mystery Robin Hood,"Please rely on the photo, rather than the description. Imaginative Icons Mystery Robin Hood | Search: Robin Hood, Disney Pin",1,Buy it Now,18,0-1 oz,TRUE,Not Hazmat,Used,,2573-12,https://i.ibb.co/BVntXQ8V/IMG-2573-pin-12.jpg,,,,,,,
Disneyana,Disney Pins,Winnie the Pooh Floral Characters Mystery Tigger,"Please rely on the photo, rather than the description. Winnie the Pooh Floral Characters Mystery Tigger | Search: Winnie the Pooh, Disney Pin",1,Buy it Now,16,0-1 oz,TRUE,Not Hazmat,Used,,2573-13,https://i.ibb.co/QvMG5ds9/IMG-2573-pin-13.jpg,,,,,,,
Disneyana,Disney Pins,Disney World 20 Magical Years Mickey Mouse Inside Magic Top Hat Cast,"Please rely on the photo, rather than the description. Disney World 20 Magical Years Mickey Mouse Inside Magic Top Hat Cast | Search: Disney Pin",1,Buy it Now,20,0-1 oz,TRUE,Not Hazmat,Used,,2573-14,https://i.ibb.co/9zzCKcg/IMG-2573-pin-14.jpg,,,,,,,
Disneyana,Disney Pins,Asha & Star Wish 2023,"Please rely on the photo, rather than the description. Asha & Star Wish 2023 | Search: Disney Pin",1,Buy it Now,5,0-1 oz,TRUE,Not Hazmat,Used,,2573-15,https://i.ibb.co/1GSvJgy2/IMG-2573-pin-15.jpg,,,,,,,
Disneyana,Disney Pins,Donald Duck Quaketeer Club,"Please rely on the photo, rather than the description. Donald Duck Quaketeer Club | Search: Disney Pin",1,Buy it Now,20,0-1 oz,TRUE,Not Hazmat,Used,,2573-16,https://i.ibb.co/sdvm9MDZ/IMG-2573-pin-16.jpg,,,,,,,
Disneyana,Disney Pins,Han Solo Holding Blaster Star Wars Anime Mystery 2024,"Please rely on the photo, rather than the description. Han Solo Holding Blaster Star Wars Anime Mystery 2024 | Search: Star Wars, Disney Pin",1,Buy it Now,19,0-1 oz,TRUE,Not Hazmat,Used,,2573-17,https://i.ibb.co/m5kVrGSW/IMG-2573-pin-17.jpg,,,,,,,
Disneyana,Disney Pins,Star Wars Comic 3 Set,"Please rely on the photo, rather than the description. Star Wars Comic 3 Set | Search: Disney Pin",1,Buy it Now,10,0-1 oz,TRUE,Not Hazmat,Used,,2573-19,https://i.ibb.co/7Jh0nsQR/IMG-2573-pin-19.jpg,,,,,,,
Disneyana,Disney Pins,Frozen 2 Anna and Elsa Trust Your Journey,"Please rely on the photo, rather than the description. Frozen 2 Anna and Elsa Trust Your Journey | Search: Frozen, Disney Pin",1,Buy it Now,10,0-1 oz,TRUE,Not Hazmat,Used,,2573-1,https://i.ibb.co/93Wq3wdC/IMG-2573-pin-1.jpg,,,,,,,
Disneyana,Disney Pins,2024 Incredibles Mystery Evelyn Deaver,"Please rely on the photo, rather than the description. 2024 Incredibles Mystery Evelyn Deaver | Search: WALL-E, Disney Pin",1,Buy it Now,14,0-1 oz,TRUE,Not Hazmat,Used,,2573-20,https://i.ibb.co/dwwW49sw/IMG-2573-pin-20.jpg,,,,,,,
Disneyana,Disney Pins,Copper Characters as Mugs Fox and the Hound Mystery,"Please rely on the photo, rather than the description. Copper Characters as Mugs Fox and the Hound Mystery | Search: The Fox and the Hound, Disney Pin",1,Buy it Now,13,0-1 oz,TRUE,Not Hazmat,Used,,2573-22,https://i.ibb.co/kFrDkR5/IMG-2573-pin-22.jpg,,,,,,,
Disneyana,Disney Pins,DLR It's a Small World Cupcake Treats Hidden Mickey 2025 Wave B,"Please rely on the photo, rather than the description. DLR It's a Small World Cupcake Treats Hidden Mickey 2025 Wave B | Search: Disney Pin",1,Buy it Now,16,0-1 oz,TRUE,Not Hazmat,Used,,2573-25,https://i.ibb.co/Cs2hvCYV/IMG-2573-pin-25.jpg,,,,,,,
Disneyana,Disney Pins,Loungefly Princess Pumpkin Spice Scented Tiana Princess & the Frog,"Please rely on the photo, rather than the description. Loungefly Princess Pumpkin Spice Scented Tiana Princess & the Frog | Search: The Princess and the Frog, Disney Pin",1,Buy it Now,14,0-1 oz,TRUE,Not Hazmat,Used,,2573-26,https://i.ibb.co/zTwZsz68/IMG-2573-pin-26.jpg,,,,,,,
Disneyana,Disney Pins,2008 Cruise Line Panama Canal West Bound Hinged LE 1500,"Please rely on the photo, rather than the description. 2008 Cruise Line Panama Canal West Bound Hinged LE 1500 | Search: Disney Pin",1,Buy it Now,20,0-1 oz,TRUE,Not Hazmat,Used,,2573-27,https://i.ibb.co/Q3BPX0T7/IMG-2573-pin-27.jpg,,,,,,,
Disneyana,Disney Pins,2025 Magical Chefs Mystery Box Kronk,"Please rely on the photo, rather than the description. 2025 Magical Chefs Mystery Box Kronk | Search: The Emperor's New Groove, Disney Pin",1,Buy it Now,16,0-1 oz,TRUE,Not Hazmat,Used,,2573-28,https://i.ibb.co/Wv4wL4wb/IMG-2573-pin-28.jpg,,,,,,,
Disneyana,Disney Pins,2024 Jafar Holding Snake Staff Aladdin,"Please rely on the photo, rather than the description. 2024 Jafar Holding Snake Staff Aladdin | Search: Aladdin, Disney Pin",1,Buy it Now,20,0-1 oz,TRUE,Not Hazmat,Used,,2573-2,https://i.ibb.co/XkWXmCGx/IMG-2573-pin-2.jpg,,,,,,,
Disneyana,Disney Pins,Adventures by 88885 Abd Donald Duck Aswan Egypt,"Please rely on the photo, rather than the description. Adventures by 88885 Abd Donald Duck Aswan Egypt | Search: Disney Pin",1,Buy it Now,18,0-1 oz,TRUE,Not Hazmat,Used,,2573-31,https://i.ibb.co/nqt0GfW8/IMG-2573-pin-31.jpg,,,,,,,
Disneyana,Disney Pins,2025 WDW Fireworks & Castle Mickey Mouse Arms Up Glitter,"Please rely on the photo, rather than the description. 2025 WDW Fireworks & Castle Mickey Mouse Arms Up Glitter | Search: Disney Pin",1,Buy it Now,15,0-1 oz,TRUE,Not Hazmat,Used,,2573-33,https://i.ibb.co/SDbDg6w3/IMG-2573-pin-33.jpg,,,,,,,
Disneyana,Disney Pins,Gaston Beauty & the Beast Villains Mickey Mouse Icons Mystery,"Please rely on the photo, rather than the description. Gaston Beauty & the Beast Villains Mickey Mouse Icons Mystery | Search: Beauty and the Beast, Disney Pin",1,Buy it Now,9,0-1 oz,TRUE,Not Hazmat,Used,,2573-34,https://i.ibb.co/7dMgZwTb/IMG-2573-pin-34.jpg,,,,,,,
Disneyana,Disney Pins,Lady Baseball Cap Hat Magical Mystery Series 26 2024,"Please rely on the photo, rather than the description. Lady Baseball Cap Hat Magical Mystery Series 26 2024 | Search: Disney Pin",1,Buy it Now,12,0-1 oz,TRUE,Not Hazmat,Used,,2573-37,https://i.ibb.co/hJDMKkC2/IMG-2573-pin-37.jpg,,,,,,,
Disneyana,Disney Pins,Munchlings Series 4 (gosalyn Mallard),"Please rely on the photo, rather than the description. Munchlings Series 4 (gosalyn Mallard) | Search: Disney Pin",1,Buy it Now,20,0-1 oz,TRUE,Not Hazmat,Used,,2573-39,https://i.ibb.co/N2pw0TmK/IMG-2573-pin-39.jpg,,,,,,,
Disneyana,Disney Pins,Loungefly Mickey & Friends Artwork Donald Mystery Box Puzzle,"Please rely on the photo, rather than the description. Loungefly Mickey & Friends Artwork Donald Mystery Box Puzzle | Search: Disney Pin",1,Buy it Now,16,0-1 oz,TRUE,Not Hazmat,Used,,2573-3,https://i.ibb.co/KzfP7b1d/IMG-2573-pin-3.jpg,,,,,,,
Disneyana,Disney Pins,Character Car Mystery Mickey's Trailer Car,"Please rely on the photo, rather than the description. Character Car Mystery Mickey's Trailer Car | Search: Disney Pin",1,Buy it Now,13,0-1 oz,TRUE,Not Hazmat,Used,,2573-40,https://i.ibb.co/1fXVFYh9/IMG-2573-pin-40.jpg,,,,,,,
Disneyana,Disney Pins,Mickey Mouse and Friend Goofey,"Please rely on the photo, rather than the description. Mickey Mouse and Friend Goofey | Search: WALL-E, Disney Pin",1,Buy it Now,25,0-1 oz,TRUE,Not Hazmat,Used,,2573-41,https://i.ibb.co/yBsY7j1T/IMG-2573-pin-41.jpg,,,,,,,
Disneyana,Disney Pins,2025 Disney World WDW Food and Drink EPCOT Food and Wine Festival,"Please rely on the photo, rather than the description. 2025 Disney World WDW Food and Drink EPCOT Food and Wine Festival | Search: Disney Pin",1,Buy it Now,14,0-1 oz,TRUE,Not Hazmat,Used,,2573-42,https://i.ibb.co/1GTHvw5d/IMG-2573-pin-42.jpg,,,,,,,
Disneyana,Disney Pins,DLR 2015 Hidden Mickey Daughters of King Triton Alana,"Please rely on the photo, rather than the description. DLR 2015 Hidden Mickey Daughters of King Triton Alana | Search: The Little Mermaid, Disney Pin",1,Buy it Now,8,0-1 oz,TRUE,Not Hazmat,Used,,2573-43,https://i.ibb.co/jmj7WpC/IMG-2573-pin-43.jpg,,,,,,,
Disneyana,Disney Pins,Trophies Prize Ribbons 2019 Hidden Mickey DLR WDW Choose a,"Please rely on the photo, rather than the description. Trophies Prize Ribbons 2019 Hidden Mickey DLR WDW Choose a | Search: Disney Pin",1,Buy it Now,13,0-1 oz,TRUE,Not Hazmat,Used,,2573-44,https://i.ibb.co/C5zjDS4d/IMG-2573-pin-44.jpg,,,,,,,
Disneyana,Disney Pins,2022-23 WDW DLR Hidden Mickey Buzz Lightyear Pixar WDW Toy Story Pin #2/5,"Please rely on the photo, rather than the description. 2022-23 WDW DLR Hidden Mickey Buzz Lightyear Pixar WDW Toy Story Pin #2/5 | Search: Toy Story, Disney Pin",1,Buy it Now,20,0-1 oz,TRUE,Not Hazmat,Used,,2573-45,https://i.ibb.co/SDFJzYvB/IMG-2573-pin-45.jpg,,,,,,,
Disneyana,Disney Pins,Thumper EPCOT Flower & Garden Festival Mystery Series 2025 WDW,"Please rely on the photo, rather than the description. Thumper EPCOT Flower & Garden Festival Mystery Series 2025 WDW | Search: Bambi, Disney Pin",1,Buy it Now,12,0-1 oz,TRUE,Not Hazmat,Used,,2573-4,https://i.ibb.co/PZ2QVP07/IMG-2573-pin-4.jpg,,,,,,,
Disneyana,Disney Pins,Lion King Rafiki at the Tree of Life Animal Kingdom,"Please rely on the photo, rather than the description. Lion King Rafiki at the Tree of Life Animal Kingdom | Search: The Lion King, Disney Pin",1,Buy it Now,14,0-1 oz,TRUE,Not Hazmat,Used,,2573-5,https://i.ibb.co/Qjz0zv6Y/IMG-2573-pin-5.jpg,,,,,,,
Disneyana,Disney Pins,Mii Judy Hopps Zootopia 2 Panels Mystery Set,"Please rely on the photo, rather than the description. Mii Judy Hopps Zootopia 2 Panels Mystery Set | Search: Zootopia, Disney Pin",1,Buy it Now,20,0-1 oz,TRUE,Not Hazmat,Used,,2573-6,https://i.ibb.co/M5j1j1wW/IMG-2573-pin-6.jpg,,,,,,,
Disneyana,Disney Pins,Horace Horsecollar Mickey Mouse Club Mystery,"Please rely on the photo, rather than the description. Horace Horsecollar Mickey Mouse Club Mystery | Search: Disney Pin",1,Buy it Now,10,0-1 oz,TRUE,Not Hazmat,Used,,2573-8,https://i.ibb.co/Kxv5ctKP/IMG-2573-pin-8.jpg,,,,,,,
Disneyana,Disney Pins,Loungefly Princess Tiana Gingerbread House Mystery Box,"Please rely on the photo, rather than the description. Loungefly Princess Tiana Gingerbread House Mystery Box | Search: The Princess and the Frog, Disney Pin",1,Buy it Now,22,0-1 oz,TRUE,Not Hazmat,Used,,2573-9,https://i.ibb.co/0Rhvwfbc/IMG-2573-pin-9.jpg,,,,,,,
Disneyana,Disney Pins,Loungefly Winnie the Pooh Fall Pumpkin Puzzle Series Kanga & Roo,"Please rely on the photo, rather than the description. Loungefly Winnie the Pooh Fall Pumpkin Puzzle Series Kanga & Roo | Search: Winnie the Pooh, Disney Pin",1,Buy it Now,14,0-1 oz,TRUE,Not Hazmat,Used,,2574-10,https://i.ibb.co/Hfz0trkS/IMG-2574-pin-10.jpg,,,,,,,
Disneyana,Disney Pins,Disney Parks Encanto Puzzle Set 2024 Isabela Madrigal LE 600,"Please rely on the photo, rather than the description. Disney Parks Encanto Puzzle Set 2024 Isabela Madrigal LE 600 | Search: Encanto, Disney Pin",1,Buy it Now,28,0-1 oz,TRUE,Not Hazmat,Used,,2574-12,https://i.ibb.co/sdfrPXy3/IMG-2574-pin-12.jpg,,,,,,,
Disneyana,Disney Pins,Bagheera and Hathi Jungle Book Disney Parks Booster Set 2019,"Please rely on the photo, rather than the description. Bagheera and Hathi Jungle Book Disney Parks Booster Set 2019 | Search: The Jungle Book, Disney Pin",1,Buy it Now,17,0-1 oz,TRUE,Not Hazmat,Used,,2574-13,https://i.ibb.co/vx5fcsvv/IMG-2574-pin-13.jpg,,,,,,,
Disneyana,Disney Pins,Minnie Mouse Harp Musicians 2019 Hidden Mickey DLR,"Please rely on the photo, rather than the description. Minnie Mouse Harp Musicians 2019 Hidden Mickey DLR | Search: Disney Pin",1,Buy it Now,14,0-1 oz,TRUE,Not Hazmat,Used,,2574-14,https://i.ibb.co/rKGcppcJ/IMG-2574-pin-14.jpg,,,,,,,
Disneyana,Disney Pins,2024 WDW Jasmine Abu Aladdin Magic Carpet Adventureland Mystery Box,"Please rely on the photo, rather than the description. 2024 WDW Jasmine Abu Aladdin Magic Carpet Adventureland Mystery Box | Search: Aladdin, Disney Pin",1,Buy it Now,15,0-1 oz,TRUE,Not Hazmat,Used,,2574-15,https://i.ibb.co/b5CdGnvj/IMG-2574-pin-15.jpg,,,,,,,
Disneyana,Disney Pins,Zodiac September Libra Mickey Mouse No Card,"Please rely on the photo, rather than the description. Zodiac September Libra Mickey Mouse No Card | Search: Disney Pin",1,Buy it Now,25,0-1 oz,TRUE,Not Hazmat,Used,,2574-16,https://i.ibb.co/Vc3GrbMt/IMG-2574-pin-16.jpg,,,,,,,
Disneyana,Disney Pins,Loungefly Mickey & Minnie Scented Fruit Orange,"Please rely on the photo, rather than the description. Loungefly Mickey & Minnie Scented Fruit Orange | Search: Disney Pin",1,Buy it Now,14,0-1 oz,TRUE,Not Hazmat,Used,,2574-17,https://i.ibb.co/LzCnDBL0/IMG-2574-pin-17.jpg,,,,,,,
Disneyana,Disney Pins,Taurus Zodiac Bull Horoscope LE,"Please rely on the photo, rather than the description. Taurus Zodiac Bull Horoscope LE | Search: Disney Pin",1,Buy it Now,35,0-1 oz,TRUE,Not Hazmat,Used,,2574-18,https://i.ibb.co/XZH74RtJ/IMG-2574-pin-18.jpg,,,,,,,
Disneyana,Disney Pins,2024 Barrel Tombstones Mystery Box Nightmare Before Christmas,"Please rely on the photo, rather than the description. 2024 Barrel Tombstones Mystery Box Nightmare Before Christmas | Search: Disney Pin",1,Buy it Now,8,0-1 oz,TRUE,Not Hazmat,Used,,2574-19,https://i.ibb.co/dsNHjb3C/IMG-2574-pin-19.jpg,,,,,,,
Disneyana,Disney Pins,Tiana's Bayou Adventure Mama Odie Pin Prince and the Frog Oe,"Please rely on the photo, rather than the description. Tiana's Bayou Adventure Mama Odie Pin Prince and the Frog Oe | Search: The Princess and the Frog, Disney Pin",1,Buy it Now,14,0-1 oz,TRUE,Not Hazmat,Used,,2574-1,https://i.ibb.co/8gtj1JM2/IMG-2574-pin-1.jpg,,,,,,,
Disneyana,Disney Pins,Loungefly 2025 Cats & Dogs Umbrella 101 Dalmatians Perdita,"Please rely on the photo, rather than the description. Loungefly 2025 Cats & Dogs Umbrella 101 Dalmatians Perdita | Search: 101 Dalmatians, Disney Pin",1,Buy it Now,19,0-1 oz,TRUE,Not Hazmat,Used,,2574-20,https://i.ibb.co/xtWmR9yf/IMG-2574-pin-20.jpg,,,,,,,
Disneyana,Disney Pins,Mickey Mouse Bucket Hat Magical Mystery 26,"Please rely on the photo, rather than the description. Mickey Mouse Bucket Hat Magical Mystery 26 | Search: Disney Pin",1,Buy it Now,14,0-1 oz,TRUE,Not Hazmat,Used,,2574-21,https://i.ibb.co/M5D8wqtS/IMG-2574-pin-21.jpg,,,,,,,
Disneyana,Disney Pins,Villains Booster Single Chibi Cutie Style Aladdin's Jafar,"Please rely on the photo, rather than the description. Villains Booster Single Chibi Cutie Style Aladdin's Jafar | Search: Aladdin, Disney Pin",1,Buy it Now,11,0-1 oz,TRUE,Not Hazmat,Used,,2574-22,https://i.ibb.co/mKWpH4x/IMG-2574-pin-22.jpg,,,,,,,
Disneyana,Disney Pins,Percy Doghouse from Pocahontas 2019,"Please rely on the photo, rather than the description. Percy Doghouse from Pocahontas 2019 | Search: Pocahontas, Disney Pin",1,Buy it Now,7,0-1 oz,TRUE,Not Hazmat,Used,,2574-23,https://i.ibb.co/gLwMNQ5c/IMG-2574-pin-23.jpg,,,,,,,
Disneyana,Disney Pins,Russel Color Air Balloon Hidden Mickey,"Please rely on the photo, rather than the description. Russel Color Air Balloon Hidden Mickey | Search: Disney Pin",1,Buy it Now,35,0-1 oz,TRUE,Not Hazmat,Used,,2574-24,https://i.ibb.co/9MB01QG/IMG-2574-pin-24.jpg,,,,,,,
Disneyana,Disney Pins,Loungefly Sidekick Floral Wreath Deer,"Please rely on the photo, rather than the description. Loungefly Sidekick Floral Wreath Deer | Search: Sleeping Beauty, Disney Pin",1,Buy it Now,6,0-1 oz,TRUE,Not Hazmat,Used,,2574-25,https://i.ibb.co/GhmGLNC/IMG-2574-pin-25.jpg,,,,,,,
Disneyana,Disney Pins,Minnie Mouse Build a,"Please rely on the photo, rather than the description. Minnie Mouse Build a | Search: Disney Pin",1,Buy it Now,14,0-1 oz,TRUE,Not Hazmat,Used,,2574-26,https://i.ibb.co/YBGRmYnX/IMG-2574-pin-26.jpg,,,,,,,
Disneyana,Disney Pins,Winnie the Pooh Playing Trumpet Blue Star Figpin Mini Series 1,"Please rely on the photo, rather than the description. Winnie the Pooh Playing Trumpet Blue Star Figpin Mini Series 1 | Search: Winnie the Pooh, Disney Pin",1,Buy it Now,16,0-1 oz,TRUE,Not Hazmat,Used,,2574-28,https://i.ibb.co/YBf4yKMs/IMG-2574-pin-28.jpg,,,,,,,
Disneyana,Disney Pins,"Monsters, Inc. Door Blind Box Hinged George","Please rely on the photo, rather than the description. Monsters, Inc. Door Blind Box Hinged George | Search: Disney Pin",1,Buy it Now,35,0-1 oz,TRUE,Not Hazmat,Used,,2574-30,https://i.ibb.co/1tfDfp47/IMG-2574-pin-30.jpg,,,,,,,
Disneyana,Disney Pins,Baloo Mowgli Jungle Book Best Buds 2023 LE 2500,"Please rely on the photo, rather than the description. Baloo Mowgli Jungle Book Best Buds 2023 LE 2500 | Search: The Jungle Book, Disney Pin",1,Buy it Now,31,0-1 oz,TRUE,Not Hazmat,Used,,2574-32,https://i.ibb.co/xts8Zzh6/IMG-2574-pin-32.jpg,,,,,,,
Disneyana,Disney Pins,Loungefly Nightmare Before Christmas Mystery Papel Picado Zero,"Please rely on the photo, rather than the description. Loungefly Nightmare Before Christmas Mystery Papel Picado Zero | Search: Disney Pin",1,Buy it Now,16,0-1 oz,TRUE,Not Hazmat,Used,,2574-33,https://i.ibb.co/S7sPQHbT/IMG-2574-pin-33.jpg,,,,,,,
Disneyana,Disney Pins,Hat Pin Mickey Mouse EPCOT World Classroom Teacher Triangle Globe Showcase,"Please rely on the photo, rather than the description. Hat Pin Mickey Mouse EPCOT World Classroom Teacher Triangle Globe Showcase | Search: Disney Pin",1,Buy it Now,10,0-1 oz,TRUE,Not Hazmat,Used,,2574-35,https://i.ibb.co/zhrXPSZ2/IMG-2574-pin-35.jpg,,,,,,,
Disneyana,Disney Pins,Passholder Mickey Mickey's Not So Scary Halloween Party 2025,"Please rely on the photo, rather than the description. Passholder Mickey Mickey's Not So Scary Halloween Party 2025 | Search: The Lion King, Disney Pin",1,Buy it Now,46,0-1 oz,TRUE,Not Hazmat,Used,,2574-36,https://i.ibb.co/5X7Fp4Ym/IMG-2574-pin-36.jpg,,,,,,,
Disneyana,Disney Pins,Disney Parks Villains Chibi Style Hades Booster,"Please rely on the photo, rather than the description. Disney Parks Villains Chibi Style Hades Booster | Search: Hercules, Disney Pin",1,Buy it Now,11,0-1 oz,TRUE,Not Hazmat,Used,,2574-37,https://i.ibb.co/v6VbwK2M/IMG-2574-pin-37.jpg,,,,,,,
Disneyana,Disney Pins,Donald Duck Lunar Zodiac Monkey Mystery,"Please rely on the photo, rather than the description. Donald Duck Lunar Zodiac Monkey Mystery | Search: Disney Pin",1,Buy it Now,14,0-1 oz,TRUE,Not Hazmat,Used,,2574-38,https://i.ibb.co/mr1YM4KD/IMG-2574-pin-38.jpg,,,,,,,
Disneyana,Disney Pins,Soda Fountain Traders Delight Sundae DSSH Gwp LE 400 Grimsby,"Please rely on the photo, rather than the description. Soda Fountain Traders Delight Sundae DSSH Gwp LE 400 Grimsby | Search: Disney Pin",1,Buy it Now,175,0-1 oz,TRUE,Not Hazmat,Used,,2574-39,https://i.ibb.co/2YyGggWs/IMG-2574-pin-39.jpg,,,,,,,
Disneyana,Disney Pins,Pixar Pride Collection Pixar Animation Limited Release,"Please rely on the photo, rather than the description. Pixar Pride Collection Pixar Animation Limited Release | Search: Disney Pin",1,Buy it Now,175,0-1 oz,TRUE,Not Hazmat,Used,,2574-3,https://i.ibb.co/HTTgMv43/IMG-2574-pin-3.jpg,,,,,,,
Disneyana,Disney Pins,'s California Adventure Poster Limited Edition 2001 Opening Day Style,"Please rely on the photo, rather than the description. 's California Adventure Poster Limited Edition 2001 Opening Day Style | Search: Disney Pin",1,Buy it Now,23,0-1 oz,TRUE,Not Hazmat,Used,,2574-4,https://i.ibb.co/TMhVmnnJ/IMG-2574-pin-4.jpg,,,,,,,
Disneyana,Disney Pins,Princess Moana Flowers Paddle Sailboat Disney Parks 2024,"Please rely on the photo, rather than the description. Princess Moana Flowers Paddle Sailboat Disney Parks 2024 | Search: Bambi, Disney Pin",1,Buy it Now,17,0-1 oz,TRUE,Not Hazmat,Used,,2574-5,https://i.ibb.co/M58c9k62/IMG-2574-pin-5.jpg,,,,,,,
Disneyana,Disney Pins,Diablo the Raven Icon Sleeping Beauty,"Please rely on the photo, rather than the description. Diablo the Raven Icon Sleeping Beauty | Search: Disney Pin",1,Buy it Now,18,0-1 oz,TRUE,Not Hazmat,Used,,2574-6,https://i.ibb.co/Kj1R3K6t/IMG-2574-pin-6.jpg,,,,,,,
Disneyana,Disney Pins,Star Wars the Force Awakens Droid Mystery Set C-3p0,"Please rely on the photo, rather than the description. Star Wars the Force Awakens Droid Mystery Set C-3p0 | Search: Disney Pin",1,Buy it Now,16,0-1 oz,TRUE,Not Hazmat,Used,,2574-7,https://i.ibb.co/60kwT5FS/IMG-2574-pin-7.jpg,,,,,,,
Disneyana,Disney Pins,Gift Card Frozen Anna,"Please rely on the photo, rather than the description. Gift Card Frozen Anna | Search: Frozen, Disney Pin",1,Buy it Now,15,0-1 oz,TRUE,Not Hazmat,Used,,2574-8,https://i.ibb.co/nNJ27Mp7/IMG-2574-pin-8.jpg,,,,,,,
Disneyana,Disney Pins,2024 Disney Parks Big Hero 6 Mystery Series Honey Lemon & Baymax,"Please rely on the photo, rather than the description. 2024 Disney Parks Big Hero 6 Mystery Series Honey Lemon & Baymax | Search: Disney Pin",1,Buy it Now,18,0-1 oz,TRUE,Not Hazmat,Used,,2574-9,https://i.ibb.co/4nKCQdhp/IMG-2574-pin-9.jpg,,,,,,,
Disneyana,Disney Pins,Disney World Pin 100 Years of Magic Kellogg's Celebrates 14234,"Please rely on the photo, rather than the description. Disney World Pin 100 Years of Magic Kellogg's Celebrates 14234 | Search: Disney Pin",1,Buy it Now,5,0-1 oz,TRUE,Not Hazmat,Used,,2575-10,https://i.ibb.co/M57mwZfv/IMG-2575-pin-10.jpg,,,,,,,
Disneyana,Disney Pins,Loungefly Nightmare Before Christmas Tombstone Gitd Sally,"Please rely on the photo, rather than the description. Loungefly Nightmare Before Christmas Tombstone Gitd Sally | Search: Nightmare Before Christmas, Disney Pin",1,Buy it Now,18,0-1 oz,TRUE,Not Hazmat,Used,,2575-11,https://i.ibb.co/h1gXhH91/IMG-2575-pin-11.jpg,,,,,,,
Disneyana,Disney Pins,Pins Fantastic Four: First Steps Stained Glass Mister Fantastic,"Please rely on the photo, rather than the description. Pins Fantastic Four: First Steps Stained Glass Mister Fantastic | Search: Disney Pin",1,Buy it Now,20,0-1 oz,TRUE,Not Hazmat,Used,,2575-12,https://i.ibb.co/Y76cyxym/IMG-2575-pin-12.jpg,,,,,,,
Disneyana,Disney Pins,WDW Donald 50th Anniversary Starter Set,"Please rely on the photo, rather than the description. WDW Donald 50th Anniversary Starter Set | Search: Disney Pin",1,Buy it Now,15,0-1 oz,TRUE,Not Hazmat,Used,,2575-13,https://i.ibb.co/xqXR5VNY/IMG-2575-pin-13.jpg,,,,,,,
Disneyana,Disney Pins,Go Go Tomago Armored Big Hero 6 High Tech Heroes 2022 Mystery,"Please rely on the photo, rather than the description. Go Go Tomago Armored Big Hero 6 High Tech Heroes 2022 Mystery | Search: Disney Pin",1,Buy it Now,15,0-1 oz,TRUE,Not Hazmat,Used,,2575-15,https://i.ibb.co/B21GNmJL/IMG-2575-pin-15.jpg,,,,,,,
Disneyana,Disney Pins,Membership Magic Vacation Club Mickey Mouse Collector,"Please rely on the photo, rather than the description. Membership Magic Vacation Club Mickey Mouse Collector | Search: Disney Pin",1,Buy it Now,20,0-1 oz,TRUE,Not Hazmat,Used,,2575-16,https://i.ibb.co/hJp33H4g/IMG-2575-pin-16.jpg,,,,,,,
Disneyana,Disney Pins,2022 DLR Go Go Tomago Big Hero 6 High Tech Heroes Mystery Box Series,"Please rely on the photo, rather than the description. 2022 DLR Go Go Tomago Big Hero 6 High Tech Heroes Mystery Box Series | Search: Disney Pin",1,Buy it Now,10,0-1 oz,TRUE,Not Hazmat,Used,,2575-17,https://i.ibb.co/Wp74c2f6/IMG-2575-pin-17.jpg,,,,,,,
Disneyana,Disney Pins,2025 Randall and Mike Monsters Inc. Pixar,"Please rely on the photo, rather than the description. 2025 Randall and Mike Monsters Inc. Pixar | Search: Monsters Inc, Disney Pin",1,Buy it Now,17,0-1 oz,TRUE,Not Hazmat,Used,,2575-18,https://i.ibb.co/C5ynL1Pv/IMG-2575-pin-18.jpg,,,,,,,
Disneyana,Disney Pins,2014 WDW DLR It's a Small World Hawaiian Boy Aloha Hidden Mickey,"Please rely on the photo, rather than the description. 2014 WDW DLR It's a Small World Hawaiian Boy Aloha Hidden Mickey | Search: Disney Pin",1,Buy it Now,8,0-1 oz,TRUE,Not Hazmat,Used,,2575-19,https://i.ibb.co/HL0jd467/IMG-2575-pin-19.jpg,,,,,,,
Disneyana,Disney Pins,2019 Oe Star Wars Galaxy's Edge Black Spire Outpost Skyline,"Please rely on the photo, rather than the description. 2019 Oe Star Wars Galaxy's Edge Black Spire Outpost Skyline | Search: Disney Pin",1,Buy it Now,18,0-1 oz,TRUE,Not Hazmat,Used,,2575-1,https://i.ibb.co/dss1T5qK/IMG-2575-pin-1.jpg,,,,,,,
Disneyana,Disney Pins,Pins Princess Hat Blind Box Snow White,"Please rely on the photo, rather than the description. Pins Princess Hat Blind Box Snow White | Search: Snow White, Disney Pin",1,Buy it Now,20,0-1 oz,TRUE,Not Hazmat,Used,,2575-22,https://i.ibb.co/BVq2qhbC/IMG-2575-pin-22.jpg,,,,,,,
Disneyana,Disney Pins,2022 2023 Hidden Disney Marvel Avengers a 2 of 5,"Please rely on the photo, rather than the description. 2022 2023 Hidden Disney Marvel Avengers a 2 of 5 | Search: Disney Pin",1,Buy it Now,12,0-1 oz,TRUE,Not Hazmat,Used,,2575-23,https://i.ibb.co/qYtjzcZm/IMG-2575-pin-23.jpg,,,,,,,
Disneyana,Disney Pins,Disney Parks Popsicle Ice Cream Mystery Mickey,"Please rely on the photo, rather than the description. Disney Parks Popsicle Ice Cream Mystery Mickey | Search: Disney Pin",1,Buy it Now,10,0-1 oz,TRUE,Not Hazmat,Used,,2575-24,https://i.ibb.co/MDrJ4R7C/IMG-2575-pin-24.jpg,,,,,,,
Disneyana,Disney Pins,Avatar Pandora Way of Water Mystery Sagittarius Avatar 2023,"Please rely on the photo, rather than the description. Avatar Pandora Way of Water Mystery Sagittarius Avatar 2023 | Search: Disney Pin",1,Buy it Now,11,0-1 oz,TRUE,Not Hazmat,Used,,2575-25,https://i.ibb.co/gkyMx0c/IMG-2575-pin-25.jpg,,,,,,,
Disneyana,Disney Pins,Bambi Mailbox Magical Mystery 21 AP Artist Proof,"Please rely on the photo, rather than the description. Bambi Mailbox Magical Mystery 21 AP Artist Proof | Search: Bambi, Disney Pin",1,Buy it Now,35,0-1 oz,TRUE,Not Hazmat,Used,,2575-26,https://i.ibb.co/VWhQKzKb/IMG-2575-pin-26.jpg,,,,,,,
Disneyana,Disney Pins,2020 Disney Parks Pinocchio Mystery Puzzle Stromboli LE 900,"Please rely on the photo, rather than the description. 2020 Disney Parks Pinocchio Mystery Puzzle Stromboli LE 900 | Search: Pinocchio, Disney Pin",1,Buy it Now,18,0-1 oz,TRUE,Not Hazmat,Used,,2575-27,https://i.ibb.co/dwy0XS1Q/IMG-2575-pin-27.jpg,,,,,,,
Disneyana,Disney Pins,Mickey World's Biggest Mouse Party Let's Celebrate,"Please rely on the photo, rather than the description. Mickey World's Biggest Mouse Party Let's Celebrate | Search: Disney Pin",1,Buy it Now,5,0-1 oz,TRUE,Not Hazmat,Used,,2575-2,https://i.ibb.co/QFg1qpmc/IMG-2575-pin-2.jpg,,,,,,,
Disneyana,Disney Pins,Pluto Lunar Year Character Folding Fans Mystery Series 2024 WDW,"Please rely on the photo, rather than the description. Pluto Lunar Year Character Folding Fans Mystery Series 2024 WDW | Search: Disney Pin",1,Buy it Now,9,0-1 oz,TRUE,Not Hazmat,Used,,2575-30,https://i.ibb.co/0R43FLz0/IMG-2575-pin-30.jpg,,,,,,,
Disneyana,Disney Pins,WDW Hidden Mickey C-3PO Star Wars Droids,"Please rely on the photo, rather than the description. WDW Hidden Mickey C-3PO Star Wars Droids | Search: Star Wars, Disney Pin",1,Buy it Now,9,0-1 oz,TRUE,Not Hazmat,Used,,2575-31,https://i.ibb.co/yFHgPTpf/IMG-2575-pin-31.jpg,,,,,,,
Disneyana,Disney Pins,100 Years of Dreams LE Babes in Toyland,"Please rely on the photo, rather than the description. 100 Years of Dreams LE Babes in Toyland | Search: Disney Pin",1,Buy it Now,45,0-1 oz,TRUE,Not Hazmat,Used,,2575-33,https://i.ibb.co/mC1vpzss/IMG-2575-pin-33.jpg,,,,,,,
Disneyana,Disney Pins,Pinocchio Sweet Characters 2013 Hidden Mickey WDW 94952,"Please rely on the photo, rather than the description. Pinocchio Sweet Characters 2013 Hidden Mickey WDW 94952 | Search: Pinocchio, Disney Pin",1,Buy it Now,8,0-1 oz,TRUE,Not Hazmat,Used,,2575-34,https://i.ibb.co/4ZSvr9dF/IMG-2575-pin-34.jpg,,,,,,,
Disneyana,Disney Pins,Up Carl with Kevin Baby Walker,"Please rely on the photo, rather than the description. Up Carl with Kevin Baby Walker | Search: Up, Disney Pin",1,Buy it Now,13,0-1 oz,TRUE,Not Hazmat,Used,,2575-35,https://i.ibb.co/My8np1GY/IMG-2575-pin-35.jpg,,,,,,,
Disneyana,Disney Pins,Be Happy from Flair Set,"Please rely on the photo, rather than the description. Be Happy from Flair Set | Search: Disney Pin",1,Buy it Now,10,0-1 oz,TRUE,Not Hazmat,Used,,2575-37,https://i.ibb.co/sJVJT4J4/IMG-2575-pin-37.jpg,,,,,,,
Disneyana,Disney Pins,WDW Fantasyland Fightin Seven Mascots Mystery,"Please rely on the photo, rather than the description. WDW Fantasyland Fightin Seven Mascots Mystery | Search: WALL-E, Disney Pin",1,Buy it Now,15,0-1 oz,TRUE,Not Hazmat,Used,,2575-38,https://i.ibb.co/N6MZ8ZdC/IMG-2575-pin-38.jpg,,,,,,,
Disneyana,Disney Pins,Disney Parks Piglet with Flowers,"Please rely on the photo, rather than the description. Disney Parks Piglet with Flowers | Search: Bambi, Disney Pin",1,Buy it Now,17,0-1 oz,TRUE,Not Hazmat,Used,,2575-3,https://i.ibb.co/ZptQ3s02/IMG-2575-pin-3.jpg,,,,,,,
Disneyana,Disney Pins,Princess Puzzle Blind Box Cinderella and Mulan,"Please rely on the photo, rather than the description. Princess Puzzle Blind Box Cinderella and Mulan | Search: Cinderella, Disney Pin",1,Buy it Now,20,0-1 oz,TRUE,Not Hazmat,Used,,2575-45,https://i.ibb.co/VWfwb962/IMG-2575-pin-45.jpg,,,,,,,
Disneyana,Disney Pins,Princess Mulan Purse Handbag with Bead Dangle,"Please rely on the photo, rather than the description. Princess Mulan Purse Handbag with Bead Dangle | Search: Mulan, Disney Pin",1,Buy it Now,19,0-1 oz,TRUE,Not Hazmat,Used,,2575-4,https://i.ibb.co/XZ84dNyx/IMG-2575-pin-4.jpg,,,,,,,
Disneyana,Disney Pins,Zodiac November Sagittarius Goofy,"Please rely on the photo, rather than the description. Zodiac November Sagittarius Goofy | Search: Disney Pin",1,Buy it Now,14,0-1 oz,TRUE,Not Hazmat,Used,,2575-5,https://i.ibb.co/p62c8dP7/IMG-2575-pin-5.jpg,,,,,,,
Disneyana,Disney Pins,Donald Duck 2014 Passholder Commenorative Collection,"Please rely on the photo, rather than the description. Donald Duck 2014 Passholder Commenorative Collection | Search: Disney Pin",1,Buy it Now,50,0-1 oz,TRUE,Not Hazmat,Used,,2575-6,https://i.ibb.co/m57YjdHw/IMG-2575-pin-6.jpg,,,,,,,
Disneyana,Disney Pins,"Disney Parks Disneyland Star Wars Princess Leia I Love You, I Know","Please rely on the photo, rather than the description. Disney Parks Disneyland Star Wars Princess Leia I Love You, I Know | Search: Star Wars, Disney Pin",1,Buy it Now,15,0-1 oz,TRUE,Not Hazmat,Used,,2575-7,https://i.ibb.co/bgmzxk47/IMG-2575-pin-7.jpg,,,,,,,
Disneyana,Disney Pins,Big Hero 6 High Tech Heroes Mystery Box Hiro,"Please rely on the photo, rather than the description. Big Hero 6 High Tech Heroes Mystery Box Hiro | Search: Disney Pin",1,Buy it Now,19,0-1 oz,TRUE,Not Hazmat,Used,,2575-8,https://i.ibb.co/yn2qNSmp/IMG-2575-pin-8.jpg,,,,,,,
Disneyana,Disney Pins,Stitch Lilo & Stitch Square Orange Blue Single,"Please rely on the photo, rather than the description. Stitch Lilo & Stitch Square Orange Blue Single | Search: Lilo & Stitch, Disney Pin",1,Buy it Now,15,0-1 oz,TRUE,Not Hazmat,Used,,2575-9,https://i.ibb.co/NdVcTzk8/IMG-2575-pin-9.jpg,,,,,,,
Disneyana,Disney Pins,Mickey Club LE,"Please rely on the photo, rather than the description. Mickey Club LE | Search: Disney Pin",1,Buy it Now,25,0-1 oz,TRUE,Not Hazmat,Used,,2576-10,https://i.ibb.co/chjdzzV2/IMG-2576-pin-10.jpg,,,,,,,
Disneyana,Disney Pins,Mediterranean Cruise 2007 Olbia Sardinia Pluto on Sailboat,"Please rely on the photo, rather than the description. Mediterranean Cruise 2007 Olbia Sardinia Pluto on Sailboat | Search: Disney Pin",1,Buy it Now,6,0-1 oz,TRUE,Not Hazmat,Used,,2576-11,https://i.ibb.co/08YqfLk/IMG-2576-pin-11.jpg,,,,,,,
Disneyana,Disney Pins,2025 Disney Parks Toys in a Box Mystery Pinocchio Jiminy Cricket,"Please rely on the photo, rather than the description. 2025 Disney Parks Toys in a Box Mystery Pinocchio Jiminy Cricket | Search: Pinocchio, Disney Pin",1,Buy it Now,13,0-1 oz,TRUE,Not Hazmat,Used,,2576-12,https://i.ibb.co/1tbHv27m/IMG-2576-pin-12.jpg,,,,,,,
Disneyana,Disney Pins,2024 Character Folding Fans Mystery You Choose Variety Pins,"Please rely on the photo, rather than the description. 2024 Character Folding Fans Mystery You Choose Variety Pins | Search: Disney Pin",1,Buy it Now,13,0-1 oz,TRUE,Not Hazmat,Used,,2576-13,https://i.ibb.co/PsGcFd1j/IMG-2576-pin-13.jpg,,,,,,,
Disneyana,Disney Pins,WDW Vacation Club 2000 a Magical Tradition,"Please rely on the photo, rather than the description. WDW Vacation Club 2000 a Magical Tradition | Search: Disney Pin",1,Buy it Now,35,0-1 oz,TRUE,Not Hazmat,Used,,2576-14,https://i.ibb.co/RkbbKm4C/IMG-2576-pin-14.jpg,,,,,,,
Disneyana,Disney Pins,WDW Orange Bird Character Trash Cans Mystery,"Please rely on the photo, rather than the description. WDW Orange Bird Character Trash Cans Mystery | Search: Disney Pin",1,Buy it Now,21,0-1 oz,TRUE,Not Hazmat,Used,,2576-15,https://i.ibb.co/Q7Lh5Rqz/IMG-2576-pin-15.jpg,,,,,,,
Disneyana,Disney Pins,A Day! 70524,"Please rely on the photo, rather than the description. A Day! 70524 | Search: Disney Pin",1,Buy it Now,7,0-1 oz,TRUE,Not Hazmat,Used,,2576-16,https://i.ibb.co/S7nQgjKd/IMG-2576-pin-16.jpg,,,,,,,
Disneyana,Disney Pins,Star Wars Comic 3 Set,"Please rely on the photo, rather than the description. Star Wars Comic 3 Set | Search: Disney Pin",1,Buy it Now,10,0-1 oz,TRUE,Not Hazmat,Used,,2576-17,https://i.ibb.co/39BB9wzq/IMG-2576-pin-17.jpg,,,,,,,
Disneyana,Disney Pins,You Pick Princess Purse Mystery Dangle,"Please rely on the photo, rather than the description. You Pick Princess Purse Mystery Dangle | Search: Disney Pin",1,Buy it Now,19,0-1 oz,TRUE,Not Hazmat,Used,,2576-18,https://i.ibb.co/BKFn7JrF/IMG-2576-pin-18.jpg,,,,,,,
Disneyana,Disney Pins,Marvel 2022 Thor Love and Thunder Jane Written,"Please rely on the photo, rather than the description. Marvel 2022 Thor Love and Thunder Jane Written | Search: Tarzan, Disney Pin",1,Buy it Now,17,0-1 oz,TRUE,Not Hazmat,Used,,2576-19,https://i.ibb.co/F4QfVw7W/IMG-2576-pin-19.jpg,,,,,,,
Disneyana,Disney Pins,Pins 97203: WDW 2013 Hidden Mickey Series Park Icons,"Please rely on the photo, rather than the description. Pins 97203: WDW 2013 Hidden Mickey Series Park Icons | Search: Disney Pin",1,Buy it Now,4,0-1 oz,TRUE,Not Hazmat,Used,,2576-20,https://i.ibb.co/Kk2h3G1/IMG-2576-pin-20.jpg,,,,,,,
Disneyana,Disney Pins,Disney Parks Happy Halloween Mickey Glow in the Dark LE Passholder 2023,"Please rely on the photo, rather than the description. Disney Parks Happy Halloween Mickey Glow in the Dark LE Passholder 2023 | Search: Disney Pin",1,Buy it Now,20,0-1 oz,TRUE,Not Hazmat,Used,,2576-21,https://i.ibb.co/Zpvz5KMR/IMG-2576-pin-21.jpg,,,,,,,
Disneyana,Disney Pins,Loungefly Princess Purse Mystery Aladdin Jasmine,"Please rely on the photo, rather than the description. Loungefly Princess Purse Mystery Aladdin Jasmine | Search: Aladdin, Disney Pin",1,Buy it Now,19,0-1 oz,TRUE,Not Hazmat,Used,,2576-22,https://i.ibb.co/356Wkg4g/IMG-2576-pin-22.jpg,,,,,,,
Disneyana,Disney Pins,Disney World Pleasure Island 2000 Logo,"Please rely on the photo, rather than the description. Disney World Pleasure Island 2000 Logo | Search: Disney Pin",1,Buy it Now,15,0-1 oz,TRUE,Not Hazmat,Used,,2576-23,https://i.ibb.co/S7VqgDR8/IMG-2576-pin-23.jpg,,,,,,,
Disneyana,Disney Pins,WDW 30th Anniversary Castle Pp5889,"Please rely on the photo, rather than the description. WDW 30th Anniversary Castle Pp5889 | Search: Disney Pin",1,Buy it Now,6,0-1 oz,TRUE,Not Hazmat,Used,,2576-25,https://i.ibb.co/LXSrjNQF/IMG-2576-pin-25.jpg,,,,,,,
Disneyana,Disney Pins,Star Wars: Return of the Jedi Luke Sliding & Spinning Jabba,"Please rely on the photo, rather than the description. Star Wars: Return of the Jedi Luke Sliding & Spinning Jabba | Search: Star Wars, Disney Pin",1,Buy it Now,18,0-1 oz,TRUE,Not Hazmat,Used,,2576-26,https://i.ibb.co/FLPdLGGH/IMG-2576-pin-26.jpg,,,,,,,
Disneyana,Disney Pins,Loungefly Princess Latte Mystery Aladdin Jasmine Rajah,"Please rely on the photo, rather than the description. Loungefly Princess Latte Mystery Aladdin Jasmine Rajah | Search: Aladdin, Disney Pin",1,Buy it Now,18,0-1 oz,TRUE,Not Hazmat,Used,,2576-27,https://i.ibb.co/Zpkgp0B8/IMG-2576-pin-27.jpg,,,,,,,
Disneyana,Disney Pins,Mickey Mouse Head Icon Mystery Villains Mother Gothel Tangled,"Please rely on the photo, rather than the description. Mickey Mouse Head Icon Mystery Villains Mother Gothel Tangled | Search: Tangled, Disney Pin",1,Buy it Now,9,0-1 oz,TRUE,Not Hazmat,Used,,2576-28,https://i.ibb.co/WpMKbzZr/IMG-2576-pin-28.jpg,,,,,,,
Disneyana,Disney Pins,Iago Jafar Aladdin Villains Tiny Kingdom After Dark Mystery 2024,"Please rely on the photo, rather than the description. Iago Jafar Aladdin Villains Tiny Kingdom After Dark Mystery 2024 | Search: Aladdin, Disney Pin",1,Buy it Now,90,0-1 oz,TRUE,Not Hazmat,Used,,2576-29,https://i.ibb.co/1f3fjLzv/IMG-2576-pin-29.jpg,,,,,,,
Disneyana,Disney Pins,Character Year 2001 Goofy Number 2 Year,"Please rely on the photo, rather than the description. Character Year 2001 Goofy Number 2 Year | Search: Disney Pin",1,Buy it Now,15,0-1 oz,TRUE,Not Hazmat,Used,,2576-30,https://i.ibb.co/jkS4PdVP/IMG-2576-pin-30.jpg,,,,,,,
Disneyana,Disney Pins,2000 Millennium Village Pavilion Ethiopia Flag Vintage &,"Please rely on the photo, rather than the description. 2000 Millennium Village Pavilion Ethiopia Flag Vintage & | Search: Disney Pin",1,Buy it Now,26,0-1 oz,TRUE,Not Hazmat,Used,,2576-31,https://i.ibb.co/tp6NXS0N/IMG-2576-pin-31.jpg,,,,,,,
Disneyana,Disney Pins,Mickey Leaning on Red Number,"Please rely on the photo, rather than the description. Mickey Leaning on Red Number | Search: Disney Pin",1,Buy it Now,39,0-1 oz,TRUE,Not Hazmat,Used,,2576-32,https://i.ibb.co/49QGgXb/IMG-2576-pin-32.jpg,,,,,,,
Disneyana,Disney Pins,Pluto Part of the Set Year 2001,"Please rely on the photo, rather than the description. Pluto Part of the Set Year 2001 | Search: Disney Pin",1,Buy it Now,23,0-1 oz,TRUE,Not Hazmat,Used,,2576-33,https://i.ibb.co/F44yJc3K/IMG-2576-pin-33.jpg,,,,,,,
Disneyana,Disney Pins,2025 Disney Parks Pixar Inside Out Joy Yay Oe,"Please rely on the photo, rather than the description. 2025 Disney Parks Pixar Inside Out Joy Yay Oe | Search: Inside Out, Disney Pin",1,Buy it Now,16,0-1 oz,TRUE,Not Hazmat,Used,,2576-4,https://i.ibb.co/20SjbXXq/IMG-2576-pin-4.jpg,,,,,,,
Disneyana,Disney Pins,Disney World Bay Lake Tower Vacation Club Mickey & Minnie Mouse,"Please rely on the photo, rather than the description. Disney World Bay Lake Tower Vacation Club Mickey & Minnie Mouse | Search: Disney Pin",1,Buy it Now,43,0-1 oz,TRUE,Not Hazmat,Used,,2576-6,https://i.ibb.co/cXF2fjYG/IMG-2576-pin-6.jpg,,,,,,,
Disneyana,Disney Pins,Pink a La Mode PALM Lady & the Tramp Lady Playing W/ Yarn Ball,"Please rely on the photo, rather than the description. Pink a La Mode PALM Lady & the Tramp Lady Playing W/ Yarn Ball | Search: Disney Pin",1,Buy it Now,20,0-1 oz,TRUE,Not Hazmat,Used,,2576-7,https://i.ibb.co/ynJtH1Bn/IMG-2576-pin-7.jpg,,,,,,,
Disneyana,Disney Pins,DSSH Mother Gothel LE 400 Marquee Puzzle Piece Tangled Villain,"Please rely on the photo, rather than the description. DSSH Mother Gothel LE 400 Marquee Puzzle Piece Tangled Villain | Search: Tangled, Disney Pin",1,Buy it Now,25,0-1 oz,TRUE,Not Hazmat,Used,,2576-9,https://i.ibb.co/b5XQLvSg/IMG-2576-pin-9.jpg,,,,,,,
Disneyana,Disney Pins,Disneyland 45th Anniversary Parade of Stars Snake Archer LE,"Please rely on the photo, rather than the description. Disneyland 45th Anniversary Parade of Stars Snake Archer LE | Search: Disney Pin",1,Buy it Now,22,0-1 oz,TRUE,Not Hazmat,Used,,2577-10,https://i.ibb.co/LdVqMPv6/IMG-2577-pin-10.jpg,,,,,,,
Disneyana,Disney Pins,Disneys Fantasy Flights Mystery Set Accordion Owl from Alice & Wonderland,"Please rely on the photo, rather than the description. Disneys Fantasy Flights Mystery Set Accordion Owl from Alice & Wonderland | Search: Alice in Wonderland, Disney Pin",1,Buy it Now,14,0-1 oz,TRUE,Not Hazmat,Used,,2577-11,https://i.ibb.co/ksnntGGw/IMG-2577-pin-11.jpg,,,,,,,
Disneyana,Disney Pins,Princess and the Frog Character Connection Puzzle Lawrence LE 900,"Please rely on the photo, rather than the description. Princess and the Frog Character Connection Puzzle Lawrence LE 900 | Search: Disney Pin",1,Buy it Now,30,0-1 oz,TRUE,Not Hazmat,Used,,2577-12,https://i.ibb.co/5WdTqh0w/IMG-2577-pin-12.jpg,,,,,,,
Disneyana,Disney Pins,Meeko Raccoon Character Sidekicks Pocahantas Hidden Mickey,"Please rely on the photo, rather than the description. Meeko Raccoon Character Sidekicks Pocahantas Hidden Mickey | Search: Pocahontas, Disney Pin",1,Buy it Now,4,0-1 oz,TRUE,Not Hazmat,Used,,2577-13,https://i.ibb.co/LDfkTpCJ/IMG-2577-pin-13.jpg,,,,,,,
Disneyana,Disney Pins,2020 Fantasy Pack Rajah Fanny Pack,"Please rely on the photo, rather than the description. 2020 Fantasy Pack Rajah Fanny Pack | Search: Disney Pin",1,Buy it Now,12,0-1 oz,TRUE,Not Hazmat,Used,,2577-14,https://i.ibb.co/DNbXvHV/IMG-2577-pin-14.jpg,,,,,,,
Disneyana,Disney Pins,Disney Parks Angel Kronk the Emperor's Groove 2024,"Please rely on the photo, rather than the description. Disney Parks Angel Kronk the Emperor's Groove 2024 | Search: The Emperor's New Groove, Disney Pin",1,Buy it Now,18,0-1 oz,TRUE,Not Hazmat,Used,,2577-15,https://i.ibb.co/99bpMFMq/IMG-2577-pin-15.jpg,,,,,,,
Disneyana,Disney Pins,Loungefly Princess & the Frog Drink Coffee Cup Tiana Mystery,"Please rely on the photo, rather than the description. Loungefly Princess & the Frog Drink Coffee Cup Tiana Mystery | Search: The Princess and the Frog, Disney Pin",1,Buy it Now,15,0-1 oz,TRUE,Not Hazmat,Used,,2577-16,https://i.ibb.co/RTBCfWDZ/IMG-2577-pin-16.jpg,,,,,,,
Disneyana,Disney Pins,Shopping Jessica Rabbit 2007 Star LE 1000 Find,"Please rely on the photo, rather than the description. Shopping Jessica Rabbit 2007 Star LE 1000 Find | Search: Winnie the Pooh, Disney Pin",1,Buy it Now,28,0-1 oz,TRUE,Not Hazmat,Used,,2577-17,https://i.ibb.co/CpRT47kB/IMG-2577-pin-17.jpg,,,,,,,
Disneyana,Disney Pins,The Company Annual Shareholders Meeting 2014 Frozen Anna & Elsa,"Please rely on the photo, rather than the description. The Company Annual Shareholders Meeting 2014 Frozen Anna & Elsa | Search: Frozen, Disney Pin",1,Buy it Now,10,0-1 oz,TRUE,Not Hazmat,Used,,2577-18,https://i.ibb.co/FL6pfRxj/IMG-2577-pin-18.jpg,,,,,,,
Disneyana,Disney Pins,Disney Parks 2024 Mickey's Not So Scary Halloween Party Hocus Pocus,"Please rely on the photo, rather than the description. Disney Parks 2024 Mickey's Not So Scary Halloween Party Hocus Pocus | Search: The Lion King, Disney Pin",1,Buy it Now,20,0-1 oz,TRUE,Not Hazmat,Used,,2577-1,https://i.ibb.co/G3dvbCRP/IMG-2577-pin-1.jpg,,,,,,,
Disneyana,Disney Pins,2023 Magical Mystery #23 Water Bottle Tinker Bell,"Please rely on the photo, rather than the description. 2023 Magical Mystery #23 Water Bottle Tinker Bell | Search: Disney Pin",1,Buy it Now,18,0-1 oz,TRUE,Not Hazmat,Used,,2577-23,https://i.ibb.co/RGn7MJ0P/IMG-2577-pin-23.jpg,,,,,,,
Disneyana,Disney Pins,Beginning the Millennium Together Mickey & Minnie Bride Groom Wedding,"Please rely on the photo, rather than the description. Beginning the Millennium Together Mickey & Minnie Bride Groom Wedding | Search: Disney Pin",1,Buy it Now,16,0-1 oz,TRUE,Not Hazmat,Used,,2577-24,https://i.ibb.co/hJryjmnW/IMG-2577-pin-24.jpg,,,,,,,
Disneyana,Disney Pins,DLR Disneyland Original Attraction 2005 Mad Tea Party Surprise Release,"Please rely on the photo, rather than the description. DLR Disneyland Original Attraction 2005 Mad Tea Party Surprise Release | Search: Disney Pin",1,Buy it Now,20,0-1 oz,TRUE,Not Hazmat,Used,,2577-25,https://i.ibb.co/dwZxrTXF/IMG-2577-pin-25.jpg,,,,,,,
Disneyana,Disney Pins,Star Wars Galaxy's Edge Starter Black Spire Outpost Batuu,"Please rely on the photo, rather than the description. Star Wars Galaxy's Edge Starter Black Spire Outpost Batuu | Search: Disney Pin",1,Buy it Now,14,0-1 oz,TRUE,Not Hazmat,Used,,2577-27,https://i.ibb.co/7JL0bt3f/IMG-2577-pin-27.jpg,,,,,,,
Disneyana,Disney Pins,Mickey Mouse and Friend Goofey,"Please rely on the photo, rather than the description. Mickey Mouse and Friend Goofey | Search: WALL-E, Disney Pin",1,Buy it Now,25,0-1 oz,TRUE,Not Hazmat,Used,,2577-2,https://i.ibb.co/Y7fKPrnt/IMG-2577-pin-2.jpg,,,,,,,
Disneyana,Disney Pins,Disney Parks Star Wars May the 4th Be with You 2023 Greedo,"Please rely on the photo, rather than the description. Disney Parks Star Wars May the 4th Be with You 2023 Greedo | Search: Disney Pin",1,Buy it Now,10,0-1 oz,TRUE,Not Hazmat,Used,,2577-3,https://i.ibb.co/gb888KRT/IMG-2577-pin-3.jpg,,,,,,,
Disneyana,Disney Pins,Flotsam Jetsam Gopinpro Villains Mystery Collection 2025,"Please rely on the photo, rather than the description. Flotsam Jetsam Gopinpro Villains Mystery Collection 2025 | Search: The Little Mermaid, Disney Pin",1,Buy it Now,18,0-1 oz,TRUE,Not Hazmat,Used,,2577-4,https://i.ibb.co/rRHKSyYS/IMG-2577-pin-4.jpg,,,,,,,
Disneyana,Disney Pins,Father's Day 2010 Mickey #1 Dad Artist Proof,"Please rely on the photo, rather than the description. Father's Day 2010 Mickey #1 Dad Artist Proof | Search: Disney Pin",1,Buy it Now,25,0-1 oz,TRUE,Not Hazmat,Used,,2577-5,https://i.ibb.co/7dD19g6V/IMG-2577-pin-5.jpg,,,,,,,
Disneyana,Disney Pins,2006 Pirates of the Caribbean Jail Scene Fab 4,"Please rely on the photo, rather than the description. 2006 Pirates of the Caribbean Jail Scene Fab 4 | Search: Disney Pin",1,Buy it Now,23,0-1 oz,TRUE,Not Hazmat,Used,,2577-6,https://i.ibb.co/PZtYjRbH/IMG-2577-pin-6.jpg,,,,,,,
Disneyana,Disney Pins,Institute Exclusive Sailor Goofy,"Please rely on the photo, rather than the description. Institute Exclusive Sailor Goofy | Search: Disney Pin",1,Buy it Now,25,0-1 oz,TRUE,Not Hazmat,Used,,2577-8,https://i.ibb.co/PGDx8ygp/IMG-2577-pin-8.jpg,,,,,,,
Disneyana,Disney Pins,Elio Pixar,"Please rely on the photo, rather than the description. Elio Pixar | Search: Disney Pin",1,Buy it Now,20,0-1 oz,TRUE,Not Hazmat,Used,,2577-9,https://i.ibb.co/qt4ZRTS/IMG-2577-pin-9.jpg,,,,,,,
Disneyana,Disney Pins,Ds Exclusive Elio Movie Pixar Disneyland World Orlando 2025,"Please rely on the photo, rather than the description. Ds Exclusive Elio Movie Pixar Disneyland World Orlando 2025 | Search: Star Wars, Disney Pin",1,Buy it Now,20,0-1 oz,TRUE,Not Hazmat,Used,,2578-10,https://i.ibb.co/rKrYcDDT/IMG-2578-pin-10.jpg,,,,,,,
Disneyana,Disney Pins,Loungefly Tiana Princess Flower Vases Vase Mystery 2025,"Please rely on the photo, rather than the description. Loungefly Tiana Princess Flower Vases Vase Mystery 2025 | Search: Bambi, Disney Pin",1,Buy it Now,19,0-1 oz,TRUE,Not Hazmat,Used,,2578-11,https://i.ibb.co/9mGkQrGL/IMG-2578-pin-11.jpg,,,,,,,
Disneyana,Disney Pins,Disney Parks 2025 Mickey's Not So Scary Halloween Party Cauldron Mystery,"Please rely on the photo, rather than the description. Disney Parks 2025 Mickey's Not So Scary Halloween Party Cauldron Mystery | Search: The Lion King, Disney Pin",1,Buy it Now,18,0-1 oz,TRUE,Not Hazmat,Used,,2578-13,https://i.ibb.co/mVNB2gPM/IMG-2578-pin-13.jpg,,,,,,,
Disneyana,Disney Pins,Honey Lemon High Tech Heroes Big Hero 6 2022,"Please rely on the photo, rather than the description. Honey Lemon High Tech Heroes Big Hero 6 2022 | Search: Disney Pin",1,Buy it Now,10,0-1 oz,TRUE,Not Hazmat,Used,,2578-14,https://i.ibb.co/Q3rG0sRZ/IMG-2578-pin-14.jpg,,,,,,,
Disneyana,Disney Pins,Rundisney Halloween Half Marathon Pain Panic Chills Thrills Challenge,"Please rely on the photo, rather than the description. Rundisney Halloween Half Marathon Pain Panic Chills Thrills Challenge | Search: Disney Pin",1,Buy it Now,25,0-1 oz,TRUE,Not Hazmat,Used,,2578-15,https://i.ibb.co/WNLTdRb1/IMG-2578-pin-15.jpg,,,,,,,
Disneyana,Disney Pins,Loungefly Nakia Wakanda Forever Funko Pop Marvel Amazon 2022,"Please rely on the photo, rather than the description. Loungefly Nakia Wakanda Forever Funko Pop Marvel Amazon 2022 | Search: WALL-E, Disney Pin",1,Buy it Now,11,0-1 oz,TRUE,Not Hazmat,Used,,2578-16,https://i.ibb.co/1tpv7TDs/IMG-2578-pin-16.jpg,,,,,,,
Disneyana,Disney Pins,WDW 30th Anniversary Disney World Press 100 Years of Magic,"Please rely on the photo, rather than the description. WDW 30th Anniversary Disney World Press 100 Years of Magic | Search: Disney Pin",1,Buy it Now,35,0-1 oz,TRUE,Not Hazmat,Used,,2578-17,https://i.ibb.co/6cRzLjLf/IMG-2578-pin-17.jpg,,,,,,,
Disneyana,Disney Pins,5615 Mickey Mouse Star Festival 2001 Tokyo,"Please rely on the photo, rather than the description. 5615 Mickey Mouse Star Festival 2001 Tokyo | Search: Disney Pin",1,Buy it Now,45,0-1 oz,TRUE,Not Hazmat,Used,,2578-19,https://i.ibb.co/VY1wGMRY/IMG-2578-pin-19.jpg,,,,,,,
Disneyana,Disney Pins,100 Years of Dreams #12 the Rocketeer 1991,"Please rely on the photo, rather than the description. 100 Years of Dreams #12 the Rocketeer 1991 | Search: Disney Pin",1,Buy it Now,40,0-1 oz,TRUE,Not Hazmat,Used,,2578-20,https://i.ibb.co/vxf78rsB/IMG-2578-pin-20.jpg,,,,,,,
Disneyana,Disney Pins,2025 Disney Parks Stitch Acrylic 3D Silver Frame Oe,"Please rely on the photo, rather than the description. 2025 Disney Parks Stitch Acrylic 3D Silver Frame Oe | Search: Lilo & Stitch, Disney Pin",1,Buy it Now,20,0-1 oz,TRUE,Not Hazmat,Used,,2578-21,https://i.ibb.co/tMFq6H6x/IMG-2578-pin-21.jpg,,,,,,,
Disneyana,Disney Pins,Alice in Wonderland Queen of Hearts White Rabbit Dodo Bird,"Please rely on the photo, rather than the description. Alice in Wonderland Queen of Hearts White Rabbit Dodo Bird | Search: Alice in Wonderland, Disney Pin",1,Buy it Now,13,0-1 oz,TRUE,Not Hazmat,Used,,2578-22,https://i.ibb.co/1fH1VzRJ/IMG-2578-pin-22.jpg,,,,,,,
Disneyana,Disney Pins,Zootopia Officer Grizzoli Police Zpd,"Please rely on the photo, rather than the description. Zootopia Officer Grizzoli Police Zpd | Search: Disney Pin",1,Buy it Now,10,0-1 oz,TRUE,Not Hazmat,Used,,2578-23,https://i.ibb.co/JW85STzk/IMG-2578-pin-23.jpg,,,,,,,
Disneyana,Disney Pins,Tiana's Bayou Adventure Poster Jazz Band,"Please rely on the photo, rather than the description. Tiana's Bayou Adventure Poster Jazz Band | Search: The Princess and the Frog, Disney Pin",1,Buy it Now,20,0-1 oz,TRUE,Not Hazmat,Used,,2578-24,https://i.ibb.co/279vG45F/IMG-2578-pin-24.jpg,,,,,,,
Disneyana,Disney Pins,Baymax and Honey Lemon Armor Big Hero 6 Mystery,"Please rely on the photo, rather than the description. Baymax and Honey Lemon Armor Big Hero 6 Mystery | Search: Disney Pin",1,Buy it Now,18,0-1 oz,TRUE,Not Hazmat,Used,,2578-25,https://i.ibb.co/fztdQX4Q/IMG-2578-pin-25.jpg,,,,,,,
Disneyana,Disney Pins,Pit Droids Star Wars Tatooine Mystery 2022,"Please rely on the photo, rather than the description. Pit Droids Star Wars Tatooine Mystery 2022 | Search: Disney Pin",1,Buy it Now,17,0-1 oz,TRUE,Not Hazmat,Used,,2578-26,https://i.ibb.co/qMnB3h7f/IMG-2578-pin-26.jpg,,,,,,,
Disneyana,Disney Pins,Hocus Pocus Tarot Card Villain Spelltacular,"Please rely on the photo, rather than the description. Hocus Pocus Tarot Card Villain Spelltacular | Search: Disney Pin",1,Buy it Now,45,0-1 oz,TRUE,Not Hazmat,Used,,2578-27,https://i.ibb.co/Kc8M2fGq/IMG-2578-pin-27.jpg,,,,,,,
Disneyana,Disney Pins,Hong Kong Disneyland HKDL Cheshire Cat Tsum Tsum Popcorn Hidden Mickey,"Please rely on the photo, rather than the description. Hong Kong Disneyland HKDL Cheshire Cat Tsum Tsum Popcorn Hidden Mickey | Search: Alice in Wonderland, Disney Pin",1,Buy it Now,38,0-1 oz,TRUE,Not Hazmat,Used,,2578-29,https://i.ibb.co/gbKtBCV4/IMG-2578-pin-29.jpg,,,,,,,
Disneyana,Disney Pins,"Funko Pop! Pixar Joy Inside Out Vinyl Figure Approx 2.25""","Please rely on the photo, rather than the description. Funko Pop! Pixar Joy Inside Out Vinyl Figure Approx 2.25"" | Search: Inside Out, Disney Pin",1,Buy it Now,14,0-1 oz,TRUE,Not Hazmat,Used,,2578-2,https://i.ibb.co/tpYVSkKM/IMG-2578-pin-2.jpg,,,,,,,
Disneyana,Disney Pins,DLR 45th Parade of Stars Centaur Dancing Flamingo,"Please rely on the photo, rather than the description. DLR 45th Parade of Stars Centaur Dancing Flamingo | Search: Disney Pin",1,Buy it Now,45,0-1 oz,TRUE,Not Hazmat,Used,,2578-30,https://i.ibb.co/Css87HMv/IMG-2578-pin-30.jpg,,,,,,,
Disneyana,Disney Pins,Goofy Driving His Car Travel 2001,"Please rely on the photo, rather than the description. Goofy Driving His Car Travel 2001 | Search: Disney Pin",1,Buy it Now,45,0-1 oz,TRUE,Not Hazmat,Used,,2578-31,https://i.ibb.co/5W1Whtds/IMG-2578-pin-31.jpg,,,,,,,
Disneyana,Disney Pins,Animal Kingdom Expedition Everest Myst. Tiger Mask Flames No Box,"Please rely on the photo, rather than the description. Animal Kingdom Expedition Everest Myst. Tiger Mask Flames No Box | Search: WALL-E, Disney Pin",1,Buy it Now,15,0-1 oz,TRUE,Not Hazmat,Used,,2578-32,https://i.ibb.co/nHXZvzq/IMG-2578-pin-32.jpg,,,,,,,
Disneyana,Disney Pins,84424: Pirates of the Caribbean on Stranger Tides Reveal,"Please rely on the photo, rather than the description. 84424: Pirates of the Caribbean on Stranger Tides Reveal | Search: Inside Out, Disney Pin",1,Buy it Now,11,0-1 oz,TRUE,Not Hazmat,Used,,2578-33,https://i.ibb.co/TBCHjqCH/IMG-2578-pin-33.jpg,,,,,,,
Disneyana,Disney Pins,DLR Disneyland 45 Years of Magic Parade,"Please rely on the photo, rather than the description. DLR Disneyland 45 Years of Magic Parade | Search: Disney Pin",1,Buy it Now,15,0-1 oz,TRUE,Not Hazmat,Used,,2578-34,https://i.ibb.co/Kp3dBqSL/IMG-2578-pin-34.jpg,,,,,,,
Disneyana,Disney Pins,Boxlunch 2023 Hocus Pocus Sanderson Sisters Black Flame Candle,"Please rely on the photo, rather than the description. Boxlunch 2023 Hocus Pocus Sanderson Sisters Black Flame Candle | Search: Disney Pin",1,Buy it Now,19,0-1 oz,TRUE,Not Hazmat,Used,,2578-4,https://i.ibb.co/JWSj6ttT/IMG-2578-pin-4.jpg,,,,,,,
Disneyana,Disney Pins,EPCOT Food & Wine Festival 2025 Daisy Duck Fork Knife Mystery,"Please rely on the photo, rather than the description. EPCOT Food & Wine Festival 2025 Daisy Duck Fork Knife Mystery | Search: Disney Pin",1,Buy it Now,20,0-1 oz,TRUE,Not Hazmat,Used,,2578-7,https://i.ibb.co/49QKv5S/IMG-2578-pin-7.jpg,,,,,,,
Disneyana,Disney Pins,Lion King 30th Anniversary Young Simba and Timon Juggling Bugs,"Please rely on the photo, rather than the description. Lion King 30th Anniversary Young Simba and Timon Juggling Bugs | Search: The Lion King, Disney Pin",1,Buy it Now,15,0-1 oz,TRUE,Not Hazmat,Used,,2578-9,https://i.ibb.co/xSZFghSr/IMG-2578-pin-9.jpg,,,,,,,
Disneyana,Disney Pins,Lock Nightmare Before Christmas,"Please rely on the photo, rather than the description. Lock Nightmare Before Christmas | Search: Disney Pin",1,Buy it Now,27,0-1 oz,TRUE,Not Hazmat,Used,,2579-10,https://i.ibb.co/q3vHRVQq/IMG-2579-pin-10.jpg,,,,,,,
Disneyana,Disney Pins,Captain America Thor Iron Man Cartoon Character Marvel Avengers,"Please rely on the photo, rather than the description. Captain America Thor Iron Man Cartoon Character Marvel Avengers | Search: The Little Mermaid, Disney Pin",1,Buy it Now,13,0-1 oz,TRUE,Not Hazmat,Used,,2579-11,https://i.ibb.co/nM5B3FSH/IMG-2579-pin-11.jpg,,,,,,,
Disneyana,Disney Pins,Figpin Joy Inside Out 2 Mystery Series 1 2025,"Please rely on the photo, rather than the description. Figpin Joy Inside Out 2 Mystery Series 1 2025 | Search: Inside Out, Disney Pin",1,Buy it Now,18,0-1 oz,TRUE,Not Hazmat,Used,,2579-12,https://i.ibb.co/sdrXWnY5/IMG-2579-pin-12.jpg,,,,,,,
Disneyana,Disney Pins,2024 Mystery Hexagon Lion King Laughing Face Hyena,"Please rely on the photo, rather than the description. 2024 Mystery Hexagon Lion King Laughing Face Hyena | Search: Disney Pin",1,Buy it Now,17,0-1 oz,TRUE,Not Hazmat,Used,,2579-13,https://i.ibb.co/F47p0D0N/IMG-2579-pin-13.jpg,,,,,,,
Disneyana,Disney Pins,Disney Parks EPCOT World Showcase American Adventure Mickey Mouse Drummer,"Please rely on the photo, rather than the description. Disney Parks EPCOT World Showcase American Adventure Mickey Mouse Drummer | Search: The Little Mermaid, Disney Pin",1,Buy it Now,20,0-1 oz,TRUE,Not Hazmat,Used,,2579-14,https://i.ibb.co/h1TJNmCc/IMG-2579-pin-14.jpg,,,,,,,
Disneyana,Disney Pins,WDW White Rabbit Running Late with Pocket Watch Alice in Wonderland Pin,"Please rely on the photo, rather than the description. WDW White Rabbit Running Late with Pocket Watch Alice in Wonderland Pin | Search: Winnie the Pooh, Disney Pin",1,Buy it Now,30,0-1 oz,TRUE,Not Hazmat,Used,,2579-15,https://i.ibb.co/WWj9ffcR/IMG-2579-pin-15.jpg,,,,,,,
Disneyana,Disney Pins,2024 Disney Parks with Dole Whip Stitch Attacks Snacks Angel,"Please rely on the photo, rather than the description. 2024 Disney Parks with Dole Whip Stitch Attacks Snacks Angel | Search: Lilo & Stitch, Disney Pin",1,Buy it Now,10,0-1 oz,TRUE,Not Hazmat,Used,,2579-16,https://i.ibb.co/qwggCPY/IMG-2579-pin-16.jpg,,,,,,,
Disneyana,Disney Pins,Star Wars: the Mandalorian Astromech Set,"Please rely on the photo, rather than the description. Star Wars: the Mandalorian Astromech Set | Search: Disney Pin",1,Buy it Now,10,0-1 oz,TRUE,Not Hazmat,Used,,2579-18,https://i.ibb.co/S7Xj775F/IMG-2579-pin-18.jpg,,,,,,,
Disneyana,Disney Pins,Haunted Mansion 2023 Mystery Constance the Bride,"Please rely on the photo, rather than the description. Haunted Mansion 2023 Mystery Constance the Bride | Search: Disney Pin",1,Buy it Now,12,0-1 oz,TRUE,Not Hazmat,Used,,2579-19,https://i.ibb.co/G4g82mz5/IMG-2579-pin-19.jpg,,,,,,,
Disneyana,Disney Pins,Disney Parks Metallic Balloon Baymax,"Please rely on the photo, rather than the description. Disney Parks Metallic Balloon Baymax | Search: Disney Pin",1,Buy it Now,13,0-1 oz,TRUE,Not Hazmat,Used,,2579-1,https://i.ibb.co/3mMhvVhZ/IMG-2579-pin-1.jpg,,,,,,,
Disneyana,Disney Pins,WDW Character Crest Mickey,"Please rely on the photo, rather than the description. WDW Character Crest Mickey | Search: Disney Pin",1,Buy it Now,39,0-1 oz,TRUE,Not Hazmat,Used,,2579-21,https://i.ibb.co/bTyY15b/IMG-2579-pin-21.jpg,,,,,,,
Disneyana,Disney Pins,Villains Smiles Smirks and Sneers Mystery Hans,"Please rely on the photo, rather than the description. Villains Smiles Smirks and Sneers Mystery Hans | Search: Frozen, Disney Pin",1,Buy it Now,13,0-1 oz,TRUE,Not Hazmat,Used,,2579-22,https://i.ibb.co/j9rvbVVw/IMG-2579-pin-22.jpg,,,,,,,
Disneyana,Disney Pins,DLR 2024 Hidden Mickey Star Wars Galaxy Creatures Tauntaun,"Please rely on the photo, rather than the description. DLR 2024 Hidden Mickey Star Wars Galaxy Creatures Tauntaun | Search: Disney Pin",1,Buy it Now,10,0-1 oz,TRUE,Not Hazmat,Used,,2579-23,https://i.ibb.co/mrk4s9mc/IMG-2579-pin-23.jpg,,,,,,,
Disneyana,Disney Pins,TDR Tds Mickey Mouse 3rd Anniversary,"Please rely on the photo, rather than the description. TDR Tds Mickey Mouse 3rd Anniversary | Search: Disney Pin",1,Buy it Now,12,0-1 oz,TRUE,Not Hazmat,Used,,2579-24,https://i.ibb.co/Nd6HxFQQ/IMG-2579-pin-24.jpg,,,,,,,
Disneyana,Disney Pins,Loungefly Kraken Alien Remix Mystery Blind Box Nemo Pixar,"Please rely on the photo, rather than the description. Loungefly Kraken Alien Remix Mystery Blind Box Nemo Pixar | Search: Finding Nemo, Disney Pin",1,Buy it Now,20,0-1 oz,TRUE,Not Hazmat,Used,,2579-28,https://i.ibb.co/G4zV5B87/IMG-2579-pin-28.jpg,,,,,,,
Disneyana,Disney Pins,Expo Pinocchio Maps Box Set LE WDI MOG Glendale Gideon,"Please rely on the photo, rather than the description. Expo Pinocchio Maps Box Set LE WDI MOG Glendale Gideon | Search: Pinocchio, Disney Pin",1,Buy it Now,45,0-1 oz,TRUE,Not Hazmat,Used,,2579-2,https://i.ibb.co/YFVrTDDf/IMG-2579-pin-2.jpg,,,,,,,
Disneyana,Disney Pins,Year 2000 Disney World,"Please rely on the photo, rather than the description. Year 2000 Disney World | Search: Disney Pin",1,Buy it Now,16,0-1 oz,TRUE,Not Hazmat,Used,,2579-30,https://i.ibb.co/bgTBC8qt/IMG-2579-pin-30.jpg,,,,,,,
Disneyana,Disney Pins,Mr. Toad Toys Character Jack-in-the-Box Set Diamondback,"Please rely on the photo, rather than the description. Mr. Toad Toys Character Jack-in-the-Box Set Diamondback | Search: Disney Pin",1,Buy it Now,12,0-1 oz,TRUE,Not Hazmat,Used,,2579-32,https://i.ibb.co/9kPnpvcW/IMG-2579-pin-32.jpg,,,,,,,
Disneyana,Disney Pins,Vintage Minnie Mouse Gold Tone,"Please rely on the photo, rather than the description. Vintage Minnie Mouse Gold Tone | Search: Disney Pin",1,Buy it Now,45,0-1 oz,TRUE,Not Hazmat,Used,,2579-34,https://i.ibb.co/XxLc9jxc/IMG-2579-pin-34.jpg,,,,,,,
Disneyana,Disney Pins,Ursula's Cauldron Food Bowl Figaro Pets Outfits Set,"Please rely on the photo, rather than the description. Ursula's Cauldron Food Bowl Figaro Pets Outfits Set | Search: The Little Mermaid, Disney Pin",1,Buy it Now,10,0-1 oz,TRUE,Not Hazmat,Used,,2579-35,https://i.ibb.co/JwGQGqRS/IMG-2579-pin-35.jpg,,,,,,,
Disneyana,Disney Pins,Disney Parks Sweet Dreams Mystery Lion King Simba,"Please rely on the photo, rather than the description. Disney Parks Sweet Dreams Mystery Lion King Simba | Search: The Lion King, Disney Pin",1,Buy it Now,10,0-1 oz,TRUE,Not Hazmat,Used,,2579-39,https://i.ibb.co/WvQXP0j3/IMG-2579-pin-39.jpg,,,,,,,
Disneyana,Disney Pins,Yokai Mask Mr Robert Callaghan Big Hero 6 2022,"Please rely on the photo, rather than the description. Yokai Mask Mr Robert Callaghan Big Hero 6 2022 | Search: Star Wars, Disney Pin",1,Buy it Now,15,0-1 oz,TRUE,Not Hazmat,Used,,2579-3,https://i.ibb.co/YBXZM4Dj/IMG-2579-pin-3.jpg,,,,,,,
Disneyana,Disney Pins,Jeff Gordon Race Winner Michigan Pepsi 400 August 16th 1998 Lk!,"Please rely on the photo, rather than the description. Jeff Gordon Race Winner Michigan Pepsi 400 August 16th 1998 Lk! | Search: Disney Pin",1,Buy it Now,10,0-1 oz,TRUE,Not Hazmat,Used,,2579-41,https://i.ibb.co/CswDHJC1/IMG-2579-pin-41.jpg,,,,,,,
Disneyana,Disney Pins,Stitch Attack Snacks Angel with Churros,"Please rely on the photo, rather than the description. Stitch Attack Snacks Angel with Churros | Search: Lilo & Stitch, Disney Pin",1,Buy it Now,10,0-1 oz,TRUE,Not Hazmat,Used,,2579-42,https://i.ibb.co/VY7ZFxqH/IMG-2579-pin-42.jpg,,,,,,,
Disneyana,Disney Pins,Mickey Minnie Mouse Administrative Professionals Day Office Work LE,"Please rely on the photo, rather than the description. Mickey Minnie Mouse Administrative Professionals Day Office Work LE | Search: Disney Pin",1,Buy it Now,20,0-1 oz,TRUE,Not Hazmat,Used,,2579-44,https://i.ibb.co/d0sMs3gC/IMG-2579-pin-44.jpg,,,,,,,
Disneyana,Disney Pins,Minnie Mouse DCL Disney Cruise Line Lookout Cay Lighthouse Point Junkanoo Pin,"Please rely on the photo, rather than the description. Minnie Mouse DCL Disney Cruise Line Lookout Cay Lighthouse Point Junkanoo Pin | Search: Disney Pin",1,Buy it Now,50,0-1 oz,TRUE,Not Hazmat,Used,,2579-4,https://i.ibb.co/3n3bLVS/IMG-2579-pin-4.jpg,,,,,,,
Disneyana,Disney Pins,Star Wars Rogue One Orson Krennic Empire Imperial Crest Blue,"Please rely on the photo, rather than the description. Star Wars Rogue One Orson Krennic Empire Imperial Crest Blue | Search: Disney Pin",1,Buy it Now,15,0-1 oz,TRUE,Not Hazmat,Used,,2579-5,https://i.ibb.co/TqwWqrGN/IMG-2579-pin-5.jpg,,,,,,,
Disneyana,Disney Pins,2025 Winnie the Pooh and Piglet Adventures of Winnie the Pooh,"Please rely on the photo, rather than the description. 2025 Winnie the Pooh and Piglet Adventures of Winnie the Pooh | Search: Winnie the Pooh, Disney Pin",1,Buy it Now,12,0-1 oz,TRUE,Not Hazmat,Used,,2579-6,https://i.ibb.co/1fG9G9Bw/IMG-2579-pin-6.jpg,,,,,,,
Disneyana,Disney Pins,2015 Junior Mystery Box Bones,"Please rely on the photo, rather than the description. 2015 Junior Mystery Box Bones | Search: Disney Pin",1,Buy it Now,18,0-1 oz,TRUE,Not Hazmat,Used,,2579-8,https://i.ibb.co/27Y1m88v/IMG-2579-pin-8.jpg,,,,,,,
Disneyana,Disney Pins,Loungefly Pixar Records Woody & Buzz Lightyear Toy Story Record,"Please rely on the photo, rather than the description. Loungefly Pixar Records Woody & Buzz Lightyear Toy Story Record | Search: Toy Story, Disney Pin",1,Buy it Now,11,0-1 oz,TRUE,Not Hazmat,Used,,2579-9,https://i.ibb.co/3YCFpLbZ/IMG-2579-pin-9.jpg,,,,,,,
Disneyana,Disney Pins,Asha and Star Wish,"Please rely on the photo, rather than the description. Asha and Star Wish | Search: Disney Pin",1,Buy it Now,38,0-1 oz,TRUE,Not Hazmat,Used,,2580-10,https://i.ibb.co/DDyHBMdL/IMG-2580-pin-10.jpg,,,,,,,
Disneyana,Disney Pins,Disney Cruise Line DCL 2021 Captain Mickey and Minnie,"Please rely on the photo, rather than the description. Disney Cruise Line DCL 2021 Captain Mickey and Minnie | Search: Disney Pin",1,Buy it Now,18,0-1 oz,TRUE,Not Hazmat,Used,,2580-13,https://i.ibb.co/s9KVkZ71/IMG-2580-pin-13.jpg,,,,,,,
Disneyana,Disney Pins,Pins-2017 Adventureland Tsum Tsum-Tiki God,"Please rely on the photo, rather than the description. Pins-2017 Adventureland Tsum Tsum-Tiki God | Search: Disney Pin",1,Buy it Now,8,0-1 oz,TRUE,Not Hazmat,Used,,2580-14,https://i.ibb.co/WpxLnWrg/IMG-2580-pin-14.jpg,,,,,,,
Disneyana,Disney Pins,Destination MOG Destinations Mystery Mickey Sign LE 500,"Please rely on the photo, rather than the description. Destination MOG Destinations Mystery Mickey Sign LE 500 | Search: Disney Pin",1,Buy it Now,50,0-1 oz,TRUE,Not Hazmat,Used,,2580-15,https://i.ibb.co/ym9fg4KH/IMG-2580-pin-15.jpg,,,,,,,
Disneyana,Disney Pins,Lady Baseball Cap Hat Magical Mystery Lady and the Tramp,"Please rely on the photo, rather than the description. Lady Baseball Cap Hat Magical Mystery Lady and the Tramp | Search: Disney Pin",1,Buy it Now,13,0-1 oz,TRUE,Not Hazmat,Used,,2580-16,https://i.ibb.co/zhpkvmKw/IMG-2580-pin-16.jpg,,,,,,,
Disneyana,Disney Pins,Open Edition Oe Maleficent Chibi from Booster Pack,"Please rely on the photo, rather than the description. Open Edition Oe Maleficent Chibi from Booster Pack | Search: Sleeping Beauty, Disney Pin",1,Buy it Now,10,0-1 oz,TRUE,Not Hazmat,Used,,2580-18,https://i.ibb.co/35hhCqL7/IMG-2580-pin-18.jpg,,,,,,,
Disneyana,Disney Pins,Limited Edition Travel Mickey Mouse Single,"Please rely on the photo, rather than the description. Limited Edition Travel Mickey Mouse Single | Search: Disney Pin",1,Buy it Now,65,0-1 oz,TRUE,Not Hazmat,Used,,2580-19,https://i.ibb.co/WptR8xBT/IMG-2580-pin-19.jpg,,,,,,,
Disneyana,Disney Pins,Wine Dine 2024 Marathon Weekend Tiana 10k Limited Edition Medal,"Please rely on the photo, rather than the description. Wine Dine 2024 Marathon Weekend Tiana 10k Limited Edition Medal | Search: The Princess and the Frog, Disney Pin",1,Buy it Now,20,0-1 oz,TRUE,Not Hazmat,Used,,2580-1,https://i.ibb.co/65XG8rn/IMG-2580-pin-1.jpg,,,,,,,
Disneyana,Disney Pins,2023 Christmas Wreath Mystery Dumbo,"Please rely on the photo, rather than the description. 2023 Christmas Wreath Mystery Dumbo | Search: Dumbo, Disney Pin",1,Buy it Now,14,0-1 oz,TRUE,Not Hazmat,Used,,2580-20,https://i.ibb.co/S4Gq4pxz/IMG-2580-pin-20.jpg,,,,,,,
Disneyana,Disney Pins,Big Al Purple Chaser Hidden Mickey Country Bear Jamboree Guitar Ll,"Please rely on the photo, rather than the description. Big Al Purple Chaser Hidden Mickey Country Bear Jamboree Guitar Ll | Search: Disney Pin",1,Buy it Now,15,0-1 oz,TRUE,Not Hazmat,Used,,2580-21,https://i.ibb.co/qLFNkZwp/IMG-2580-pin-21.jpg,,,,,,,
Disneyana,Disney Pins,2025 Annual Passholder EPCOT Figment,"Please rely on the photo, rather than the description. 2025 Annual Passholder EPCOT Figment | Search: Disney Pin",1,Buy it Now,30,0-1 oz,TRUE,Not Hazmat,Used,,2580-22,https://i.ibb.co/Wvv8H9mP/IMG-2580-pin-22.jpg,,,,,,,
Disneyana,Disney Pins,Emily Binx Letter S Halloween Mystery Hocus Pocus,"Please rely on the photo, rather than the description. Emily Binx Letter S Halloween Mystery Hocus Pocus | Search: Disney Pin",1,Buy it Now,30,0-1 oz,TRUE,Not Hazmat,Used,,2580-23,https://i.ibb.co/nsnPwyCM/IMG-2580-pin-23.jpg,,,,,,,
Disneyana,Disney Pins,WDW Villains Sidekicks Booster Pain & Panic Hercules,"Please rely on the photo, rather than the description. WDW Villains Sidekicks Booster Pain & Panic Hercules | Search: Hercules, Disney Pin",1,Buy it Now,13,0-1 oz,TRUE,Not Hazmat,Used,,2580-24,https://i.ibb.co/LhR59Ztv/IMG-2580-pin-24.jpg,,,,,,,
Disneyana,Disney Pins,On Card- Pins Yokai Big Hero 6 Arms Open Star Wars Jawa Jafar Hat Bird,"Please rely on the photo, rather than the description. On Card- Pins Yokai Big Hero 6 Arms Open Star Wars Jawa Jafar Hat Bird | Search: Aladdin, Disney Pin",1,Buy it Now,12,0-1 oz,TRUE,Not Hazmat,Used,,2580-25,https://i.ibb.co/cKVZHh1Q/IMG-2580-pin-25.jpg,,,,,,,
Disneyana,Disney Pins,Leave a Legacy Gift,"Please rely on the photo, rather than the description. Leave a Legacy Gift | Search: Disney Pin",1,Buy it Now,25,0-1 oz,TRUE,Not Hazmat,Used,,2580-27,https://i.ibb.co/Q3hPcm4Z/IMG-2580-pin-27.jpg,,,,,,,
Disneyana,Disney Pins,Catalog Nightmare Before Christmas 13 Days #1 Jack Web LE 1000 Pin Set,"Please rely on the photo, rather than the description. Catalog Nightmare Before Christmas 13 Days #1 Jack Web LE 1000 Pin Set | Search: Disney Pin",1,Buy it Now,29,0-1 oz,TRUE,Not Hazmat,Used,,2580-29,https://i.ibb.co/6cnkJc12/IMG-2580-pin-29.jpg,,,,,,,
Disneyana,Disney Pins,Disneyland 70th Anniversary I Was There July 17 2025 Mickey,"Please rely on the photo, rather than the description. Disneyland 70th Anniversary I Was There July 17 2025 Mickey | Search: Disney Pin",1,Buy it Now,40,0-1 oz,TRUE,Not Hazmat,Used,,2580-2,https://i.ibb.co/0jJ2MYhm/IMG-2580-pin-2.jpg,,,,,,,
Disneyana,Disney Pins,PALM Tiana Pumpkin Princess Royal Harvest LE 300,"Please rely on the photo, rather than the description. PALM Tiana Pumpkin Princess Royal Harvest LE 300 | Search: The Princess and the Frog, Disney Pin",1,Buy it Now,45,0-1 oz,TRUE,Not Hazmat,Used,,2580-3,https://i.ibb.co/W8JPy0b/IMG-2580-pin-3.jpg,,,,,,,
Disneyana,Disney Pins,Pins Monkey Coco Alebrijes Mystery Pixar Green Monkey,"Please rely on the photo, rather than the description. Pins Monkey Coco Alebrijes Mystery Pixar Green Monkey | Search: Disney Pin",1,Buy it Now,15,0-1 oz,TRUE,Not Hazmat,Used,,2580-4,https://i.ibb.co/jvCkX53G/IMG-2580-pin-4.jpg,,,,,,,
Disneyana,Disney Pins,Dca Food and Wine Festival 2022 and Mickey Partners,"Please rely on the photo, rather than the description. Dca Food and Wine Festival 2022 and Mickey Partners | Search: Disney Pin",1,Buy it Now,16,0-1 oz,TRUE,Not Hazmat,Used,,2580-5,https://i.ibb.co/9kRtcKk3/IMG-2580-pin-5.jpg,,,,,,,
Disneyana,Disney Pins,Disney Parks Pluto Popping Out of Pumpkin Halloween 2024,"Please rely on the photo, rather than the description. Disney Parks Pluto Popping Out of Pumpkin Halloween 2024 | Search: Disney Pin",1,Buy it Now,10,0-1 oz,TRUE,Not Hazmat,Used,,2580-6,https://i.ibb.co/KpJT0nDb/IMG-2580-pin-6.jpg,,,,,,,
Disneyana,Disney Pins,EPCOT Flower Garden 2022 Mickey Little Dirt Never Hurt Limited,"Please rely on the photo, rather than the description. EPCOT Flower Garden 2022 Mickey Little Dirt Never Hurt Limited | Search: Bambi, Disney Pin",1,Buy it Now,8,0-1 oz,TRUE,Not Hazmat,Used,,2580-7,https://i.ibb.co/LdSTC6Xx/IMG-2580-pin-7.jpg,,,,,,,
Disneyana,Disney Pins,Merry Stitchmas Christmas Mystery Stitch in Present,"Please rely on the photo, rather than the description. Merry Stitchmas Christmas Mystery Stitch in Present | Search: Lilo & Stitch, Disney Pin",1,Buy it Now,15,0-1 oz,TRUE,Not Hazmat,Used,,2580-8,https://i.ibb.co/PvZQQrgS/IMG-2580-pin-8.jpg,,,,,,,
Disneyana,Disney Pins,Disney Parks Star Wars Mystery Set- Darth Vader,"Please rely on the photo, rather than the description. Disney Parks Star Wars Mystery Set- Darth Vader | Search: Star Wars, Disney Pin",1,Buy it Now,15,0-1 oz,TRUE,Not Hazmat,Used,,2580-9,https://i.ibb.co/hFJPW1yw/IMG-2580-pin-9.jpg,,,,,,,
Disneyana,Disney Pins,Loungefly Rabbit Winnie the Pooh Snowflakes Snowflake Mystery 2025,"Please rely on the photo, rather than the description. Loungefly Rabbit Winnie the Pooh Snowflakes Snowflake Mystery 2025 | Search: Winnie the Pooh, Disney Pin",1,Buy it Now,18,0-1 oz,TRUE,Not Hazmat,Used,,2581-11,https://i.ibb.co/JwgsgH64/IMG-2581-pin-11.jpg,,,,,,,
Disneyana,Disney Pins,Tiki Man WDW Disney World 50th Anniversary Mystery Box,"Please rely on the photo, rather than the description. Tiki Man WDW Disney World 50th Anniversary Mystery Box | Search: Disney Pin",1,Buy it Now,20,0-1 oz,TRUE,Not Hazmat,Used,,2581-13,https://i.ibb.co/JWNNq3Zd/IMG-2581-pin-13.jpg,,,,,,,
Disneyana,Disney Pins,Midway Maniacs 2016 from Mascots Mystery Pack,"Please rely on the photo, rather than the description. Midway Maniacs 2016 from Mascots Mystery Pack | Search: Disney Pin",1,Buy it Now,8,0-1 oz,TRUE,Not Hazmat,Used,,2581-15,https://i.ibb.co/CsYMKGBf/IMG-2581-pin-15.jpg,,,,,,,
Disneyana,Disney Pins,'used Pixar Coco Alebrijes Mystery Dragon,"Please rely on the photo, rather than the description. 'used Pixar Coco Alebrijes Mystery Dragon | Search: Disney Pin",1,Buy it Now,16,0-1 oz,TRUE,Not Hazmat,Used,,2581-16,https://i.ibb.co/Q3mVrdq2/IMG-2581-pin-16.jpg,,,,,,,
Disneyana,Disney Pins,Pixar Party 2016 John Ratzenberger Mystery Set Up Construction Foreman,"Please rely on the photo, rather than the description. Pixar Party 2016 John Ratzenberger Mystery Set Up Construction Foreman | Search: Disney Pin",1,Buy it Now,15,0-1 oz,TRUE,Not Hazmat,Used,,2581-17,https://i.ibb.co/0w2GkTK/IMG-2581-pin-17.jpg,,,,,,,
Disneyana,Disney Pins,Disney Parks Sleeping Beauty 65th Dragon Maleficent Puzzle Goon,"Please rely on the photo, rather than the description. Disney Parks Sleeping Beauty 65th Dragon Maleficent Puzzle Goon | Search: Sleeping Beauty, Disney Pin",1,Buy it Now,25,0-1 oz,TRUE,Not Hazmat,Used,,2581-18,https://i.ibb.co/1wzHmdt/IMG-2581-pin-18.jpg,,,,,,,
Disneyana,Disney Pins,'used 2022- Coffee Cup Minnie Mouse,"Please rely on the photo, rather than the description. 'used 2022- Coffee Cup Minnie Mouse | Search: Disney Pin",1,Buy it Now,12,0-1 oz,TRUE,Not Hazmat,Used,,2581-19,https://i.ibb.co/CKQzN81K/IMG-2581-pin-19.jpg,,,,,,,
Disneyana,Disney Pins,2024 Alice in Wonderland 2 Set Tweedle Dee Tweedle Dum,"Please rely on the photo, rather than the description. 2024 Alice in Wonderland 2 Set Tweedle Dee Tweedle Dum | Search: Alice in Wonderland, Disney Pin",1,Buy it Now,16,0-1 oz,TRUE,Not Hazmat,Used,,2581-1,https://i.ibb.co/m5sN2dmd/IMG-2581-pin-1.jpg,,,,,,,
Disneyana,Disney Pins,HKDL Pinocchio 3D Character Carnival 2023 LE 800,"Please rely on the photo, rather than the description. HKDL Pinocchio 3D Character Carnival 2023 LE 800 | Search: Pinocchio, Disney Pin",1,Buy it Now,30,0-1 oz,TRUE,Not Hazmat,Used,,2581-20,https://i.ibb.co/q38xnmHd/IMG-2581-pin-20.jpg,,,,,,,
Disneyana,Disney Pins,Disney Parks 2024 Tiana's Bayou Adventure Opening Day Mama Odie,"Please rely on the photo, rather than the description. Disney Parks 2024 Tiana's Bayou Adventure Opening Day Mama Odie | Search: The Princess and the Frog, Disney Pin",1,Buy it Now,18,0-1 oz,TRUE,Not Hazmat,Used,,2581-21,https://i.ibb.co/sdDcgMPB/IMG-2581-pin-21.jpg,,,,,,,
Disneyana,Disney Pins,Loungefly Princess & the Frog Cake Tiana Mystery,"Please rely on the photo, rather than the description. Loungefly Princess & the Frog Cake Tiana Mystery | Search: The Princess and the Frog, Disney Pin",1,Buy it Now,15,0-1 oz,TRUE,Not Hazmat,Used,,2581-22,https://i.ibb.co/mnvRGsh/IMG-2581-pin-22.jpg,,,,,,,
Disneyana,Disney Pins,Cheshire Cat Ice Cream 2018,"Please rely on the photo, rather than the description. Cheshire Cat Ice Cream 2018 | Search: Alice in Wonderland, Disney Pin",1,Buy it Now,12,0-1 oz,TRUE,Not Hazmat,Used,,2581-23,https://i.ibb.co/rKcDFcGp/IMG-2581-pin-23.jpg,,,,,,,
Disneyana,Disney Pins,100 Years of Dreams Mickey's Birthday Party Pin #59,"Please rely on the photo, rather than the description. 100 Years of Dreams Mickey's Birthday Party Pin #59 | Search: Disney Pin",1,Buy it Now,12,0-1 oz,TRUE,Not Hazmat,Used,,2581-26,https://i.ibb.co/4Zk9BxTv/IMG-2581-pin-26.jpg,,,,,,,
Disneyana,Disney Pins,2024 Disney Parks Dogs Mystery Oliver & Company Georgette,"Please rely on the photo, rather than the description. 2024 Disney Parks Dogs Mystery Oliver & Company Georgette | Search: Disney Pin",1,Buy it Now,20,0-1 oz,TRUE,Not Hazmat,Used,,2581-27,https://i.ibb.co/WWxH5Bsq/IMG-2581-pin-27.jpg,,,,,,,
Disneyana,Disney Pins,2024 Disney Parks Pixar Coco Alebrije Mystery Rabbit,"Please rely on the photo, rather than the description. 2024 Disney Parks Pixar Coco Alebrije Mystery Rabbit | Search: Winnie the Pooh, Disney Pin",1,Buy it Now,11,0-1 oz,TRUE,Not Hazmat,Used,,2581-2,https://i.ibb.co/ynwtL3f2/IMG-2581-pin-2.jpg,,,,,,,
Disneyana,Disney Pins,Voyd Incredibles 2 Superhero Pixar Karen Fields Hero Void Port,"Please rely on the photo, rather than the description. Voyd Incredibles 2 Superhero Pixar Karen Fields Hero Void Port | Search: Disney Pin",1,Buy it Now,14,0-1 oz,TRUE,Not Hazmat,Used,,2581-30,https://i.ibb.co/cKqRjDz9/IMG-2581-pin-30.jpg,,,,,,,
Disneyana,Disney Pins,Loungefly Tiana Teapot Princess and the Frog Mystery,"Please rely on the photo, rather than the description. Loungefly Tiana Teapot Princess and the Frog Mystery | Search: The Princess and the Frog, Disney Pin",1,Buy it Now,18,0-1 oz,TRUE,Not Hazmat,Used,,2581-31,https://i.ibb.co/60RcRTFj/IMG-2581-pin-31.jpg,,,,,,,
Disneyana,Disney Pins,Loungefly Tiana Princess Tattoo Set Black and,"Please rely on the photo, rather than the description. Loungefly Tiana Princess Tattoo Set Black and | Search: The Princess and the Frog, Disney Pin",1,Buy it Now,20,0-1 oz,TRUE,Not Hazmat,Used,,2581-33,https://i.ibb.co/zHG9Hp0h/IMG-2581-pin-33.jpg,,,,,,,
Disneyana,Disney Pins,Disney Store Cast Member Exclusive 5 Star,"Please rely on the photo, rather than the description. Disney Store Cast Member Exclusive 5 Star | Search: Disney Pin",1,Buy it Now,10,0-1 oz,TRUE,Not Hazmat,Used,,2581-34,https://i.ibb.co/WN4G0Jy5/IMG-2581-pin-34.jpg,,,,,,,
Disneyana,Disney Pins,Incredimobile Incredibles Magical Mystery Series 22 Disney Parks 2023,"Please rely on the photo, rather than the description. Incredimobile Incredibles Magical Mystery Series 22 Disney Parks 2023 | Search: Disney Pin",1,Buy it Now,13,0-1 oz,TRUE,Not Hazmat,Used,,2581-35,https://i.ibb.co/LVjF2PT/IMG-2581-pin-35.jpg,,,,,,,
Disneyana,Disney Pins,Raya and Sisu Raya and the Last Dragon,"Please rely on the photo, rather than the description. Raya and Sisu Raya and the Last Dragon | Search: Disney Pin",1,Buy it Now,60,0-1 oz,TRUE,Not Hazmat,Used,,2581-36,https://i.ibb.co/60gJTTxH/IMG-2581-pin-36.jpg,,,,,,,
Disneyana,Disney Pins,Wedding Pavilion Cinderella's Coach Slider Grand Floridian Resort,"Please rely on the photo, rather than the description. Wedding Pavilion Cinderella's Coach Slider Grand Floridian Resort | Search: Cinderella, Disney Pin",1,Buy it Now,29,0-1 oz,TRUE,Not Hazmat,Used,,2581-38,https://i.ibb.co/svwn5qTr/IMG-2581-pin-38.jpg,,,,,,,
Disneyana,Disney Pins,Old Grand Floridian Wedding Pavilion Cinderella Coach Carriage Slider,"Please rely on the photo, rather than the description. Old Grand Floridian Wedding Pavilion Cinderella Coach Carriage Slider | Search: Cinderella, Disney Pin",1,Buy it Now,45,0-1 oz,TRUE,Not Hazmat,Used,,2581-39,https://i.ibb.co/kgfmZ4qW/IMG-2581-pin-39.jpg,,,,,,,
Disneyana,Disney Pins,2024 Pixar Coco Alebrijes Mystery Peacock,"Please rely on the photo, rather than the description. 2024 Pixar Coco Alebrijes Mystery Peacock | Search: Disney Pin",1,Buy it Now,18,0-1 oz,TRUE,Not Hazmat,Used,,2581-3,https://i.ibb.co/VWg1LvS0/IMG-2581-pin-3.jpg,,,,,,,
Disneyana,Disney Pins,The Princess & the Frog Spring 2017 Collector LE 2000 Naveen,"Please rely on the photo, rather than the description. The Princess & the Frog Spring 2017 Collector LE 2000 Naveen | Search: The Princess and the Frog, Disney Pin",1,Buy it Now,13,0-1 oz,TRUE,Not Hazmat,Used,,2581-4,https://i.ibb.co/mrd0qKZX/IMG-2581-pin-4.jpg,,,,,,,
Disneyana,Disney Pins,Pins Monkey Coco Alebrijes Mystery Pixar Green Monkey,"Please rely on the photo, rather than the description. Pins Monkey Coco Alebrijes Mystery Pixar Green Monkey | Search: Disney Pin",1,Buy it Now,15,0-1 oz,TRUE,Not Hazmat,Used,,2581-5,https://i.ibb.co/KpySvKNZ/IMG-2581-pin-5.jpg,,,,,,,
Disneyana,Disney Pins,Disney Parks Pepita Pixar Coco Alebrijes 2024 Mystery Box,"Please rely on the photo, rather than the description. Disney Parks Pepita Pixar Coco Alebrijes 2024 Mystery Box | Search: Disney Pin",1,Buy it Now,25,0-1 oz,TRUE,Not Hazmat,Used,,2581-6,https://i.ibb.co/tMxd2vN8/IMG-2581-pin-6.jpg,,,,,,,
Disneyana,Disney Pins,Tinker Bell Coffee Cups Mystery Pouch 2021,"Please rely on the photo, rather than the description. Tinker Bell Coffee Cups Mystery Pouch 2021 | Search: Disney Pin",1,Buy it Now,11,0-1 oz,TRUE,Not Hazmat,Used,,2581-7,https://i.ibb.co/gMVFypWD/IMG-2581-pin-7.jpg,,,,,,,
Disneyana,Disney Pins,Bambi Character Coffee Cups Mystery Pouch,"Please rely on the photo, rather than the description. Bambi Character Coffee Cups Mystery Pouch | Search: Bambi, Disney Pin",1,Buy it Now,13,0-1 oz,TRUE,Not Hazmat,Used,,2581-8,https://i.ibb.co/ZzXNwP16/IMG-2581-pin-8.jpg,,,,,,,
Disneyana,Disney Pins,Loungefly Princess & the Frog Drink Coffee Cup Tiana Mystery,"Please rely on the photo, rather than the description. Loungefly Princess & the Frog Drink Coffee Cup Tiana Mystery | Search: The Princess and the Frog, Disney Pin",1,Buy it Now,15,0-1 oz,TRUE,Not Hazmat,Used,,2581-9,https://i.ibb.co/DPchRrpX/IMG-2581-pin-9.jpg,,,,,,,
Disneyana,Disney Pins,Mickey Mouse Memories July Head,"Please rely on the photo, rather than the description. Mickey Mouse Memories July Head | Search: Disney Pin",1,Buy it Now,15,0-1 oz,TRUE,Not Hazmat,Used,,2582-10,https://i.ibb.co/5xr1y0ZD/IMG-2582-pin-10.jpg,,,,,,,
Disneyana,Disney Pins,Arthur Archimedes Window Sword in the Stone Imaginative Icons Mystery,"Please rely on the photo, rather than the description. Arthur Archimedes Window Sword in the Stone Imaginative Icons Mystery | Search: Disney Pin",1,Buy it Now,11,0-1 oz,TRUE,Not Hazmat,Used,,2582-11,https://i.ibb.co/38g83pf/IMG-2582-pin-11.jpg,,,,,,,
Disneyana,Disney Pins,2024 Pluto's Pumpkin Pursuit Disney Parks Limited Edition LE Halloween Euc,"Please rely on the photo, rather than the description. 2024 Pluto's Pumpkin Pursuit Disney Parks Limited Edition LE Halloween Euc | Search: Disney Pin",1,Buy it Now,9,0-1 oz,TRUE,Not Hazmat,Used,,2582-12,https://i.ibb.co/Q7Z01VSN/IMG-2582-pin-12.jpg,,,,,,,
Disneyana,Disney Pins,Hocus Pocus 25th Anniversary Mystery Set Emily Binx Letter S,"Please rely on the photo, rather than the description. Hocus Pocus 25th Anniversary Mystery Set Emily Binx Letter S | Search: Disney Pin",1,Buy it Now,24,0-1 oz,TRUE,Not Hazmat,Used,,2582-13,https://i.ibb.co/RTRJjndT/IMG-2582-pin-13.jpg,,,,,,,
Disneyana,Disney Pins,Loungefly Princess Instant Camera Sliding Mulan,"Please rely on the photo, rather than the description. Loungefly Princess Instant Camera Sliding Mulan | Search: Mulan, Disney Pin",1,Buy it Now,27,0-1 oz,TRUE,Not Hazmat,Used,,2582-15,https://i.ibb.co/2YH46vDy/IMG-2582-pin-15.jpg,,,,,,,
Disneyana,Disney Pins,2025 Disney Parks Magical Mystery Series 30 Headphones Mickey,"Please rely on the photo, rather than the description. 2025 Disney Parks Magical Mystery Series 30 Headphones Mickey | Search: Disney Pin",1,Buy it Now,15,0-1 oz,TRUE,Not Hazmat,Used,,2582-16,https://i.ibb.co/rYdDbvw/IMG-2582-pin-16.jpg,,,,,,,
Disneyana,Disney Pins,Snowanna Rainbeau Sugar Rush Racer Wreck It Ralph Mystery,"Please rely on the photo, rather than the description. Snowanna Rainbeau Sugar Rush Racer Wreck It Ralph Mystery | Search: Frozen, Disney Pin",1,Buy it Now,14,0-1 oz,TRUE,Not Hazmat,Used,,2582-17,https://i.ibb.co/ZRH7pBcD/IMG-2582-pin-17.jpg,,,,,,,
Disneyana,Disney Pins,Toulouse Cat and Dog Collars Magical Mystery Series 25 2024,"Please rely on the photo, rather than the description. Toulouse Cat and Dog Collars Magical Mystery Series 25 2024 | Search: Disney Pin",1,Buy it Now,12,0-1 oz,TRUE,Not Hazmat,Used,,2582-19,https://i.ibb.co/F444XTNY/IMG-2582-pin-19.jpg,,,,,,,
Disneyana,Disney Pins,2026 Winnie the Pooh Honey Tree 60th Mystery Owl,"Please rely on the photo, rather than the description. 2026 Winnie the Pooh Honey Tree 60th Mystery Owl | Search: Winnie the Pooh, Disney Pin",1,Buy it Now,30,0-1 oz,TRUE,Not Hazmat,Used,,2582-1,https://i.ibb.co/XfBncXpR/IMG-2582-pin-1.jpg,,,,,,,
Disneyana,Disney Pins,2024 Stitch Photos Mystery Stitch & Lilo Building Snowman,"Please rely on the photo, rather than the description. 2024 Stitch Photos Mystery Stitch & Lilo Building Snowman | Search: Lilo & Stitch, Disney Pin",1,Buy it Now,18,0-1 oz,TRUE,Not Hazmat,Used,,2582-21,https://i.ibb.co/S4NTXrWN/IMG-2582-pin-21.jpg,,,,,,,
Disneyana,Disney Pins,Star Wars Day May the 4th Be with You 2024 & C-3PO,"Please rely on the photo, rather than the description. Star Wars Day May the 4th Be with You 2024 & C-3PO | Search: Star Wars, Disney Pin",1,Buy it Now,11,0-1 oz,TRUE,Not Hazmat,Used,,2582-22,https://i.ibb.co/RGK22vYr/IMG-2582-pin-22.jpg,,,,,,,
Disneyana,Disney Pins,Cartoon Shorts Booster Keep on Rollin' Disco Mickey in Skates,"Please rely on the photo, rather than the description. Cartoon Shorts Booster Keep on Rollin' Disco Mickey in Skates | Search: Monsters Inc, Disney Pin",1,Buy it Now,8,0-1 oz,TRUE,Not Hazmat,Used,,2582-24,https://i.ibb.co/TxF5msvz/IMG-2582-pin-24.jpg,,,,,,,
Disneyana,Disney Pins,WDW 2024 Star Wars Droids Hidden Mickey Pin,"Please rely on the photo, rather than the description. WDW 2024 Star Wars Droids Hidden Mickey Pin | Search: Star Wars, Disney Pin",1,Buy it Now,6,0-1 oz,TRUE,Not Hazmat,Used,,2582-25,https://i.ibb.co/jkRC0sjP/IMG-2582-pin-25.jpg,,,,,,,
Disneyana,Disney Pins,2024 Disney Parks Character Mugs Mystery (fox & the Hound) Tod,"Please rely on the photo, rather than the description. 2024 Disney Parks Character Mugs Mystery (fox & the Hound) Tod | Search: The Fox and the Hound, Disney Pin",1,Buy it Now,16,0-1 oz,TRUE,Not Hazmat,Used,,2582-26,https://i.ibb.co/mr2YXt48/IMG-2582-pin-26.jpg,,,,,,,
Disneyana,Disney Pins,Pixie Plush Mystery Chicken Little,"Please rely on the photo, rather than the description. Pixie Plush Mystery Chicken Little | Search: Disney Pin",1,Buy it Now,12,0-1 oz,TRUE,Not Hazmat,Used,,2582-27,https://i.ibb.co/5hJrmgCW/IMG-2582-pin-27.jpg,,,,,,,
Disneyana,Disney Pins,2024 Disney Parks Character Mugs Pinocchio Mystery Pack,"Please rely on the photo, rather than the description. 2024 Disney Parks Character Mugs Pinocchio Mystery Pack | Search: Pinocchio, Disney Pin",1,Buy it Now,15,0-1 oz,TRUE,Not Hazmat,Used,,2582-28,https://i.ibb.co/846S14LR/IMG-2582-pin-28.jpg,,,,,,,
Disneyana,Disney Pins,WDW Cast Member Exclusive Cast Party 2005 (figment) LE 1500,"Please rely on the photo, rather than the description. WDW Cast Member Exclusive Cast Party 2005 (figment) LE 1500 | Search: Disney Pin",1,Buy it Now,45,0-1 oz,TRUE,Not Hazmat,Used,,2582-30,https://i.ibb.co/sJp97Zrk/IMG-2582-pin-30.jpg,,,,,,,
Disneyana,Disney Pins,DLR 2024 Hidden Mickey Star Wars Galaxy Creatures Loth Cat,"Please rely on the photo, rather than the description. DLR 2024 Hidden Mickey Star Wars Galaxy Creatures Loth Cat | Search: Disney Pin",1,Buy it Now,11,0-1 oz,TRUE,Not Hazmat,Used,,2582-31,https://i.ibb.co/B5VtWqY6/IMG-2582-pin-31.jpg,,,,,,,
Disneyana,Disney Pins,PALM LE 200 Joy Inside Out 2 Tiny Mini Micro Mystery Pink a La Mode,"Please rely on the photo, rather than the description. PALM LE 200 Joy Inside Out 2 Tiny Mini Micro Mystery Pink a La Mode | Search: Inside Out, Disney Pin",1,Buy it Now,35,0-1 oz,TRUE,Not Hazmat,Used,,2582-32,https://i.ibb.co/qM8KNHc1/IMG-2582-pin-32.jpg,,,,,,,
Disneyana,Disney Pins,Vehicles the Aristocats Magical Mystery Series 22,"Please rely on the photo, rather than the description. Vehicles the Aristocats Magical Mystery Series 22 | Search: Disney Pin",1,Buy it Now,16,0-1 oz,TRUE,Not Hazmat,Used,,2582-36,https://i.ibb.co/HLtc2zHp/IMG-2582-pin-36.jpg,,,,,,,
Disneyana,Disney Pins,Destination WDI MOG Destinations Moon Pleasure Island Mystery,"Please rely on the photo, rather than the description. Destination WDI MOG Destinations Moon Pleasure Island Mystery | Search: Disney Pin",1,Buy it Now,40,0-1 oz,TRUE,Not Hazmat,Used,,2582-39,https://i.ibb.co/ZRjDG3cF/IMG-2582-pin-39.jpg,,,,,,,
Disneyana,Disney Pins,2024 Star Wars Hope Princess Leia & Droid,"Please rely on the photo, rather than the description. 2024 Star Wars Hope Princess Leia & Droid | Search: Star Wars, Disney Pin",1,Buy it Now,19,0-1 oz,TRUE,Not Hazmat,Used,,2582-3,https://i.ibb.co/qM885FCK/IMG-2582-pin-3.jpg,,,,,,,
Disneyana,Disney Pins,Mickey on Vespa Scooter Shorts Croissant De Triomphe,"Please rely on the photo, rather than the description. Mickey on Vespa Scooter Shorts Croissant De Triomphe | Search: Disney Pin",1,Buy it Now,10,0-1 oz,TRUE,Not Hazmat,Used,,2582-40,https://i.ibb.co/ZpCfQchm/IMG-2582-pin-40.jpg,,,,,,,
Disneyana,Disney Pins,10p Chopper Star Wars Droids Mystery Set 2024,"Please rely on the photo, rather than the description. 10p Chopper Star Wars Droids Mystery Set 2024 | Search: Disney Pin",1,Buy it Now,30,0-1 oz,TRUE,Not Hazmat,Used,,2582-4,https://i.ibb.co/Z6jB4x4h/IMG-2582-pin-4.jpg,,,,,,,
Disneyana,Disney Pins,Oliver Cat Single Pixie Plush Official,"Please rely on the photo, rather than the description. Oliver Cat Single Pixie Plush Official | Search: Disney Pin",1,Buy it Now,13,0-1 oz,TRUE,Not Hazmat,Used,,2582-5,https://i.ibb.co/zWKy1hSP/IMG-2582-pin-5.jpg,,,,,,,
Disneyana,Disney Pins,Figpin Ennui-Inside Out 2-Mini Mystery Series 1 Pixar,"Please rely on the photo, rather than the description. Figpin Ennui-Inside Out 2-Mini Mystery Series 1 Pixar | Search: Disney Pin",1,Buy it Now,21,0-1 oz,TRUE,Not Hazmat,Used,,2582-6,https://i.ibb.co/WNbrnXtV/IMG-2582-pin-6.jpg,,,,,,,
Disneyana,Disney Pins,She Hulk Marvel Chibi Kawaii Mystery 2023 Marvel,"Please rely on the photo, rather than the description. She Hulk Marvel Chibi Kawaii Mystery 2023 Marvel | Search: Disney Pin",1,Buy it Now,10,0-1 oz,TRUE,Not Hazmat,Used,,2582-9,https://i.ibb.co/k2DJ2ctG/IMG-2582-pin-9.jpg,,,,,,,
Disneyana,Disney Pins,WDW Wanna Pin Series Goliath Elephant Mean Mouse Film LE 2500 Pin,"Please rely on the photo, rather than the description. WDW Wanna Pin Series Goliath Elephant Mean Mouse Film LE 2500 Pin | Search: Frozen, Disney Pin",1,Buy it Now,23,0-1 oz,TRUE,Not Hazmat,Used,,2583-11,https://i.ibb.co/p6bjszmW/IMG-2583-pin-11.jpg,,,,,,,
Disneyana,Disney Pins,Disney World Zootopia Better Zoogether Animal Kingdom Fru Fru Mystery,"Please rely on the photo, rather than the description. Disney World Zootopia Better Zoogether Animal Kingdom Fru Fru Mystery | Search: Disney Pin",1,Buy it Now,30,0-1 oz,TRUE,Not Hazmat,Used,,2583-12,https://i.ibb.co/5gK13k7H/IMG-2583-pin-12.jpg,,,,,,,
Disneyana,Disney Pins,Louis Princess & the Frog Sidekick Camping Tent Tiana Alligaor,"Please rely on the photo, rather than the description. Louis Princess & the Frog Sidekick Camping Tent Tiana Alligaor | Search: The Princess and the Frog, Disney Pin",1,Buy it Now,15,0-1 oz,TRUE,Not Hazmat,Used,,2583-13,https://i.ibb.co/4ZNdgB3h/IMG-2583-pin-13.jpg,,,,,,,
Disneyana,Disney Pins,2024 Lion King Mystery Laughing Face Hexagon Shaped Zazu,"Please rely on the photo, rather than the description. 2024 Lion King Mystery Laughing Face Hexagon Shaped Zazu | Search: The Lion King, Disney Pin",1,Buy it Now,18,0-1 oz,TRUE,Not Hazmat,Used,,2583-14,https://i.ibb.co/gFcQmdg8/IMG-2583-pin-14.jpg,,,,,,,
Disneyana,Disney Pins,Munchling Pins Series 2,"Please rely on the photo, rather than the description. Munchling Pins Series 2 | Search: Disney Pin",1,Buy it Now,12,0-1 oz,TRUE,Not Hazmat,Used,,2583-15,https://i.ibb.co/fYfnHv5t/IMG-2583-pin-15.jpg,,,,,,,
Disneyana,Disney Pins,2025 Fantasy Flights Mystery Superhero Stitch,"Please rely on the photo, rather than the description. 2025 Fantasy Flights Mystery Superhero Stitch | Search: Lilo & Stitch, Disney Pin",1,Buy it Now,22,0-1 oz,TRUE,Not Hazmat,Used,,2583-16,https://i.ibb.co/gbD0vhJs/IMG-2583-pin-16.jpg,,,,,,,
Disneyana,Disney Pins,2025 Animal Kingdom Expedition Everest Mystery Box Pick Axe,"Please rely on the photo, rather than the description. 2025 Animal Kingdom Expedition Everest Mystery Box Pick Axe | Search: WALL-E, Disney Pin",1,Buy it Now,30,0-1 oz,TRUE,Not Hazmat,Used,,2583-17,https://i.ibb.co/8476WxWL/IMG-2583-pin-17.jpg,,,,,,,
Disneyana,Disney Pins,2025 Disney Parks Mickey Mouse Magical Chefs Mystery Box Chef,"Please rely on the photo, rather than the description. 2025 Disney Parks Mickey Mouse Magical Chefs Mystery Box Chef | Search: Disney Pin",1,Buy it Now,19,0-1 oz,TRUE,Not Hazmat,Used,,2583-18,https://i.ibb.co/FqN7fRFG/IMG-2583-pin-18.jpg,,,,,,,
Disneyana,Disney Pins,Emperor Zurg Toy Story 2025,"Please rely on the photo, rather than the description. Emperor Zurg Toy Story 2025 | Search: Disney Pin",1,Buy it Now,18,0-1 oz,TRUE,Not Hazmat,Used,,2583-19,https://i.ibb.co/hRL1CWJW/IMG-2583-pin-19.jpg,,,,,,,
Disneyana,Disney Pins,Emperor's Groove Kuzco Metal,"Please rely on the photo, rather than the description. Emperor's Groove Kuzco Metal | Search: The Emperor's New Groove, Disney Pin",1,Buy it Now,16,0-1 oz,TRUE,Not Hazmat,Used,,2583-1,https://i.ibb.co/m58hWwyb/IMG-2583-pin-1.jpg,,,,,,,
Disneyana,Disney Pins,Dca Super Soap Weekends 2002 Logo California Adventure LE,"Please rely on the photo, rather than the description. Dca Super Soap Weekends 2002 Logo California Adventure LE | Search: Disney Pin",1,Buy it Now,12,0-1 oz,TRUE,Not Hazmat,Used,,2583-21,https://i.ibb.co/21CBYJ1K/IMG-2583-pin-21.jpg,,,,,,,
Disneyana,Disney Pins,Hidden Disney Mystery Pouch Castle Balloons,"Please rely on the photo, rather than the description. Hidden Disney Mystery Pouch Castle Balloons | Search: Disney Pin",1,Buy it Now,45,0-1 oz,TRUE,Not Hazmat,Used,,2583-22,https://i.ibb.co/3mx9BHBC/IMG-2583-pin-22.jpg,,,,,,,
Disneyana,Disney Pins,2022 Disney Parks Holiday Christmas Mystery Joy from Inside Out Peace,"Please rely on the photo, rather than the description. 2022 Disney Parks Holiday Christmas Mystery Joy from Inside Out Peace | Search: Inside Out, Disney Pin",1,Buy it Now,19,0-1 oz,TRUE,Not Hazmat,Used,,2583-23,https://i.ibb.co/FbyFZDgw/IMG-2583-pin-23.jpg,,,,,,,
Disneyana,Disney Pins,Pluto with Cane Dapper Dans #pp161836,"Please rely on the photo, rather than the description. Pluto with Cane Dapper Dans #pp161836 | Search: Disney Pin",1,Buy it Now,10,0-1 oz,TRUE,Not Hazmat,Used,,2583-24,https://i.ibb.co/x8j4Wzfz/IMG-2583-pin-24.jpg,,,,,,,
Disneyana,Disney Pins,The Haunted Mansion Puzzle Mystery Phineas Hitchhiking Ghost,"Please rely on the photo, rather than the description. The Haunted Mansion Puzzle Mystery Phineas Hitchhiking Ghost | Search: Disney Pin",1,Buy it Now,25,0-1 oz,TRUE,Not Hazmat,Used,,2583-25,https://i.ibb.co/h19NsyYR/IMG-2583-pin-25.jpg,,,,,,,
Disneyana,Disney Pins,Disney Parks Popsicle Mystery Goofy,"Please rely on the photo, rather than the description. Disney Parks Popsicle Mystery Goofy | Search: Disney Pin",1,Buy it Now,10,0-1 oz,TRUE,Not Hazmat,Used,,2583-27,https://i.ibb.co/sdpK2XF3/IMG-2583-pin-27.jpg,,,,,,,
Disneyana,Disney Pins,Character Mugs Mystery Pins,"Please rely on the photo, rather than the description. Character Mugs Mystery Pins | Search: Disney Pin",1,Buy it Now,13,0-1 oz,TRUE,Not Hazmat,Used,,2583-28,https://i.ibb.co/DP4TNwB7/IMG-2583-pin-28.jpg,,,,,,,
Disneyana,Disney Pins,Wreck It Ralph Pixelated Characters 2 Set Ralph,"Please rely on the photo, rather than the description. Wreck It Ralph Pixelated Characters 2 Set Ralph | Search: Disney Pin",1,Buy it Now,13,0-1 oz,TRUE,Not Hazmat,Used,,2583-29,https://i.ibb.co/0j1qZ5JY/IMG-2583-pin-29.jpg,,,,,,,
Disneyana,Disney Pins,Loungefly Bambi Possum Family Puzzle Yin Yang Half,"Please rely on the photo, rather than the description. Loungefly Bambi Possum Family Puzzle Yin Yang Half | Search: Bambi, Disney Pin",1,Buy it Now,12,0-1 oz,TRUE,Not Hazmat,Used,,2583-2,https://i.ibb.co/ymySQjGG/IMG-2583-pin-2.jpg,,,,,,,
Disneyana,Disney Pins,Loungefly Princess Ariel Beaded Water Bottle,"Please rely on the photo, rather than the description. Loungefly Princess Ariel Beaded Water Bottle | Search: The Little Mermaid, Disney Pin",1,Buy it Now,22,0-1 oz,TRUE,Not Hazmat,Used,,2583-30,https://i.ibb.co/NgPcv8nP/IMG-2583-pin-30.jpg,,,,,,,
Disneyana,Disney Pins,Cinderella Lucifer Cat Pet Sweet Dreams Bed Sleeping Sleep *1,"Please rely on the photo, rather than the description. Cinderella Lucifer Cat Pet Sweet Dreams Bed Sleeping Sleep *1 | Search: Cinderella, Disney Pin",1,Buy it Now,14,0-1 oz,TRUE,Not Hazmat,Used,,2583-32,https://i.ibb.co/JjLp4LDq/IMG-2583-pin-32.jpg,,,,,,,
Disneyana,Disney Pins,Disney World 2004,"Please rely on the photo, rather than the description. Disney World 2004 | Search: Disney Pin",1,Buy it Now,45,0-1 oz,TRUE,Not Hazmat,Used,,2583-34,https://i.ibb.co/jPKBTb1w/IMG-2583-pin-34.jpg,,,,,,,
Disneyana,Disney Pins,Donald Duck Unified Characters 100 Blue Hat Rectangle,"Please rely on the photo, rather than the description. Donald Duck Unified Characters 100 Blue Hat Rectangle | Search: Disney Pin",1,Buy it Now,17,0-1 oz,TRUE,Not Hazmat,Used,,2583-35,https://i.ibb.co/JW7vLx1S/IMG-2583-pin-35.jpg,,,,,,,
Disneyana,Disney Pins,2022 Coco Papel Picado Mystery Aubelita,"Please rely on the photo, rather than the description. 2022 Coco Papel Picado Mystery Aubelita | Search: Disney Pin",1,Buy it Now,15,0-1 oz,TRUE,Not Hazmat,Used,,2583-37,https://i.ibb.co/vC7Wgq8b/IMG-2583-pin-37.jpg,,,,,,,
Disneyana,Disney Pins,Loungefly Villains Bouquet Mystery Ursula Little Mermaid,"Please rely on the photo, rather than the description. Loungefly Villains Bouquet Mystery Ursula Little Mermaid | Search: The Little Mermaid, Disney Pin",1,Buy it Now,17,0-1 oz,TRUE,Not Hazmat,Used,,2583-38,https://i.ibb.co/WWQ3pLbF/IMG-2583-pin-38.jpg,,,,,,,
Disneyana,Disney Pins,2024 Minnie Mouse American Flag Dress,"Please rely on the photo, rather than the description. 2024 Minnie Mouse American Flag Dress | Search: The Little Mermaid, Disney Pin",1,Buy it Now,9,0-1 oz,TRUE,Not Hazmat,Used,,2583-39,https://i.ibb.co/21zrbg3c/IMG-2583-pin-39.jpg,,,,,,,
Disneyana,Disney Pins,Disney Parks Mickey Mouse Wood Inlay with Card,"Please rely on the photo, rather than the description. Disney Parks Mickey Mouse Wood Inlay with Card | Search: Disney Pin",1,Buy it Now,22,0-1 oz,TRUE,Not Hazmat,Used,,2583-3,https://i.ibb.co/6702LLxm/IMG-2583-pin-3.jpg,,,,,,,
Disneyana,Disney Pins,Disney World Star Wars Galaxy's Edge Droid Depot Mystery Set,"Please rely on the photo, rather than the description. Disney World Star Wars Galaxy's Edge Droid Depot Mystery Set | Search: Star Wars, Disney Pin",1,Buy it Now,18,0-1 oz,TRUE,Not Hazmat,Used,,2583-41,https://i.ibb.co/JRQX2JT8/IMG-2583-pin-41.jpg,,,,,,,
Disneyana,Disney Pins,2025 EPCOT Center Pavilion Symbol Mystery Ratatouille Remy,"Please rely on the photo, rather than the description. 2025 EPCOT Center Pavilion Symbol Mystery Ratatouille Remy | Search: Ratatouille, Disney Pin",1,Buy it Now,30,0-1 oz,TRUE,Not Hazmat,Used,,2583-4,https://i.ibb.co/kVgX45XQ/IMG-2583-pin-4.jpg,,,,,,,
Disneyana,Disney Pins,Mickey Mouse Sunglasses 2022 Booster,"Please rely on the photo, rather than the description. Mickey Mouse Sunglasses 2022 Booster | Search: Monsters Inc, Disney Pin",1,Buy it Now,13,0-1 oz,TRUE,Not Hazmat,Used,,2583-6,https://i.ibb.co/shCdxpD/IMG-2583-pin-6.jpg,,,,,,,
Disneyana,Disney Pins,LE Old 100 Years of Dreams Lullaby Land 1933 Silly Symphony Cartoon,"Please rely on the photo, rather than the description. LE Old 100 Years of Dreams Lullaby Land 1933 Silly Symphony Cartoon | Search: Disney Pin",1,Buy it Now,15,0-1 oz,TRUE,Not Hazmat,Used,,2583-7,https://i.ibb.co/tTN7z27n/IMG-2583-pin-7.jpg,,,,,,,
Disneyana,Disney Pins,Lucifer Cat and Dog Collars Magical Mystery Series 25 2024,"Please rely on the photo, rather than the description. Lucifer Cat and Dog Collars Magical Mystery Series 25 2024 | Search: Disney Pin",1,Buy it Now,10,0-1 oz,TRUE,Not Hazmat,Used,,2583-8,https://i.ibb.co/cKTFh2fb/IMG-2583-pin-8.jpg,,,,,,,
Disneyana,Disney Pins,Character Coffee Cup Mystery Pinocchio,"Please rely on the photo, rather than the description. Character Coffee Cup Mystery Pinocchio | Search: Pinocchio, Disney Pin",1,Buy it Now,9,0-1 oz,TRUE,Not Hazmat,Used,,2583-9,https://i.ibb.co/WW7qsX8x/IMG-2583-pin-9.jpg,,,,,,,
Disneyana,Disney Pins,WDI Moghunchback of Notre Dame Frollo Villains LE 300 Cast Jumbo,"Please rely on the photo, rather than the description. WDI Moghunchback of Notre Dame Frollo Villains LE 300 Cast Jumbo | Search: The Hunchback of Notre Dame, Disney Pin",1,Buy it Now,250,0-1 oz,TRUE,Not Hazmat,Used,,2617-1,https://i.ibb.co/PsPwkhnk/IMG-2617-pin-1.jpg,,,,,,,
Disneyana,Disney Pins,"PALM Mickey with Ink and Fountain Pen Limited Edition 100 5"" Jumbo","Please rely on the photo, rather than the description. PALM Mickey with Ink and Fountain Pen Limited Edition 100 5"" Jumbo | Search: Disney Pin",1,Buy it Now,80,0-1 oz,TRUE,Not Hazmat,Used,,2617-2,https://i.ibb.co/0pBT3T1G/IMG-2617-pin-2.jpg,,,,,,,
Disneyana,Disney Pins,2024 Disney Cruise Line DCL Peter Pan Uncharted Adventure,"Please rely on the photo, rather than the description. 2024 Disney Cruise Line DCL Peter Pan Uncharted Adventure | Search: Peter Pan, Disney Pin",1,Buy it Now,13,0-1 oz,TRUE,Not Hazmat,Used,,2617-3,https://i.ibb.co/WWXKFqH3/IMG-2617-pin-3.jpg,,,,,,,
Disneyana,Disney Pins,Disney Parks Princess Portrait Silver Frame Moana Profile Oe,"Please rely on the photo, rather than the description. Disney Parks Princess Portrait Silver Frame Moana Profile Oe | Search: Moana, Disney Pin",1,Buy it Now,17,0-1 oz,TRUE,Not Hazmat,Used,,2617-4,https://i.ibb.co/yFDMHSVX/IMG-2617-pin-4.jpg,,,,,,,
Disneyana,Disney Pins,Forgotten Attractions Mr. Toad's Wild Ride Character Mug Mr. Toad,"Please rely on the photo, rather than the description. Forgotten Attractions Mr. Toad's Wild Ride Character Mug Mr. Toad | Search: Disney Pin",1,Buy it Now,12,0-1 oz,TRUE,Not Hazmat,Used,,2617-5,https://i.ibb.co/4RKWwbwr/IMG-2617-pin-5.jpg,,,,,,,
Disneyana,Disney Pins,Aladdin Genie's Magic Lamp Gold Member Mystery Antique Gold 2024,"Please rely on the photo, rather than the description. Aladdin Genie's Magic Lamp Gold Member Mystery Antique Gold 2024 | Search: Aladdin, Disney Pin",1,Buy it Now,15,0-1 oz,TRUE,Not Hazmat,Used,,2617-6,https://i.ibb.co/chdxBDFB/IMG-2617-pin-6.jpg,,,,,,,
Disneyana,Disney Pins,DEC Part of Magic Wreck It Ralph Vanellope Sweatshirt Hoodie LE 250,"Please rely on the photo, rather than the description. DEC Part of Magic Wreck It Ralph Vanellope Sweatshirt Hoodie LE 250 | Search: Disney Pin",1,Buy it Now,35,0-1 oz,TRUE,Not Hazmat,Used,,2618-10,https://i.ibb.co/dJ6nPxyD/IMG-2618-pin-10.jpg,,,,,,,
Disneyana,Disney Pins,Employee DEC Character Name Series LE 250 Vanellope Wreck It Ralph,"Please rely on the photo, rather than the description. Employee DEC Character Name Series LE 250 Vanellope Wreck It Ralph | Search: Disney Pin",1,Buy it Now,110,0-1 oz,TRUE,Not Hazmat,Used,,2618-11,https://i.ibb.co/TMRSmXWR/IMG-2618-pin-11.jpg,,,,,,,
Disneyana,Disney Pins,Disney Parks EPCOT World Showcase Italy La Vita Bella with Card,"Please rely on the photo, rather than the description. Disney Parks EPCOT World Showcase Italy La Vita Bella with Card | Search: Disney Pin",1,Buy it Now,22,0-1 oz,TRUE,Not Hazmat,Used,,2618-1,https://i.ibb.co/MDMC711F/IMG-2618-pin-1.jpg,,,,,,,
Disneyana,Disney Pins,The Nightmare Before Christmas Lock Shock and Barrel,"Please rely on the photo, rather than the description. The Nightmare Before Christmas Lock Shock and Barrel | Search: Disney Pin",1,Buy it Now,18,0-1 oz,TRUE,Not Hazmat,Used,,2618-2,https://i.ibb.co/99FGQ6js/IMG-2618-pin-2.jpg,,,,,,,
Disneyana,Disney Pins,Disney Cruise Line Fantasy Dumbo & Timothy Mouse Painting on Card,"Please rely on the photo, rather than the description. Disney Cruise Line Fantasy Dumbo & Timothy Mouse Painting on Card | Search: Dumbo, Disney Pin",1,Buy it Now,16,0-1 oz,TRUE,Not Hazmat,Used,,2618-3,https://i.ibb.co/twVn8T9r/IMG-2618-pin-3.jpg,,,,,,,
Disneyana,Disney Pins,2026 Disney Parks Magical Theater Series Aladdin Genie LE 4500,"Please rely on the photo, rather than the description. 2026 Disney Parks Magical Theater Series Aladdin Genie LE 4500 | Search: Aladdin, Disney Pin",1,Buy it Now,50,0-1 oz,TRUE,Not Hazmat,Used,,2618-4,https://i.ibb.co/pjxLmTY7/IMG-2618-pin-4.jpg,,,,,,,
Disneyana,Disney Pins,2025 25th Anniversary Mickey Pin-Tacular,"Please rely on the photo, rather than the description. 2025 25th Anniversary Mickey Pin-Tacular | Search: Disney Pin",1,Buy it Now,20,0-1 oz,TRUE,Not Hazmat,Used,,2618-6,https://i.ibb.co/6R4T7RpX/IMG-2618-pin-6.jpg,,,,,,,
Disneyana,Disney Pins,2025 Disney Parks 25th Anniversary Minnie Mouse Pin-Nerific,"Please rely on the photo, rather than the description. 2025 Disney Parks 25th Anniversary Minnie Mouse Pin-Nerific | Search: Disney Pin",1,Buy it Now,30,0-1 oz,TRUE,Not Hazmat,Used,,2618-7,https://i.ibb.co/RkpLcQVp/IMG-2618-pin-7.jpg,,,,,,,
Disneyana,Disney Pins,Disney Parks Big Hero 6 Fred,"Please rely on the photo, rather than the description. Disney Parks Big Hero 6 Fred | Search: Disney Pin",1,Buy it Now,9,0-1 oz,TRUE,Not Hazmat,Used,,2618-8,https://i.ibb.co/V0JGWvck/IMG-2618-pin-8.jpg,,,,,,,
Disneyana,Disney Pins,WDI Gift Tag Ornament 2015 Jack Skellington Nightmare Before Christmas,"Please rely on the photo, rather than the description. WDI Gift Tag Ornament 2015 Jack Skellington Nightmare Before Christmas | Search: Nightmare Before Christmas, Disney Pin",1,Buy it Now,150,0-1 oz,TRUE,Not Hazmat,Used,,2618-9,https://i.ibb.co/mrzyd44J/IMG-2618-pin-9.jpg,,,,,,,
Disneyana,Disney Pins,2025 Mickey's Not So Scary Halloween Party Mystery Cauldron Pluto,"Please rely on the photo, rather than the description. 2025 Mickey's Not So Scary Halloween Party Mystery Cauldron Pluto | Search: The Lion King, Disney Pin",1,Buy it Now,24,0-1 oz,TRUE,Not Hazmat,Used,,2619-10,https://i.ibb.co/HD7MspXG/IMG-2619-pin-10.jpg,,,,,,,
Disneyana,Disney Pins,2024 Stitch Ice Cream Cone Dripping from His Head Stitchs Snack Attack Mys,"Please rely on the photo, rather than the description. 2024 Stitch Ice Cream Cone Dripping from His Head Stitchs Snack Attack Mys | Search: Lilo & Stitch, Disney Pin",1,Buy it Now,9,0-1 oz,TRUE,Not Hazmat,Used,,2619-11,https://i.ibb.co/gL5Lk4B1/IMG-2619-pin-11.jpg,,,,,,,
Disneyana,Disney Pins,Halloween Boo-Nanza Lonesome Ghosts Short 2025 LE Event,"Please rely on the photo, rather than the description. Halloween Boo-Nanza Lonesome Ghosts Short 2025 LE Event | Search: Monsters Inc, Disney Pin",1,Buy it Now,100,0-1 oz,TRUE,Not Hazmat,Used,,2619-12,https://i.ibb.co/VYZqzh0M/IMG-2619-pin-12.jpg,,,,,,,
Disneyana,Disney Pins,Loungefly Princess Tea Party Tiana Ray Chair Mystery,"Please rely on the photo, rather than the description. Loungefly Princess Tea Party Tiana Ray Chair Mystery | Search: The Princess and the Frog, Disney Pin",1,Buy it Now,15,0-1 oz,TRUE,Not Hazmat,Used,,2619-14,https://i.ibb.co/JFt8p0FL/IMG-2619-pin-14.jpg,,,,,,,
Disneyana,Disney Pins,Disney Parks 2025 Character Trash Bins Cans Mystery Pins WDW Various,"Please rely on the photo, rather than the description. Disney Parks 2025 Character Trash Bins Cans Mystery Pins WDW Various | Search: Disney Pin",1,Buy it Now,21,0-1 oz,TRUE,Not Hazmat,Used,,2619-15,https://i.ibb.co/9k3wWbd0/IMG-2619-pin-15.jpg,,,,,,,
Disneyana,Disney Pins,Pluto 95th Anniversary Head Dangle LE 3000 2025,"Please rely on the photo, rather than the description. Pluto 95th Anniversary Head Dangle LE 3000 2025 | Search: Disney Pin",1,Buy it Now,25,0-1 oz,TRUE,Not Hazmat,Used,,2619-16,https://i.ibb.co/GQCfXZ7Z/IMG-2619-pin-16.jpg,,,,,,,
Disneyana,Disney Pins,Disney Parks Popsicle Mystery Pluto,"Please rely on the photo, rather than the description. Disney Parks Popsicle Mystery Pluto | Search: Disney Pin",1,Buy it Now,9,0-1 oz,TRUE,Not Hazmat,Used,,2619-17,https://i.ibb.co/KjkcmFHG/IMG-2619-pin-17.jpg,,,,,,,
Disneyana,Disney Pins,Pluto Dapper Dan 2024 Series Main Street Usa Magic Kingdom WDW,"Please rely on the photo, rather than the description. Pluto Dapper Dan 2024 Series Main Street Usa Magic Kingdom WDW | Search: Disney Pin",1,Buy it Now,8,0-1 oz,TRUE,Not Hazmat,Used,,2619-18,https://i.ibb.co/S7dQThyK/IMG-2619-pin-18.jpg,,,,,,,
Disneyana,Disney Pins,2025 Pluto International Food and Wine Festival,"Please rely on the photo, rather than the description. 2025 Pluto International Food and Wine Festival | Search: Disney Pin",1,Buy it Now,14,0-1 oz,TRUE,Not Hazmat,Used,,2619-19,https://i.ibb.co/HDV4M9qW/IMG-2619-pin-19.jpg,,,,,,,
Disneyana,Disney Pins,2026 Disney Parks Best Day Ever Mystery Box Pluto with Balloons,"Please rely on the photo, rather than the description. 2026 Disney Parks Best Day Ever Mystery Box Pluto with Balloons | Search: WALL-E, Disney Pin",1,Buy it Now,24,0-1 oz,TRUE,Not Hazmat,Used,,2619-1,https://i.ibb.co/8gM8kCx5/IMG-2619-pin-1.jpg,,,,,,,
Disneyana,Disney Pins,Wreck It Ralph Suger Rush Racer Mystery Gloyd Orangboar,"Please rely on the photo, rather than the description. Wreck It Ralph Suger Rush Racer Mystery Gloyd Orangboar | Search: Disney Pin",1,Buy it Now,12,0-1 oz,TRUE,Not Hazmat,Used,,2619-21,https://i.ibb.co/MkM0nB0k/IMG-2619-pin-21.jpg,,,,,,,
Disneyana,Disney Pins,Pluto's Pumpkin Pursuit 2025 Limited Edition LE 5000,"Please rely on the photo, rather than the description. Pluto's Pumpkin Pursuit 2025 Limited Edition LE 5000 | Search: Disney Pin",1,Buy it Now,35,0-1 oz,TRUE,Not Hazmat,Used,,2619-23,https://i.ibb.co/mfYk96w/IMG-2619-pin-23.jpg,,,,,,,
Disneyana,Disney Pins,2025 Wave B WDW Hidden Disney Pluto Bubble Wand,"Please rely on the photo, rather than the description. 2025 Wave B WDW Hidden Disney Pluto Bubble Wand | Search: Disney Pin",1,Buy it Now,10,0-1 oz,TRUE,Not Hazmat,Used,,2619-26,https://i.ibb.co/R4Ty1YW8/IMG-2619-pin-26.jpg,,,,,,,
Disneyana,Disney Pins,PALM Villains Black and Gold Series Lion King Scar LE 200,"Please rely on the photo, rather than the description. PALM Villains Black and Gold Series Lion King Scar LE 200 | Search: The Lion King, Disney Pin",1,Buy it Now,25,0-1 oz,TRUE,Not Hazmat,Used,,2619-27,https://i.ibb.co/sphsxyNb/IMG-2619-pin-27.jpg,,,,,,,
Disneyana,Disney Pins,Pluto Bones 2024,"Please rely on the photo, rather than the description. Pluto Bones 2024 | Search: Disney Pin",1,Buy it Now,16,0-1 oz,TRUE,Not Hazmat,Used,,2619-28,https://i.ibb.co/WNpYbgLM/IMG-2619-pin-28.jpg,,,,,,,
Disneyana,Disney Pins,2025 EPCOT Center Pavilion Symbol Nemo Mystery Box Finding Nemo,"Please rely on the photo, rather than the description. 2025 EPCOT Center Pavilion Symbol Nemo Mystery Box Finding Nemo | Search: Finding Nemo, Disney Pin",1,Buy it Now,20,0-1 oz,TRUE,Not Hazmat,Used,,2619-29,https://i.ibb.co/Y936px0/IMG-2619-pin-29.jpg,,,,,,,
Disneyana,Disney Pins,2025 Pluto with Suitcase,"Please rely on the photo, rather than the description. 2025 Pluto with Suitcase | Search: Disney Pin",1,Buy it Now,10,0-1 oz,TRUE,Not Hazmat,Used,,2619-2,https://i.ibb.co/0yJFD4tN/IMG-2619-pin-2.jpg,,,,,,,
Disneyana,Disney Pins,2000 Year Character O Mini,"Please rely on the photo, rather than the description. 2000 Year Character O Mini | Search: Disney Pin",1,Buy it Now,39,0-1 oz,TRUE,Not Hazmat,Used,,2619-30,https://i.ibb.co/7HH7Wc6/IMG-2619-pin-30.jpg,,,,,,,
Disneyana,Disney Pins,Disney Parks 2025 Mini Mixits Mix its Mystery Pluto Haunted Mansion Hat,"Please rely on the photo, rather than the description. Disney Parks 2025 Mini Mixits Mix its Mystery Pluto Haunted Mansion Hat | Search: Disney Pin",1,Buy it Now,20,0-1 oz,TRUE,Not Hazmat,Used,,2619-3,https://i.ibb.co/qMWpzYB4/IMG-2619-pin-3.jpg,,,,,,,
Disneyana,Disney Pins,Disneysea Raging Spirits Pass Mickey Badge Set,"Please rely on the photo, rather than the description. Disneysea Raging Spirits Pass Mickey Badge Set | Search: Disney Pin",1,Buy it Now,30,0-1 oz,TRUE,Not Hazmat,Used,,2619-4,https://i.ibb.co/ym8zf3K6/IMG-2619-pin-4.jpg,,,,,,,
Disneyana,Disney Pins,25 Years of 2025 Mystery Pluto,"Please rely on the photo, rather than the description. 25 Years of 2025 Mystery Pluto | Search: Disney Pin",1,Buy it Now,30,0-1 oz,TRUE,Not Hazmat,Used,,2619-5,https://i.ibb.co/twhvRqrr/IMG-2619-pin-5.jpg,,,,,,,
Disneyana,Disney Pins,Genie 2024 Aladdin Year Booster,"Please rely on the photo, rather than the description. Genie 2024 Aladdin Year Booster | Search: Aladdin, Disney Pin",1,Buy it Now,13,0-1 oz,TRUE,Not Hazmat,Used,,2619-8,https://i.ibb.co/CK7rbk8S/IMG-2619-pin-8.jpg,,,,,,,
Disneyana,Disney Pins,Mickey Mouse Club Mystery 2024 Pluto on Drum,"Please rely on the photo, rather than the description. Mickey Mouse Club Mystery 2024 Pluto on Drum | Search: Disney Pin",1,Buy it Now,9,0-1 oz,TRUE,Not Hazmat,Used,,2619-9,https://i.ibb.co/Jjwd4qxb/IMG-2619-pin-9.jpg,,,,,,,
Disneyana,Disney Pins,2025 Disney Parks Mickey's Very Merry Christmas Mystery Toy Soldier a & Box,"Please rely on the photo, rather than the description. 2025 Disney Parks Mickey's Very Merry Christmas Mystery Toy Soldier a & Box | Search: Disney Pin",1,Buy it Now,23,0-1 oz,TRUE,Not Hazmat,Used,,2620-10,https://i.ibb.co/PpvZ5Mb/IMG-2620-pin-10.jpg,,,,,,,
Disneyana,Disney Pins,"2025 EPCOT Food & Wine Festival Muppets Lab, Beaker & Dr. Honeydew","Please rely on the photo, rather than the description. 2025 EPCOT Food & Wine Festival Muppets Lab, Beaker & Dr. Honeydew | Search: Disney Pin",1,Buy it Now,28,0-1 oz,TRUE,Not Hazmat,Used,,2620-11,https://i.ibb.co/sp1H74BL/IMG-2620-pin-11.jpg,,,,,,,
Disneyana,Disney Pins,2025 Disney Parks Nightmare Before Christmas Pins NBC -You Choose,"Please rely on the photo, rather than the description. 2025 Disney Parks Nightmare Before Christmas Pins NBC -You Choose | Search: Disney Pin",1,Buy it Now,22,0-1 oz,TRUE,Not Hazmat,Used,,2620-12,https://i.ibb.co/MyzgPZB9/IMG-2620-pin-12.jpg,,,,,,,
Disneyana,Disney Pins,Star Wars Ahsoka Tano Jedi 2025 from Disney Parks Starter,"Please rely on the photo, rather than the description. Star Wars Ahsoka Tano Jedi 2025 from Disney Parks Starter | Search: Disney Pin",1,Buy it Now,30,0-1 oz,TRUE,Not Hazmat,Used,,2620-13,https://i.ibb.co/NRLhxSm/IMG-2620-pin-13.jpg,,,,,,,
Disneyana,Disney Pins,Cast Member Hidden 2020 Marvel Avengers Hulk Release,"Please rely on the photo, rather than the description. Cast Member Hidden 2020 Marvel Avengers Hulk Release | Search: Disney Pin",1,Buy it Now,13,0-1 oz,TRUE,Not Hazmat,Used,,2620-14,https://i.ibb.co/DjBp96K/IMG-2620-pin-14.jpg,,,,,,,
Disneyana,Disney Pins,Han Solo I Know Han and Leia Valentines 2016 Star Wars,"Please rely on the photo, rather than the description. Han Solo I Know Han and Leia Valentines 2016 Star Wars | Search: Star Wars, Disney Pin",1,Buy it Now,14,0-1 oz,TRUE,Not Hazmat,Used,,2620-19,https://i.ibb.co/5h5VxxTP/IMG-2620-pin-19.jpg,,,,,,,
Disneyana,Disney Pins,Disneyland Halloween 2025 Rundisney Marathon Yoga Queen of Hearts,"Please rely on the photo, rather than the description. Disneyland Halloween 2025 Rundisney Marathon Yoga Queen of Hearts | Search: Alice in Wonderland, Disney Pin",1,Buy it Now,35,0-1 oz,TRUE,Not Hazmat,Used,,2620-20,https://i.ibb.co/KxxrMQJY/IMG-2620-pin-20.jpg,,,,,,,
Disneyana,Disney Pins,Spider Man Marvel Unified Characters 100 Avengers Rectangle,"Please rely on the photo, rather than the description. Spider Man Marvel Unified Characters 100 Avengers Rectangle | Search: Disney Pin",1,Buy it Now,15,0-1 oz,TRUE,Not Hazmat,Used,,2620-21,https://i.ibb.co/BVrqDm04/IMG-2620-pin-21.jpg,,,,,,,
Disneyana,Disney Pins,Stitch Frosted Blueberry Loaf Munchlings Lilo & Stitch Mystery,"Please rely on the photo, rather than the description. Stitch Frosted Blueberry Loaf Munchlings Lilo & Stitch Mystery | Search: Lilo & Stitch, Disney Pin",1,Buy it Now,20,0-1 oz,TRUE,Not Hazmat,Used,,2620-22,https://i.ibb.co/zTJmTnRB/IMG-2620-pin-22.jpg,,,,,,,
Disneyana,Disney Pins,PALM LE 200 Fear Inside Out 2 Tiny Mini Micro Mystery Pink a La Mode,"Please rely on the photo, rather than the description. PALM LE 200 Fear Inside Out 2 Tiny Mini Micro Mystery Pink a La Mode | Search: Inside Out, Disney Pin",1,Buy it Now,40,0-1 oz,TRUE,Not Hazmat,Used,,2620-24,https://i.ibb.co/fYK5WFKs/IMG-2620-pin-24.jpg,,,,,,,
Disneyana,Disney Pins,Disney Parks 25th Anniversary Stitch W/ Board Oe,"Please rely on the photo, rather than the description. Disney Parks 25th Anniversary Stitch W/ Board Oe | Search: Lilo & Stitch, Disney Pin",1,Buy it Now,20,0-1 oz,TRUE,Not Hazmat,Used,,2620-2,https://i.ibb.co/ZR5gcxRm/IMG-2620-pin-2.jpg,,,,,,,
Disneyana,Disney Pins,100 Years Woody LE 300 Pink Al a Mode,"Please rely on the photo, rather than the description. 100 Years Woody LE 300 Pink Al a Mode | Search: Toy Story, Disney Pin",1,Buy it Now,55,0-1 oz,TRUE,Not Hazmat,Used,,2620-3,https://i.ibb.co/rR4f52L9/IMG-2620-pin-3.jpg,,,,,,,
Disneyana,Disney Pins,MOG WDI Mickeys of Glendale Maps the Jungle Book Kaa LE,"Please rely on the photo, rather than the description. MOG WDI Mickeys of Glendale Maps the Jungle Book Kaa LE | Search: Monsters Inc, Disney Pin",1,Buy it Now,40,0-1 oz,TRUE,Not Hazmat,Used,,2620-4,https://i.ibb.co/sBN1sgF/IMG-2620-pin-4.jpg,,,,,,,
Disneyana,Disney Pins,Loungefly Princess Bows 2025 Series Mulan,"Please rely on the photo, rather than the description. Loungefly Princess Bows 2025 Series Mulan | Search: Mulan, Disney Pin",1,Buy it Now,19,0-1 oz,TRUE,Not Hazmat,Used,,2620-5,https://i.ibb.co/k26bmFcV/IMG-2620-pin-5.jpg,,,,,,,
Disneyana,Disney Pins,DLR Constance Bride Haunted Mansion Attraction Map Puzzle 2025,"Please rely on the photo, rather than the description. DLR Constance Bride Haunted Mansion Attraction Map Puzzle 2025 | Search: Disney Pin",1,Buy it Now,150,0-1 oz,TRUE,Not Hazmat,Used,,2620-6,https://i.ibb.co/whtKSBtw/IMG-2620-pin-6.jpg,,,,,,,
Disneyana,Disney Pins,Around the World- Presidents' Day 2004 **dwp008**,"Please rely on the photo, rather than the description. Around the World- Presidents' Day 2004 **dwp008** | Search: Disney Pin",1,Buy it Now,9,0-1 oz,TRUE,Not Hazmat,Used,,2620-7,https://i.ibb.co/1GSTTMg4/IMG-2620-pin-7.jpg,,,,,,,
Disneyana,Disney Pins,Lilo & Stitch Photography Mystery Record Player,"Please rely on the photo, rather than the description. Lilo & Stitch Photography Mystery Record Player | Search: Lilo & Stitch, Disney Pin",1,Buy it Now,12,0-1 oz,TRUE,Not Hazmat,Used,,2620-8,https://i.ibb.co/VcHRtKNs/IMG-2620-pin-8.jpg,,,,,,,
Disneyana,Disney Pins,Pins Captain Marvel Carol Danvers,"Please rely on the photo, rather than the description. Pins Captain Marvel Carol Danvers | Search: Disney Pin",1,Buy it Now,15,0-1 oz,TRUE,Not Hazmat,Used,,2620-9,https://i.ibb.co/R8y9xWn/IMG-2620-pin-9.jpg,,,,,,,
Disneyana,Disney Pins,Loungefly Princess Jasmine Aladdin Mystery Box,"Please rely on the photo, rather than the description. Loungefly Princess Jasmine Aladdin Mystery Box | Search: Aladdin, Disney Pin",1,Buy it Now,19,0-1 oz,TRUE,Not Hazmat,Used,,2621-10,https://i.ibb.co/PvygfWSW/IMG-2621-pin-10.jpg,,,,,,,
Disneyana,Disney Pins,HKDL 2025 Lunar Chinese Year Mystery Duffy & Friends Shelliemay,"Please rely on the photo, rather than the description. HKDL 2025 Lunar Chinese Year Mystery Duffy & Friends Shelliemay | Search: Disney Pin",1,Buy it Now,20,0-1 oz,TRUE,Not Hazmat,Used,,2621-11,https://i.ibb.co/V0YhPKXS/IMG-2621-pin-11.jpg,,,,,,,
Disneyana,Disney Pins,2015 HKDL Hong Kong Photopass Collection Minnie Mouse,"Please rely on the photo, rather than the description. 2015 HKDL Hong Kong Photopass Collection Minnie Mouse | Search: Disney Pin",1,Buy it Now,30,0-1 oz,TRUE,Not Hazmat,Used,,2621-12,https://i.ibb.co/ksqPh9QJ/IMG-2621-pin-12.jpg,,,,,,,
Disneyana,Disney Pins,Figpin Mystery Mini Lilo & Stitch Series 2 Experiment #627 Common Glitter,"Please rely on the photo, rather than the description. Figpin Mystery Mini Lilo & Stitch Series 2 Experiment #627 Common Glitter | Search: Lilo & Stitch, Disney Pin",1,Buy it Now,23,0-1 oz,TRUE,Not Hazmat,Used,,2621-14,https://i.ibb.co/kCm8XJS/IMG-2621-pin-14.jpg,,,,,,,
Disneyana,Disney Pins,Princess Jasmine Aladdin Folding Fan Dangle Mystery Box Lunch,"Please rely on the photo, rather than the description. Princess Jasmine Aladdin Folding Fan Dangle Mystery Box Lunch | Search: Aladdin, Disney Pin",1,Buy it Now,20,0-1 oz,TRUE,Not Hazmat,Used,,2621-16,https://i.ibb.co/y7Zp6qc/IMG-2621-pin-16.jpg,,,,,,,
Disneyana,Disney Pins,Disney Parks EPCOT World Showcase Italy La Vita E Bella Mickey 2024,"Please rely on the photo, rather than the description. Disney Parks EPCOT World Showcase Italy La Vita E Bella Mickey 2024 | Search: Disney Pin",1,Buy it Now,15,0-1 oz,TRUE,Not Hazmat,Used,,2621-1,https://i.ibb.co/LDgQPgGY/IMG-2621-pin-1.jpg,,,,,,,
Disneyana,Disney Pins,DLR Haunted Mansion Holliday NBC Stretching Portrait LE 3600 Scary Teddy,"Please rely on the photo, rather than the description. DLR Haunted Mansion Holliday NBC Stretching Portrait LE 3600 Scary Teddy | Search: The Lion King, Disney Pin",1,Buy it Now,25,0-1 oz,TRUE,Not Hazmat,Used,,2621-2,https://i.ibb.co/Kpzd2XbS/IMG-2621-pin-2.jpg,,,,,,,
Disneyana,Disney Pins,HKDL Hong Kong Graduation Cap Hat Tassle Ballerina Dance Stella Lou,"Please rely on the photo, rather than the description. HKDL Hong Kong Graduation Cap Hat Tassle Ballerina Dance Stella Lou | Search: Disney Pin",1,Buy it Now,35,0-1 oz,TRUE,Not Hazmat,Used,,2621-3,https://i.ibb.co/yMX6L9d/IMG-2621-pin-3.jpg,,,,,,,
Disneyana,Disney Pins,^new on Card Disney World Park Icons 2025 Hollywood Studios Tower of Terror,"Please rely on the photo, rather than the description. ^new on Card Disney World Park Icons 2025 Hollywood Studios Tower of Terror | Search: Disney Pin",1,Buy it Now,18,0-1 oz,TRUE,Not Hazmat,Used,,2621-4,https://i.ibb.co/Ld79Jgps/IMG-2621-pin-4.jpg,,,,,,,
Disneyana,Disney Pins,Booster Violetta Channel Disneyland Paris DLP Dlrp,"Please rely on the photo, rather than the description. Booster Violetta Channel Disneyland Paris DLP Dlrp | Search: The Incredibles, Disney Pin",1,Buy it Now,35,0-1 oz,TRUE,Not Hazmat,Used,,2621-5,https://i.ibb.co/Xrcch0XV/IMG-2621-pin-5.jpg,,,,,,,
Disneyana,Disney Pins,Boxlunch Exclusive Pinocchio Figaro & Cleo Cat Hanging Plant Dangle,"Please rely on the photo, rather than the description. Boxlunch Exclusive Pinocchio Figaro & Cleo Cat Hanging Plant Dangle | Search: Pinocchio, Disney Pin",1,Buy it Now,25,0-1 oz,TRUE,Not Hazmat,Used,,2621-6,https://i.ibb.co/Hpk6pkdm/IMG-2621-pin-6.jpg,,,,,,,
Disneyana,Disney Pins,Mystery Bag 2026 Disney Parks Ice Cream Popsicle Series 2,"Please rely on the photo, rather than the description. Mystery Bag 2026 Disney Parks Ice Cream Popsicle Series 2 | Search: Disney Pin",1,Buy it Now,17,0-1 oz,TRUE,Not Hazmat,Used,,2621-7,https://i.ibb.co/sJpgRR8J/IMG-2621-pin-7.jpg,,,,,,,
Disneyana,Disney Pins,2021 Destination Marvel Loki Alligator Day,"Please rely on the photo, rather than the description. 2021 Destination Marvel Loki Alligator Day | Search: Disney Pin",1,Buy it Now,26,0-1 oz,TRUE,Not Hazmat,Used,,2621-8,https://i.ibb.co/gLWnJpVw/IMG-2621-pin-8.jpg,,,,,,,
Disneyana,Disney Pins,Disneyland Paris DLP Mickey Mouse Music Festival,"Please rely on the photo, rather than the description. Disneyland Paris DLP Mickey Mouse Music Festival | Search: Disney Pin",1,Buy it Now,25,0-1 oz,TRUE,Not Hazmat,Used,,2621-9,https://i.ibb.co/vCRh67px/IMG-2621-pin-9.jpg,,,,,,,
Disneyana,Disney Pins,Pixar Party 2016 John Ratzenberger Mystery Set a Bugs Life P.t. Flea,"Please rely on the photo, rather than the description. Pixar Party 2016 John Ratzenberger Mystery Set a Bugs Life P.t. Flea | Search: Disney Pin",1,Buy it Now,15,0-1 oz,TRUE,Not Hazmat,Used,,2622-2,https://i.ibb.co/v6KQCSnM/IMG-2622-pin-2.jpg,,,,,,,
Disneyana,Disney Pins,Disneyland Paris DLP I See You! LE 425 Hades from Hercules,"Please rely on the photo, rather than the description. Disneyland Paris DLP I See You! LE 425 Hades from Hercules | Search: Hercules, Disney Pin",1,Buy it Now,53,0-1 oz,TRUE,Not Hazmat,Used,,2622-3,https://i.ibb.co/rf3Gp38q/IMG-2622-pin-3.jpg,,,,,,,
Disneyana,Disney Pins,Shere Khan Jungle Book Villains Mickey Head Mystery,"Please rely on the photo, rather than the description. Shere Khan Jungle Book Villains Mickey Head Mystery | Search: The Jungle Book, Disney Pin",1,Buy it Now,29,0-1 oz,TRUE,Not Hazmat,Used,,2622-4,https://i.ibb.co/HTsPhSMq/IMG-2622-pin-4.jpg,,,,,,,
Disneyana,Disney Pins,Lilo and Stitch Snack Attack Limited Edition Pins 2/12,"Please rely on the photo, rather than the description. Lilo and Stitch Snack Attack Limited Edition Pins 2/12 | Search: Lilo & Stitch, Disney Pin",1,Buy it Now,50,0-1 oz,TRUE,Not Hazmat,Used,,2622-6,https://i.ibb.co/CpCKDGrw/IMG-2622-pin-6.jpg,,,,,,,
Disneyana,Disney Pins,2025 Gold Member Exclusive Turning Red Red Panda Mei,"Please rely on the photo, rather than the description. 2025 Gold Member Exclusive Turning Red Red Panda Mei | Search: Disney Pin",1,Buy it Now,22,0-1 oz,TRUE,Not Hazmat,Used,,2623-10,https://i.ibb.co/PzjDx6QK/IMG-2623-pin-10.jpg,,,,,,,
Disneyana,Disney Pins,DLR Disneyland 60th Diamond Decades LE 3000 Opening Day,"Please rely on the photo, rather than the description. DLR Disneyland 60th Diamond Decades LE 3000 Opening Day | Search: Disney Pin",1,Buy it Now,40,0-1 oz,TRUE,Not Hazmat,Used,,2623-11,https://i.ibb.co/Xr8497q9/IMG-2623-pin-11.jpg,,,,,,,
Disneyana,Disney Pins,Fan Club 2025 Gold Member Exclusive Lion King Simba,"Please rely on the photo, rather than the description. Fan Club 2025 Gold Member Exclusive Lion King Simba | Search: The Lion King, Disney Pin",1,Buy it Now,18,0-1 oz,TRUE,Not Hazmat,Used,,2623-12,https://i.ibb.co/V0PgQNLv/IMG-2623-pin-12.jpg,,,,,,,
Disneyana,Disney Pins,2020 Gingerbread Collection Board Walk Mickey Limited with Card,"Please rely on the photo, rather than the description. 2020 Gingerbread Collection Board Walk Mickey Limited with Card | Search: Disney Pin",1,Buy it Now,9,0-1 oz,TRUE,Not Hazmat,Used,,2623-14,https://i.ibb.co/FqyVkYX5/IMG-2623-pin-14.jpg,,,,,,,
Disneyana,Disney Pins,DCL Disney Cruise Line Captain Minnie Mouse Wheel,"Please rely on the photo, rather than the description. DCL Disney Cruise Line Captain Minnie Mouse Wheel | Search: Disney Pin",1,Buy it Now,30,0-1 oz,TRUE,Not Hazmat,Used,,2623-1,https://i.ibb.co/PZNCg0mt/IMG-2623-pin-1.jpg,,,,,,,
Disneyana,Disney Pins,Disney Cruise Line DCL Wish Wishing Star Light Atrium Chandelier,"Please rely on the photo, rather than the description. Disney Cruise Line DCL Wish Wishing Star Light Atrium Chandelier | Search: Star Wars, Disney Pin",1,Buy it Now,26,0-1 oz,TRUE,Not Hazmat,Used,,2623-2,https://i.ibb.co/V0FQBCC7/IMG-2623-pin-2.jpg,,,,,,,
Disneyana,Disney Pins,Disney Parks Princess Portrait Silver Frame Jasmine Profile Oe on Card,"Please rely on the photo, rather than the description. Disney Parks Princess Portrait Silver Frame Jasmine Profile Oe on Card | Search: Aladdin, Disney Pin",1,Buy it Now,17,0-1 oz,TRUE,Not Hazmat,Used,,2623-3,https://i.ibb.co/rGcbgPr2/IMG-2623-pin-3.jpg,,,,,,,
Disneyana,Disney Pins,2025 Park Mysterious Monuments Hades God of the Underworld LE,"Please rely on the photo, rather than the description. 2025 Park Mysterious Monuments Hades God of the Underworld LE | Search: Hercules, Disney Pin",1,Buy it Now,30,0-1 oz,TRUE,Not Hazmat,Used,,2623-4,https://i.ibb.co/HTqn2Z3y/IMG-2623-pin-4.jpg,,,,,,,
Disneyana,Disney Pins,Fred Dragon Big Hero 6 Slider 2024,"Please rely on the photo, rather than the description. Fred Dragon Big Hero 6 Slider 2024 | Search: Disney Pin",1,Buy it Now,14,0-1 oz,TRUE,Not Hazmat,Used,,2623-5,https://i.ibb.co/d0sHS4hV/IMG-2623-pin-5.jpg,,,,,,,
Disneyana,Disney Pins,2026 Disney Parks Magical Theater Series Aladdin Genie LE 4500,"Please rely on the photo, rather than the description. 2026 Disney Parks Magical Theater Series Aladdin Genie LE 4500 | Search: Aladdin, Disney Pin",1,Buy it Now,50,0-1 oz,TRUE,Not Hazmat,Used,,2623-6,https://i.ibb.co/4ZTD8Kfj/IMG-2623-pin-6.jpg,,,,,,,
Disneyana,Disney Pins,PALM Princess Moments Mystery Aurora Sleeping Beauty LE 200,"Please rely on the photo, rather than the description. PALM Princess Moments Mystery Aurora Sleeping Beauty LE 200 | Search: Sleeping Beauty, Disney Pin",1,Buy it Now,32,0-1 oz,TRUE,Not Hazmat,Used,,2623-7,https://i.ibb.co/cXNzFcdP/IMG-2623-pin-7.jpg,,,,,,,
Disneyana,Disney Pins,Fan Club 2025 Gold Member Exclusive Joy Inside Out,"Please rely on the photo, rather than the description. Fan Club 2025 Gold Member Exclusive Joy Inside Out | Search: Inside Out, Disney Pin",1,Buy it Now,19,0-1 oz,TRUE,Not Hazmat,Used,,2623-8,https://i.ibb.co/HDcXcXxw/IMG-2623-pin-8.jpg,,,,,,,
Disneyana,Disney Pins,Fan Club 2025 Gold Member Exclusive Lumiere Candlestick,"Please rely on the photo, rather than the description. Fan Club 2025 Gold Member Exclusive Lumiere Candlestick | Search: Beauty and the Beast, Disney Pin",1,Buy it Now,12,0-1 oz,TRUE,Not Hazmat,Used,,2623-9,https://i.ibb.co/nsRDvKb9/IMG-2623-pin-9.jpg,,,,,,,
Disneyana,Disney Pins,2020 Disney Parks Star Wars Empire Strikes Back 40th Chewbacca & C-3PO LE,"Please rely on the photo, rather than the description. 2020 Disney Parks Star Wars Empire Strikes Back 40th Chewbacca & C-3PO LE | Search: Star Wars, Disney Pin",1,Buy it Now,18,0-1 oz,TRUE,Not Hazmat,Used,,2624-1,https://i.ibb.co/r2HPM7ff/IMG-2624-pin-1.jpg,,,,,,,
Disneyana,Disney Pins,One Family HKDL Mystic Manor Lord Mystic & Albert,"Please rely on the photo, rather than the description. One Family HKDL Mystic Manor Lord Mystic & Albert | Search: Disney Pin",1,Buy it Now,27,0-1 oz,TRUE,Not Hazmat,Used,,2624-2,https://i.ibb.co/pBpYW6X6/IMG-2624-pin-2.jpg,,,,,,,
Disneyana,Disney Pins,Hong Kong Stella Lou a Friend of Duffy Ribbon Dangle on Card,"Please rely on the photo, rather than the description. Hong Kong Stella Lou a Friend of Duffy Ribbon Dangle on Card | Search: Disney Pin",1,Buy it Now,30,0-1 oz,TRUE,Not Hazmat,Used,,2624-3,https://i.ibb.co/yvk1vSq/IMG-2624-pin-3.jpg,,,,,,,
Disneyana,Disney Pins,Christopher Robin Glitter Star Winnie the Pooh Super Figpin,"Please rely on the photo, rather than the description. Christopher Robin Glitter Star Winnie the Pooh Super Figpin | Search: Winnie the Pooh, Disney Pin",1,Buy it Now,38,0-1 oz,TRUE,Not Hazmat,Used,,2624-5,https://i.ibb.co/wFSb44Z5/IMG-2624-pin-5.jpg,,,,,,,
Disneyana,Disney Pins,Gopinpro Hades Villains Mystery Park Trader 2025 Hercules,"Please rely on the photo, rather than the description. Gopinpro Hades Villains Mystery Park Trader 2025 Hercules | Search: Hercules, Disney Pin",1,Buy it Now,24,0-1 oz,TRUE,Not Hazmat,Used,,2625-13,https://i.ibb.co/BKBPwMBn/IMG-2625-pin-13.jpg,,,,,,,
Disneyana,Disney Pins,2025 Gopinpro Inside Out 2 Mystery,"Please rely on the photo, rather than the description. 2025 Gopinpro Inside Out 2 Mystery | Search: Disney Pin",1,Buy it Now,18,0-1 oz,TRUE,Not Hazmat,Used,,2625-19,https://i.ibb.co/9kP2BxZk/IMG-2625-pin-19.jpg,,,,,,,
Disneyana,Disney Pins,The Muppets Miss Piggy Gopinpro Mystery Trader Pack Exclusive,"Please rely on the photo, rather than the description. The Muppets Miss Piggy Gopinpro Mystery Trader Pack Exclusive | Search: Disney Pin",1,Buy it Now,17,0-1 oz,TRUE,Not Hazmat,Used,,2625-20,https://i.ibb.co/wFy8PHPx/IMG-2625-pin-20.jpg,,,,,,,
Disneyana,Disney Pins,Twdcs DEC Store License Plate Mystery Box Mickey Mouse 2025,"Please rely on the photo, rather than the description. Twdcs DEC Store License Plate Mystery Box Mickey Mouse 2025 | Search: Disney Pin",1,Buy it Now,32,0-1 oz,TRUE,Not Hazmat,Used,,2625-26,https://i.ibb.co/HLsv54hS/IMG-2625-pin-26.jpg,,,,,,,
Disneyana,Disney Pins,2026 Swiss Family Treehouse Attraction Puzzle May Mystery,"Please rely on the photo, rather than the description. 2026 Swiss Family Treehouse Attraction Puzzle May Mystery | Search: Disney Pin",1,Buy it Now,45,0-1 oz,TRUE,Not Hazmat,Used,,2625-28,https://i.ibb.co/bgnqYCDY/IMG-2625-pin-28.jpg,,,,,,,
Disneyana,Disney Pins,Tokyo Mystery Minnie Mouse Harmony of Color Parade Float Japan,"Please rely on the photo, rather than the description. Tokyo Mystery Minnie Mouse Harmony of Color Parade Float Japan | Search: Disney Pin",1,Buy it Now,30,0-1 oz,TRUE,Not Hazmat,Used,,2625-31,https://i.ibb.co/0ppqz747/IMG-2625-pin-31.jpg,,,,,,,
Disneyana,Disney Pins,PALM Pink a La Mode Muppets Animal with Drums,"Please rely on the photo, rather than the description. PALM Pink a La Mode Muppets Animal with Drums | Search: Disney Pin",1,Buy it Now,36,0-1 oz,TRUE,Not Hazmat,Used,,2625-34,https://i.ibb.co/HLT0XLnN/IMG-2625-pin-34.jpg,,,,,,,
Disneyana,Disney Pins,Loungefly Flo Pixar Cars and Signs Mystery 2025,"Please rely on the photo, rather than the description. Loungefly Flo Pixar Cars and Signs Mystery 2025 | Search: Disney Pin",1,Buy it Now,20,0-1 oz,TRUE,Not Hazmat,Used,,2625-35,https://i.ibb.co/1NkHH0B/IMG-2625-pin-35.jpg,,,,,,,
Disneyana,Disney Pins,Kingdom of Cute Mystery Collection Teacup,"Please rely on the photo, rather than the description. Kingdom of Cute Mystery Collection Teacup | Search: Disney Pin",1,Buy it Now,12,0-1 oz,TRUE,Not Hazmat,Used,,2625-39,https://i.ibb.co/VWfgMvh7/IMG-2625-pin-39.jpg,,,,,,,
Disneyana,Disney Pins,Loungefly Star Wars Obi-Wan Kenobi Backpack Mystery Box Star Wars Prequels,"Please rely on the photo, rather than the description. Loungefly Star Wars Obi-Wan Kenobi Backpack Mystery Box Star Wars Prequels | Search: Star Wars, Disney Pin",1,Buy it Now,50,0-1 oz,TRUE,Not Hazmat,Used,,2625-3,https://i.ibb.co/r2BzRqYB/IMG-2625-pin-3.jpg,,,,,,,
Disneyana,Disney Pins,Gopinpro Official Licensed Pins (muppets- Dr. Bunsen Honeydew),"Please rely on the photo, rather than the description. Gopinpro Official Licensed Pins (muppets- Dr. Bunsen Honeydew) | Search: Disney Pin",1,Buy it Now,10,0-1 oz,TRUE,Not Hazmat,Used,,2625-5,https://i.ibb.co/vxYqsKxm/IMG-2625-pin-5.jpg,,,,,,,
Disneyana,Disney Pins,2025 Gopinpro Wall-E Mystery,"Please rely on the photo, rather than the description. 2025 Gopinpro Wall-E Mystery | Search: WALL-E, Disney Pin",1,Buy it Now,18,0-1 oz,TRUE,Not Hazmat,Used,,2625-9,https://i.ibb.co/JjLdBsjs/IMG-2625-pin-9.jpg,,,,,,,
Disneyana,Disney Pins,Lord Henry Mystic Albert Carnival 2025 LE Hong Kong,"Please rely on the photo, rather than the description. Lord Henry Mystic Albert Carnival 2025 LE Hong Kong | Search: Disney Pin",1,Buy it Now,50,0-1 oz,TRUE,Not Hazmat,Used,,2626-10,https://i.ibb.co/cXLKnf8H/IMG-2626-pin-10.jpg,,,,,,,
Disneyana,Disney Pins,Georgette Raincoat Pin Critter Blind Box Pin Oliver & Company,"Please rely on the photo, rather than the description. Georgette Raincoat Pin Critter Blind Box Pin Oliver & Company | Search: Disney Pin",1,Buy it Now,15,0-1 oz,TRUE,Not Hazmat,Used,,2626-12,https://i.ibb.co/Q3Rzp1PG/IMG-2626-pin-12.jpg,,,,,,,
Disneyana,Disney Pins,Euro Minnie Mouse Kodak 1992 Disneyland Resort Paris,"Please rely on the photo, rather than the description. Euro Minnie Mouse Kodak 1992 Disneyland Resort Paris | Search: Disney Pin",1,Buy it Now,5,0-1 oz,TRUE,Not Hazmat,Used,,2626-13,https://i.ibb.co/39x1GZrd/IMG-2626-pin-13.jpg,,,,,,,
Disneyana,Disney Pins,Lock Loungefly the Nightmare Before Christmas 30th Character Ornaments Red,"Please rely on the photo, rather than the description. Lock Loungefly the Nightmare Before Christmas 30th Character Ornaments Red | Search: Disney Pin",1,Buy it Now,10,0-1 oz,TRUE,Not Hazmat,Used,,2626-16,https://i.ibb.co/BM9xHQ9/IMG-2626-pin-16.jpg,,,,,,,
Disneyana,Disney Pins,Loungefly Villain Vintage Cake Series Blind Box Cruella 101,"Please rely on the photo, rather than the description. Loungefly Villain Vintage Cake Series Blind Box Cruella 101 | Search: 101 Dalmatians, Disney Pin",1,Buy it Now,20,0-1 oz,TRUE,Not Hazmat,Used,,2626-19,https://i.ibb.co/v5J2Zpw/IMG-2626-pin-19.jpg,,,,,,,
Disneyana,Disney Pins,PALM Villains Spellbooks Series Gaston Beauty Beast 3.5'' LE 200,"Please rely on the photo, rather than the description. PALM Villains Spellbooks Series Gaston Beauty Beast 3.5'' LE 200 | Search: Beauty and the Beast, Disney Pin",1,Buy it Now,55,0-1 oz,TRUE,Not Hazmat,Used,,2626-1,https://i.ibb.co/2116S7TQ/IMG-2626-pin-1.jpg,,,,,,,
Disneyana,Disney Pins,Loungefly Princess Stocking Series Aurora Owl Sleeping Beauty,"Please rely on the photo, rather than the description. Loungefly Princess Stocking Series Aurora Owl Sleeping Beauty | Search: Sleeping Beauty, Disney Pin",1,Buy it Now,15,0-1 oz,TRUE,Not Hazmat,Used,,2626-20,https://i.ibb.co/pBdtjh6M/IMG-2626-pin-20.jpg,,,,,,,
Disneyana,Disney Pins,Loungefly Evil Queen Villain Cakes Mystery Set,"Please rely on the photo, rather than the description. Loungefly Evil Queen Villain Cakes Mystery Set | Search: Snow White, Disney Pin",1,Buy it Now,20,0-1 oz,TRUE,Not Hazmat,Used,,2626-21,https://i.ibb.co/s9hWQXbG/IMG-2626-pin-21.jpg,,,,,,,
Disneyana,Disney Pins,HKDL Hong Kong Carnival 2024 Food Designer Pizza Minnie WDW LE 600,"Please rely on the photo, rather than the description. HKDL Hong Kong Carnival 2024 Food Designer Pizza Minnie WDW LE 600 | Search: Disney Pin",1,Buy it Now,35,0-1 oz,TRUE,Not Hazmat,Used,,2626-22,https://i.ibb.co/LhsHqry0/IMG-2626-pin-22.jpg,,,,,,,
Disneyana,Disney Pins,Mgm Studios Mickey Earful Tower No Longer Named Mgm,"Please rely on the photo, rather than the description. Mgm Studios Mickey Earful Tower No Longer Named Mgm | Search: Disney Pin",1,Buy it Now,14,0-1 oz,TRUE,Not Hazmat,Used,,2626-24,https://i.ibb.co/hRpLfxc2/IMG-2626-pin-24.jpg,,,,,,,
Disneyana,Disney Pins,Loungefly Character Bubbles Pumba with Simba,"Please rely on the photo, rather than the description. Loungefly Character Bubbles Pumba with Simba | Search: The Lion King, Disney Pin",1,Buy it Now,15,0-1 oz,TRUE,Not Hazmat,Used,,2626-26,https://i.ibb.co/dw4Q4r8g/IMG-2626-pin-26.jpg,,,,,,,
Disneyana,Disney Pins,2025 Loungefly Floral Princess Sidekicks Owl Sleeping Beauty,"Please rely on the photo, rather than the description. 2025 Loungefly Floral Princess Sidekicks Owl Sleeping Beauty | Search: Sleeping Beauty, Disney Pin",1,Buy it Now,20,0-1 oz,TRUE,Not Hazmat,Used,,2626-27,https://i.ibb.co/DgKgVM1N/IMG-2626-pin-27.jpg,,,,,,,
Disneyana,Disney Pins,Flounder Ariel Fish Boxlunch Sidekick Stained Glass Portraits Loungefly,"Please rely on the photo, rather than the description. Flounder Ariel Fish Boxlunch Sidekick Stained Glass Portraits Loungefly | Search: The Little Mermaid, Disney Pin",1,Buy it Now,15,0-1 oz,TRUE,Not Hazmat,Used,,2626-2,https://i.ibb.co/d0mcxHKw/IMG-2626-pin-2.jpg,,,,,,,
Disneyana,Disney Pins,Toy Soldiers on Float Gingerbread House Holiday Parade 2024,"Please rely on the photo, rather than the description. Toy Soldiers on Float Gingerbread House Holiday Parade 2024 | Search: Disney Pin",1,Buy it Now,20,0-1 oz,TRUE,Not Hazmat,Used,,2626-3,https://i.ibb.co/4RGFMy0b/IMG-2626-pin-3.jpg,,,,,,,
Disneyana,Disney Pins,Baker Goofy on Float Gingerbread House Christmas Holiday 2024,"Please rely on the photo, rather than the description. Baker Goofy on Float Gingerbread House Christmas Holiday 2024 | Search: Disney Pin",1,Buy it Now,28,0-1 oz,TRUE,Not Hazmat,Used,,2626-4,https://i.ibb.co/3Y8tdmWV/IMG-2626-pin-4.jpg,,,,,,,
Disneyana,Disney Pins,Pins Disneyana Convention,"Please rely on the photo, rather than the description. Pins Disneyana Convention | Search: Disney Pin",1,Buy it Now,45,0-1 oz,TRUE,Not Hazmat,Used,,2626-5,https://i.ibb.co/qLMk6PJs/IMG-2626-pin-5.jpg,,,,,,,
Disneyana,Disney Pins,Stitch Other Experiments 221,"Please rely on the photo, rather than the description. Stitch Other Experiments 221 | Search: Lilo & Stitch, Disney Pin",1,Buy it Now,20,0-1 oz,TRUE,Not Hazmat,Used,,2626-6,https://i.ibb.co/cXYLD5sn/IMG-2626-pin-6.jpg,,,,,,,
Disneyana,Disney Pins,HKDL Alice Tsum Tsum Popcorn,"Please rely on the photo, rather than the description. HKDL Alice Tsum Tsum Popcorn | Search: Alice in Wonderland, Disney Pin",1,Buy it Now,40,0-1 oz,TRUE,Not Hazmat,Used,,2626-9,https://i.ibb.co/tMGV2M92/IMG-2626-pin-9.jpg,,,,,,,
Disneyana,Disney Pins,Baby Minnie Mouse Heart Sunglasses Monogram,"Please rely on the photo, rather than the description. Baby Minnie Mouse Heart Sunglasses Monogram | Search: Disney Pin",1,Buy it Now,14,0-1 oz,TRUE,Not Hazmat,Used,,2627-10,https://i.ibb.co/LhpZyykP/IMG-2627-pin-10.jpg,,,,,,,
Disneyana,Disney Pins,Pinocchio Arcade Game Machine LE Dangle Pin,"Please rely on the photo, rather than the description. Pinocchio Arcade Game Machine LE Dangle Pin | Search: Pinocchio, Disney Pin",1,Buy it Now,16,0-1 oz,TRUE,Not Hazmat,Used,,2627-11,https://i.ibb.co/C3SbYvBx/IMG-2627-pin-11.jpg,,,,,,,
Disneyana,Disney Pins,2024 Disney Parks WDW DLR Chip Dapper Dans Dan Booster Pin,"Please rely on the photo, rather than the description. 2024 Disney Parks WDW DLR Chip Dapper Dans Dan Booster Pin | Search: Monsters Inc, Disney Pin",1,Buy it Now,20,0-1 oz,TRUE,Not Hazmat,Used,,2627-12,https://i.ibb.co/27VDJZSc/IMG-2627-pin-12.jpg,,,,,,,
Disneyana,Disney Pins,Mickey My First Pin Starter Lanyard Set Blue Star,"Please rely on the photo, rather than the description. Mickey My First Pin Starter Lanyard Set Blue Star | Search: Disney Pin",1,Buy it Now,10,0-1 oz,TRUE,Not Hazmat,Used,,2627-13,https://i.ibb.co/1YgtWBTL/IMG-2627-pin-13.jpg,,,,,,,
Disneyana,Disney Pins,Parks 2025 Celebrating 25 Years Lady & Tramp Mother's Day 2025 LE Pin,"Please rely on the photo, rather than the description. Parks 2025 Celebrating 25 Years Lady & Tramp Mother's Day 2025 LE Pin | Search: Disney Pin",1,Buy it Now,30,0-1 oz,TRUE,Not Hazmat,Used,,2627-14,https://i.ibb.co/B5Kx6xNX/IMG-2627-pin-14.jpg,,,,,,,
Disneyana,Disney Pins,Loungefly Princess Vintage Cake Blind Box Tiana Cake,"Please rely on the photo, rather than the description. Loungefly Princess Vintage Cake Blind Box Tiana Cake | Search: The Princess and the Frog, Disney Pin",1,Buy it Now,15,0-1 oz,TRUE,Not Hazmat,Used,,2627-15,https://i.ibb.co/GQcR63gZ/IMG-2627-pin-15.jpg,,,,,,,
Disneyana,Disney Pins,Disney Parks Mickey and Minnie Mouse Shopping Bag Disney World,"Please rely on the photo, rather than the description. Disney Parks Mickey and Minnie Mouse Shopping Bag Disney World | Search: Disney Pin",1,Buy it Now,20,0-1 oz,TRUE,Not Hazmat,Used,,2627-16,https://i.ibb.co/3yhFw2BJ/IMG-2627-pin-16.jpg,,,,,,,
Disneyana,Disney Pins,2025 Mickey Mouse Celebrating 25 Years of Anniversary,"Please rely on the photo, rather than the description. 2025 Mickey Mouse Celebrating 25 Years of Anniversary | Search: Disney Pin",1,Buy it Now,15,0-1 oz,TRUE,Not Hazmat,Used,,2627-17,https://i.ibb.co/tpmv6qcs/IMG-2627-pin-17.jpg,,,,,,,
Disneyana,Disney Pins,Minnie Mouse 2008,"Please rely on the photo, rather than the description. Minnie Mouse 2008 | Search: Disney Pin",1,Buy it Now,6,0-1 oz,TRUE,Not Hazmat,Used,,2627-19,https://i.ibb.co/tMBdSZYR/IMG-2627-pin-19.jpg,,,,,,,
Disneyana,Disney Pins,2020 Disneyland Enchanted Tiki Room Mickey with Slider Parrot AP LE,"Please rely on the photo, rather than the description. 2020 Disneyland Enchanted Tiki Room Mickey with Slider Parrot AP LE | Search: Star Wars, Disney Pin",1,Buy it Now,26,0-1 oz,TRUE,Not Hazmat,Used,,2627-1,https://i.ibb.co/sdZ3906B/IMG-2627-pin-1.jpg,,,,,,,
Disneyana,Disney Pins,Japan Mickey Mouse and Nephew Happy Year 2008 Jds,"Please rely on the photo, rather than the description. Japan Mickey Mouse and Nephew Happy Year 2008 Jds | Search: Disney Pin",1,Buy it Now,30,0-1 oz,TRUE,Not Hazmat,Used,,2627-20,https://i.ibb.co/NnGvTNYG/IMG-2627-pin-20.jpg,,,,,,,
Disneyana,Disney Pins,Disneys Fantasy Flight Mystery Set Zazu Lion King,"Please rely on the photo, rather than the description. Disneys Fantasy Flight Mystery Set Zazu Lion King | Search: The Lion King, Disney Pin",1,Buy it Now,14,0-1 oz,TRUE,Not Hazmat,Used,,2627-22,https://i.ibb.co/WpFw0z4x/IMG-2627-pin-22.jpg,,,,,,,
Disneyana,Disney Pins,Hocus Pocus 2025 Movie Name Mystery Letter U Jay and Ice,"Please rely on the photo, rather than the description. Hocus Pocus 2025 Movie Name Mystery Letter U Jay and Ice | Search: Disney Pin",1,Buy it Now,22,0-1 oz,TRUE,Not Hazmat,Used,,2627-25,https://i.ibb.co/mF99Cqwz/IMG-2627-pin-25.jpg,,,,,,,
Disneyana,Disney Pins,2025 Tinkerbell D Disney World Wave B Hidden Mickey,"Please rely on the photo, rather than the description. 2025 Tinkerbell D Disney World Wave B Hidden Mickey | Search: Peter Pan, Disney Pin",1,Buy it Now,20,0-1 oz,TRUE,Not Hazmat,Used,,2627-27,https://i.ibb.co/BKLM1pcG/IMG-2627-pin-27.jpg,,,,,,,
Disneyana,Disney Pins,Sorcerer Mickey 70 WDI Imagineering Color Expo Small MOG,"Please rely on the photo, rather than the description. Sorcerer Mickey 70 WDI Imagineering Color Expo Small MOG | Search: Fantasia, Disney Pin",1,Buy it Now,35,0-1 oz,TRUE,Not Hazmat,Used,,2627-2,https://i.ibb.co/xtvqTK13/IMG-2627-pin-2.jpg,,,,,,,
Disneyana,Disney Pins,Horace Horsecollar 95th Anniversary Original Mickey Horse Cartoon,"Please rely on the photo, rather than the description. Horace Horsecollar 95th Anniversary Original Mickey Horse Cartoon | Search: Disney Pin",1,Buy it Now,18,0-1 oz,TRUE,Not Hazmat,Used,,2627-3,https://i.ibb.co/r2f0T3nj/IMG-2627-pin-3.jpg,,,,,,,
Disneyana,Disney Pins,Wdw/dvc Vacation Club Mickey Mouse and Minnie Mouse,"Please rely on the photo, rather than the description. Wdw/dvc Vacation Club Mickey Mouse and Minnie Mouse | Search: Disney Pin",1,Buy it Now,45,0-1 oz,TRUE,Not Hazmat,Used,,2627-4,https://i.ibb.co/201gGNgT/IMG-2627-pin-4.jpg,,,,,,,
Disneyana,Disney Pins,DCL Member Vacation Club Wish LE,"Please rely on the photo, rather than the description. DCL Member Vacation Club Wish LE | Search: Disney Pin",1,Buy it Now,19,0-1 oz,TRUE,Not Hazmat,Used,,2627-5,https://i.ibb.co/xqPrMzpg/IMG-2627-pin-5.jpg,,,,,,,
Disneyana,Disney Pins,Loungefly Hercules Vase Series Hercules and Philoctetes Phil,"Please rely on the photo, rather than the description. Loungefly Hercules Vase Series Hercules and Philoctetes Phil | Search: Hercules, Disney Pin",1,Buy it Now,17,0-1 oz,TRUE,Not Hazmat,Used,,2627-6,https://i.ibb.co/WvmrvSX7/IMG-2627-pin-6.jpg,,,,,,,
Disneyana,Disney Pins,PALM Princess Villains Mystery Set Jasmine Jafar Aladdin Jumbo LE 300,"Please rely on the photo, rather than the description. PALM Princess Villains Mystery Set Jasmine Jafar Aladdin Jumbo LE 300 | Search: Aladdin, Disney Pin",1,Buy it Now,42,0-1 oz,TRUE,Not Hazmat,Used,,2627-7,https://i.ibb.co/HL7wK13f/IMG-2627-pin-7.jpg,,,,,,,
Disneyana,Disney Pins,2025 Disney Parks Magical Mystery Pins Series 30 Headphones Mickey Mouse,"Please rely on the photo, rather than the description. 2025 Disney Parks Magical Mystery Pins Series 30 Headphones Mickey Mouse | Search: Disney Pin",1,Buy it Now,13,0-1 oz,TRUE,Not Hazmat,Used,,2627-8,https://i.ibb.co/F4j88pfs/IMG-2627-pin-8.jpg,,,,,,,
Disneyana,Disney Pins,Loungefly Encanto Hinged Door Series Luisa Madrigal,"Please rely on the photo, rather than the description. Loungefly Encanto Hinged Door Series Luisa Madrigal | Search: Encanto, Disney Pin",1,Buy it Now,19,0-1 oz,TRUE,Not Hazmat,Used,,2628-10,https://i.ibb.co/mV7w5RS9/IMG-2628-pin-10.jpg,,,,,,,
Disneyana,Disney Pins,'s Typhoon Lagoon Gator Commemorative Edition Opening Day 1989,"Please rely on the photo, rather than the description. 's Typhoon Lagoon Gator Commemorative Edition Opening Day 1989 | Search: Disney Pin",1,Buy it Now,15,0-1 oz,TRUE,Not Hazmat,Used,,2628-11,https://i.ibb.co/BH89Jxqm/IMG-2628-pin-11.jpg,,,,,,,
Disneyana,Disney Pins,PALM Villains Black and Gold Series Jafar Aladdin Glitter LE 200,"Please rely on the photo, rather than the description. PALM Villains Black and Gold Series Jafar Aladdin Glitter LE 200 | Search: Aladdin, Disney Pin",1,Buy it Now,25,0-1 oz,TRUE,Not Hazmat,Used,,2628-12,https://i.ibb.co/mVKFYLnC/IMG-2628-pin-12.jpg,,,,,,,
Disneyana,Disney Pins,Two 2025 Experiment 626 Mystery Pins Holio Yang),"Please rely on the photo, rather than the description. Two 2025 Experiment 626 Mystery Pins Holio Yang) | Search: Disney Pin",1,Buy it Now,46,0-1 oz,TRUE,Not Hazmat,Used,,2628-14,https://i.ibb.co/dJjtn5bL/IMG-2628-pin-14.jpg,,,,,,,
Disneyana,Disney Pins,Loungefly Mickey & Friends Backpack Series Blind Box Pluto,"Please rely on the photo, rather than the description. Loungefly Mickey & Friends Backpack Series Blind Box Pluto | Search: Disney Pin",1,Buy it Now,14,0-1 oz,TRUE,Not Hazmat,Used,,2628-15,https://i.ibb.co/WNbsP5K9/IMG-2628-pin-15.jpg,,,,,,,
Disneyana,Disney Pins,Loungefly Princess Phone Series Tiana,"Please rely on the photo, rather than the description. Loungefly Princess Phone Series Tiana | Search: The Princess and the Frog, Disney Pin",1,Buy it Now,20,0-1 oz,TRUE,Not Hazmat,Used,,2628-17,https://i.ibb.co/nMKB7y7M/IMG-2628-pin-17.jpg,,,,,,,
Disneyana,Disney Pins,Hidden Mickey Cute Villians Scar Lion King 2024 WDW,"Please rely on the photo, rather than the description. Hidden Mickey Cute Villians Scar Lion King 2024 WDW | Search: The Lion King, Disney Pin",1,Buy it Now,10,0-1 oz,TRUE,Not Hazmat,Used,,2628-19,https://i.ibb.co/6JBh2BP8/IMG-2628-pin-19.jpg,,,,,,,
Disneyana,Disney Pins,Happy Holidays 2014 Snowflakes 's Wilderness Lodge Limited Edition,"Please rely on the photo, rather than the description. Happy Holidays 2014 Snowflakes 's Wilderness Lodge Limited Edition | Search: Zootopia, Disney Pin",1,Buy it Now,17,0-1 oz,TRUE,Not Hazmat,Used,,2628-1,https://i.ibb.co/HfpnmT4w/IMG-2628-pin-1.jpg,,,,,,,
Disneyana,Disney Pins,2020 Avengers Hulk,"Please rely on the photo, rather than the description. 2020 Avengers Hulk | Search: Disney Pin",1,Buy it Now,8,0-1 oz,TRUE,Not Hazmat,Used,,2628-21,https://i.ibb.co/C52MThBS/IMG-2628-pin-21.jpg,,,,,,,
Disneyana,Disney Pins,WDW 2000 's Old Key West Resort Dvc,"Please rely on the photo, rather than the description. WDW 2000 's Old Key West Resort Dvc | Search: Disney Pin",1,Buy it Now,7,0-1 oz,TRUE,Not Hazmat,Used,,2628-22,https://i.ibb.co/4wSq9Br9/IMG-2628-pin-22.jpg,,,,,,,
Disneyana,Disney Pins,Daisy Duck Churros Single,"Please rely on the photo, rather than the description. Daisy Duck Churros Single | Search: Disney Pin",1,Buy it Now,10,0-1 oz,TRUE,Not Hazmat,Used,,2628-23,https://i.ibb.co/Pzs7CR17/IMG-2628-pin-23.jpg,,,,,,,
Disneyana,Disney Pins,Hong Kong Disneyland 20th Mystery Box Olu Mei HKDL Duffy & Friends,"Please rely on the photo, rather than the description. Hong Kong Disneyland 20th Mystery Box Olu Mei HKDL Duffy & Friends | Search: Disney Pin",1,Buy it Now,17,0-1 oz,TRUE,Not Hazmat,Used,,2628-24,https://i.ibb.co/jP4Np7j1/IMG-2628-pin-24.jpg,,,,,,,
Disneyana,Disney Pins,2024 Disney Parks Marvel Villains Family Cluster Thanos Loki Ultron Oe,"Please rely on the photo, rather than the description. 2024 Disney Parks Marvel Villains Family Cluster Thanos Loki Ultron Oe | Search: Star Wars, Disney Pin",1,Buy it Now,14,0-1 oz,TRUE,Not Hazmat,Used,,2628-25,https://i.ibb.co/CsMGTqkZ/IMG-2628-pin-25.jpg,,,,,,,
Disneyana,Disney Pins,2025 Disney Parks Magical Mystery Pins Series 31 Afternoon Tv Talespin Baloo,"Please rely on the photo, rather than the description. 2025 Disney Parks Magical Mystery Pins Series 31 Afternoon Tv Talespin Baloo | Search: The Jungle Book, Disney Pin",1,Buy it Now,16,0-1 oz,TRUE,Not Hazmat,Used,,2628-26,https://i.ibb.co/wF1Qn98m/IMG-2628-pin-26.jpg,,,,,,,
Disneyana,Disney Pins,You Choose Disney Parks WDW Hidden Mickey Chibi Villains,"Please rely on the photo, rather than the description. You Choose Disney Parks WDW Hidden Mickey Chibi Villains | Search: Disney Pin",1,Buy it Now,10,0-1 oz,TRUE,Not Hazmat,Used,,2628-27,https://i.ibb.co/JWdXZ3Kz/IMG-2628-pin-27.jpg,,,,,,,
Disneyana,Disney Pins,2023 Disney Parks Disney100 1923 Cast Name Tag Cast Exclusive,"Please rely on the photo, rather than the description. 2023 Disney Parks Disney100 1923 Cast Name Tag Cast Exclusive | Search: Disney Pin",1,Buy it Now,15,0-1 oz,TRUE,Not Hazmat,Used,,2628-28,https://i.ibb.co/qYN045sm/IMG-2628-pin-28.jpg,,,,,,,
Disneyana,Disney Pins,Loungefly Kraken Alien Remix Mystery Blind Box Nemo Pixar,"Please rely on the photo, rather than the description. Loungefly Kraken Alien Remix Mystery Blind Box Nemo Pixar | Search: Finding Nemo, Disney Pin",1,Buy it Now,20,0-1 oz,TRUE,Not Hazmat,Used,,2628-34,https://i.ibb.co/23g5gbPh/IMG-2628-pin-34.jpg,,,,,,,
Disneyana,Disney Pins,DLP 2025 Music Festival Castle LE 800,"Please rely on the photo, rather than the description. DLP 2025 Music Festival Castle LE 800 | Search: Disney Pin",1,Buy it Now,65,0-1 oz,TRUE,Not Hazmat,Used,,2628-4,https://i.ibb.co/zTr8nCT1/IMG-2628-pin-4.jpg,,,,,,,
Disneyana,Disney Pins,WDI Haunted Mansion Pewter Parlor Sign/plaque Sculpted Cast,"Please rely on the photo, rather than the description. WDI Haunted Mansion Pewter Parlor Sign/plaque Sculpted Cast | Search: Disney Pin",1,Buy it Now,45,0-1 oz,TRUE,Not Hazmat,Used,,2628-5,https://i.ibb.co/pvgDhPSh/IMG-2628-pin-5.jpg,,,,,,,
Disneyana,Disney Pins,The Art of 2000 EPCOT Disney World Millennium LE,"Please rely on the photo, rather than the description. The Art of 2000 EPCOT Disney World Millennium LE | Search: Disney Pin",1,Buy it Now,5,0-1 oz,TRUE,Not Hazmat,Used,,2628-6,https://i.ibb.co/prrw1QY1/IMG-2628-pin-6.jpg,,,,,,,
Disneyana,Disney Pins,Jasmine Agrabah Princess Castle Stained Glass Mystery Box,"Please rely on the photo, rather than the description. Jasmine Agrabah Princess Castle Stained Glass Mystery Box | Search: Aladdin, Disney Pin",1,Buy it Now,27,0-1 oz,TRUE,Not Hazmat,Used,,2628-8,https://i.ibb.co/Sw67MTX8/IMG-2628-pin-8.jpg,,,,,,,
Disneyana,Disney Pins,Marvel Ms Marvel Kawaii Art Mystery,"Please rely on the photo, rather than the description. Marvel Ms Marvel Kawaii Art Mystery | Search: Disney Pin",1,Buy it Now,11,0-1 oz,TRUE,Not Hazmat,Used,,2628-9,https://i.ibb.co/4nWSqKGQ/IMG-2628-pin-9.jpg,,,,,,,
Disneyana,Disney Pins,Scar's Mark of Evil Scar the Lion King,"Please rely on the photo, rather than the description. Scar's Mark of Evil Scar the Lion King | Search: The Lion King, Disney Pin",1,Buy it Now,8,0-1 oz,TRUE,Not Hazmat,Used,,2629-10,https://i.ibb.co/1GPjpv0w/IMG-2629-pin-10.jpg,,,,,,,
Disneyana,Disney Pins,Kenya Boy with Flute Hello Mystery,"Please rely on the photo, rather than the description. Kenya Boy with Flute Hello Mystery | Search: Disney Pin",1,Buy it Now,16,0-1 oz,TRUE,Not Hazmat,Used,,2629-11,https://i.ibb.co/cSsCBMkN/IMG-2629-pin-11.jpg,,,,,,,
Disneyana,Disney Pins,Old Journey Into Imagination Institute Logo Figment Building Ride,"Please rely on the photo, rather than the description. Old Journey Into Imagination Institute Logo Figment Building Ride | Search: Disney Pin",1,Buy it Now,50,0-1 oz,TRUE,Not Hazmat,Used,,2629-12,https://i.ibb.co/LhxFSz89/IMG-2629-pin-12.jpg,,,,,,,
Disneyana,Disney Pins,Classics Collection 10th Anniversary 1992 2002 Exclusive,"Please rely on the photo, rather than the description. Classics Collection 10th Anniversary 1992 2002 Exclusive | Search: Disney Pin",1,Buy it Now,13,0-1 oz,TRUE,Not Hazmat,Used,,2629-13,https://i.ibb.co/p61jvZrb/IMG-2629-pin-13.jpg,,,,,,,
Disneyana,Disney Pins,Midway Maniacs,"Please rely on the photo, rather than the description. Midway Maniacs | Search: Disney Pin",1,Buy it Now,5,0-1 oz,TRUE,Not Hazmat,Used,,2629-14,https://i.ibb.co/gZ81yKvS/IMG-2629-pin-14.jpg,,,,,,,
Disneyana,Disney Pins,Loungefly Belle Princess Ice Cream Cone Mystery Blind Box,"Please rely on the photo, rather than the description. Loungefly Belle Princess Ice Cream Cone Mystery Blind Box | Search: Beauty and the Beast, Disney Pin",1,Buy it Now,24,0-1 oz,TRUE,Not Hazmat,Used,,2629-16,https://i.ibb.co/B2TD67yd/IMG-2629-pin-16.jpg,,,,,,,
Disneyana,Disney Pins,Mickey Mouse Dapper Dan 2024 Series Main Street Usa Magic Kingdom WDW,"Please rely on the photo, rather than the description. Mickey Mouse Dapper Dan 2024 Series Main Street Usa Magic Kingdom WDW | Search: Disney Pin",1,Buy it Now,8,0-1 oz,TRUE,Not Hazmat,Used,,2629-17,https://i.ibb.co/XrhXJ0Xy/IMG-2629-pin-17.jpg,,,,,,,
Disneyana,Disney Pins,"Pins Monsters, Inc. Puzzle Blind Box Roz","Please rely on the photo, rather than the description. Pins Monsters, Inc. Puzzle Blind Box Roz | Search: Monsters Inc, Disney Pin",1,Buy it Now,18,0-1 oz,TRUE,Not Hazmat,Used,,2629-18,https://i.ibb.co/pgtBRGS/IMG-2629-pin-18.jpg,,,,,,,
Disneyana,Disney Pins,Loungefly Princess & the Frog Purse Blind Box Tiana,"Please rely on the photo, rather than the description. Loungefly Princess & the Frog Purse Blind Box Tiana | Search: The Princess and the Frog, Disney Pin",1,Buy it Now,22,0-1 oz,TRUE,Not Hazmat,Used,,2629-19,https://i.ibb.co/tMvk10FK/IMG-2629-pin-19.jpg,,,,,,,
Disneyana,Disney Pins,Disneyland Halloween 2025 Rundisney Marathon Yoga Queen of Hearts,"Please rely on the photo, rather than the description. Disneyland Halloween 2025 Rundisney Marathon Yoga Queen of Hearts | Search: Alice in Wonderland, Disney Pin",1,Buy it Now,35,0-1 oz,TRUE,Not Hazmat,Used,,2629-1,https://i.ibb.co/KzN2RNds/IMG-2629-pin-1.jpg,,,,,,,
Disneyana,Disney Pins,Destination 2025 DSSH Strange World Beloved Tales LE 300,"Please rely on the photo, rather than the description. Destination 2025 DSSH Strange World Beloved Tales LE 300 | Search: Disney Pin",1,Buy it Now,95,0-1 oz,TRUE,Not Hazmat,Used,,2629-20,https://i.ibb.co/q3Xh2zzb/IMG-2629-pin-20.jpg,,,,,,,
Disneyana,Disney Pins,2024 Princess Candles Magical Mystery Series 27- Belle (with Red Rose),"Please rely on the photo, rather than the description. 2024 Princess Candles Magical Mystery Series 27- Belle (with Red Rose) | Search: Beauty and the Beast, Disney Pin",1,Buy it Now,16,0-1 oz,TRUE,Not Hazmat,Used,,2629-21,https://i.ibb.co/WpPFM8pK/IMG-2629-pin-21.jpg,,,,,,,
Disneyana,Disney Pins,Pluto 2025 Lanyard,"Please rely on the photo, rather than the description. Pluto 2025 Lanyard | Search: Disney Pin",1,Buy it Now,26,0-1 oz,TRUE,Not Hazmat,Used,,2629-22,https://i.ibb.co/JDpkkFW/IMG-2629-pin-22.jpg,,,,,,,
Disneyana,Disney Pins,Peg-Bone Puzzle Mystery Lady and the Tramp 70th Anniversary 2025,"Please rely on the photo, rather than the description. Peg-Bone Puzzle Mystery Lady and the Tramp 70th Anniversary 2025 | Search: Disney Pin",1,Buy it Now,26,0-1 oz,TRUE,Not Hazmat,Used,,2629-23,https://i.ibb.co/TB4JtRcL/IMG-2629-pin-23.jpg,,,,,,,
Disneyana,Disney Pins,Winged Skull Hocus Pocus Villain Spelltacular Mystery 2021,"Please rely on the photo, rather than the description. Winged Skull Hocus Pocus Villain Spelltacular Mystery 2021 | Search: Disney Pin",1,Buy it Now,13,0-1 oz,TRUE,Not Hazmat,Used,,2629-25,https://i.ibb.co/whqcLPww/IMG-2629-pin-25.jpg,,,,,,,
Disneyana,Disney Pins,"Star Wars Open Edition Luke Skywalker in Landspeeder, C-3PO","Please rely on the photo, rather than the description. Star Wars Open Edition Luke Skywalker in Landspeeder, C-3PO | Search: Star Wars, Disney Pin",1,Buy it Now,11,0-1 oz,TRUE,Not Hazmat,Used,,2629-26,https://i.ibb.co/ZRZT3fQ9/IMG-2629-pin-26.jpg,,,,,,,
Disneyana,Disney Pins,2025 Disney Parks Magical Mystery Pins Series 31 Afternoon Tv Bonkers,"Please rely on the photo, rather than the description. 2025 Disney Parks Magical Mystery Pins Series 31 Afternoon Tv Bonkers | Search: Disney Pin",1,Buy it Now,18,0-1 oz,TRUE,Not Hazmat,Used,,2629-27,https://i.ibb.co/pBvZYHLG/IMG-2629-pin-27.jpg,,,,,,,
Disneyana,Disney Pins,Bn Sweet Dreams Mystery Uchooseorcomplete Set Limited Nap Sleep,"Please rely on the photo, rather than the description. Bn Sweet Dreams Mystery Uchooseorcomplete Set Limited Nap Sleep | Search: Disney Pin",1,Buy it Now,15,0-1 oz,TRUE,Not Hazmat,Used,,2629-29,https://i.ibb.co/n8sKmBvX/IMG-2629-pin-29.jpg,,,,,,,
Disneyana,Disney Pins,2023 WDW the Lion King Rafiki Sitting in Turtle Shell,"Please rely on the photo, rather than the description. 2023 WDW the Lion King Rafiki Sitting in Turtle Shell | Search: The Lion King, Disney Pin",1,Buy it Now,17,0-1 oz,TRUE,Not Hazmat,Used,,2629-2,https://i.ibb.co/jZhYMr07/IMG-2629-pin-2.jpg,,,,,,,
Disneyana,Disney Pins,Characters Flag Pin-2002,"Please rely on the photo, rather than the description. Characters Flag Pin-2002 | Search: Disney Pin",1,Buy it Now,10,0-1 oz,TRUE,Not Hazmat,Used,,2629-31,https://i.ibb.co/LdgtVXKL/IMG-2629-pin-31.jpg,,,,,,,
Disneyana,Disney Pins,Tokyo Disneyland 20 Years Daisy Duck Limited Edition,"Please rely on the photo, rather than the description. Tokyo Disneyland 20 Years Daisy Duck Limited Edition | Search: Disney Pin",1,Buy it Now,40,0-1 oz,TRUE,Not Hazmat,Used,,2629-32,https://i.ibb.co/5hsPS36J/IMG-2629-pin-32.jpg,,,,,,,
Disneyana,Disney Pins,Loungefly Pixar Cakes Blind Box Ratatouille Remy,"Please rely on the photo, rather than the description. Loungefly Pixar Cakes Blind Box Ratatouille Remy | Search: Ratatouille, Disney Pin",1,Buy it Now,20,0-1 oz,TRUE,Not Hazmat,Used,,2629-3,https://i.ibb.co/RT54pd2Z/IMG-2629-pin-3.jpg,,,,,,,
Disneyana,Disney Pins,Disney World 50th Anniversary Mystery Collection Madame Leota 2021,"Please rely on the photo, rather than the description. Disney World 50th Anniversary Mystery Collection Madame Leota 2021 | Search: Disney Pin",1,Buy it Now,16,0-1 oz,TRUE,Not Hazmat,Used,,2629-4,https://i.ibb.co/WvgBPN90/IMG-2629-pin-4.jpg,,,,,,,
Disneyana,Disney Pins,Loungefly Pixar Cakes Mystery Toy Story,"Please rely on the photo, rather than the description. Loungefly Pixar Cakes Mystery Toy Story | Search: Disney Pin",1,Buy it Now,12,0-1 oz,TRUE,Not Hazmat,Used,,2629-5,https://i.ibb.co/KxwSycMf/IMG-2629-pin-5.jpg,,,,,,,
Disneyana,Disney Pins,Miss Piggy Fierce and Fabulous Muppets Rainbow Pride 2023,"Please rely on the photo, rather than the description. Miss Piggy Fierce and Fabulous Muppets Rainbow Pride 2023 | Search: Aladdin, Disney Pin",1,Buy it Now,15,0-1 oz,TRUE,Not Hazmat,Used,,2629-7,https://i.ibb.co/JwS7zqbw/IMG-2629-pin-7.jpg,,,,,,,
Disneyana,Disney Pins,2024 Star Wars Cute Duos Starter Luke Skywalker Princess Leia,"Please rely on the photo, rather than the description. 2024 Star Wars Cute Duos Starter Luke Skywalker Princess Leia | Search: Star Wars, Disney Pin",1,Buy it Now,16,0-1 oz,TRUE,Not Hazmat,Used,,2629-8,https://i.ibb.co/ZzmMB7td/IMG-2629-pin-8.jpg,,,,,,,
Disneyana,Disney Pins,Claude Frollo Traders Delight PTD LE 400 Hunchback of Notre Dame Villain,"Please rely on the photo, rather than the description. Claude Frollo Traders Delight PTD LE 400 Hunchback of Notre Dame Villain | Search: The Hunchback of Notre Dame, Disney Pin",1,Buy it Now,160,0-1 oz,TRUE,Not Hazmat,Used,,2629-9,https://i.ibb.co/5WKTqvyN/IMG-2629-pin-9.jpg,,,,,,,
Disneyana,Disney Pins,2025 Tiana Cooking Princess and the Frog Magical Chefs,"Please rely on the photo, rather than the description. 2025 Tiana Cooking Princess and the Frog Magical Chefs | Search: The Princess and the Frog, Disney Pin",1,Buy it Now,12,0-1 oz,TRUE,Not Hazmat,Used,,2630-10,https://i.ibb.co/DDnmkVbx/IMG-2630-pin-10.jpg,,,,,,,
Disneyana,Disney Pins,Disney Parks Peter Pan & Tinkerbell Flying Over Neverland Oe,"Please rely on the photo, rather than the description. Disney Parks Peter Pan & Tinkerbell Flying Over Neverland Oe | Search: Peter Pan, Disney Pin",1,Buy it Now,16,0-1 oz,TRUE,Not Hazmat,Used,,2630-11,https://i.ibb.co/35q0PMfn/IMG-2630-pin-11.jpg,,,,,,,
Disneyana,Disney Pins,2025 Disney Parks Pinocchio I've Got No Strings Stage Dance Open Edition,"Please rely on the photo, rather than the description. 2025 Disney Parks Pinocchio I've Got No Strings Stage Dance Open Edition | Search: Pinocchio, Disney Pin",1,Buy it Now,18,0-1 oz,TRUE,Not Hazmat,Used,,2630-13,https://i.ibb.co/xS9LHmNW/IMG-2630-pin-13.jpg,,,,,,,
Disneyana,Disney Pins,Lilo & Stitch Character Mugs Mystery Collection Stitch,"Please rely on the photo, rather than the description. Lilo & Stitch Character Mugs Mystery Collection Stitch | Search: Lilo & Stitch, Disney Pin",1,Buy it Now,16,0-1 oz,TRUE,Not Hazmat,Used,,2630-16,https://i.ibb.co/9HgQYtyg/IMG-2630-pin-16.jpg,,,,,,,
Disneyana,Disney Pins,2025 Chipmunks Chip & Dale Laughing Haha,"Please rely on the photo, rather than the description. 2025 Chipmunks Chip & Dale Laughing Haha | Search: Disney Pin",1,Buy it Now,21,0-1 oz,TRUE,Not Hazmat,Used,,2630-17,https://i.ibb.co/svmpjxTg/IMG-2630-pin-17.jpg,,,,,,,
Disneyana,Disney Pins,Disneyland Character Mugs Mystery Minnie Mouse,"Please rely on the photo, rather than the description. Disneyland Character Mugs Mystery Minnie Mouse | Search: Disney Pin",1,Buy it Now,12,0-1 oz,TRUE,Not Hazmat,Used,,2630-18,https://i.ibb.co/C3RVDP51/IMG-2630-pin-18.jpg,,,,,,,
Disneyana,Disney Pins,Disney Parks Tangled Character Connection Mother Gothel LE Artist Proof Pin,"Please rely on the photo, rather than the description. Disney Parks Tangled Character Connection Mother Gothel LE Artist Proof Pin | Search: Tangled, Disney Pin",1,Buy it Now,55,0-1 oz,TRUE,Not Hazmat,Used,,2630-19,https://i.ibb.co/11npzf6/IMG-2630-pin-19.jpg,,,,,,,
Disneyana,Disney Pins,2023 Mickey's Very Merry Christmas Party Sleigh L.e,"Please rely on the photo, rather than the description. 2023 Mickey's Very Merry Christmas Party Sleigh L.e | Search: Disney Pin",1,Buy it Now,35,0-1 oz,TRUE,Not Hazmat,Used,,2630-20,https://i.ibb.co/6R4Z0sSQ/IMG-2630-pin-20.jpg,,,,,,,
Disneyana,Disney Pins,Mickey's Not So Scary Halloween Party 2024 Goofy,"Please rely on the photo, rather than the description. Mickey's Not So Scary Halloween Party 2024 Goofy | Search: The Lion King, Disney Pin",1,Buy it Now,30,0-1 oz,TRUE,Not Hazmat,Used,,2630-21,https://i.ibb.co/GQHBKFjh/IMG-2630-pin-21.jpg,,,,,,,
Disneyana,Disney Pins,Thumper Spiced Carrot Cake Bambi Munchlings Series 2 Mystery,"Please rely on the photo, rather than the description. Thumper Spiced Carrot Cake Bambi Munchlings Series 2 Mystery | Search: Bambi, Disney Pin",1,Buy it Now,13,0-1 oz,TRUE,Not Hazmat,Used,,2630-22,https://i.ibb.co/kVg6GCt4/IMG-2630-pin-22.jpg,,,,,,,
Disneyana,Disney Pins,Tinker Bell Ice Cream Popsicle Bar Mystery Series,"Please rely on the photo, rather than the description. Tinker Bell Ice Cream Popsicle Bar Mystery Series | Search: Disney Pin",1,Buy it Now,8,0-1 oz,TRUE,Not Hazmat,Used,,2630-23,https://i.ibb.co/sdw5GRYR/IMG-2630-pin-23.jpg,,,,,,,
Disneyana,Disney Pins,You Choose Disney Parks Munchlings Mystery Set Series 3,"Please rely on the photo, rather than the description. You Choose Disney Parks Munchlings Mystery Set Series 3 | Search: Disney Pin",1,Buy it Now,12,0-1 oz,TRUE,Not Hazmat,Used,,2630-25,https://i.ibb.co/S7y4Y1zW/IMG-2630-pin-25.jpg,,,,,,,
Disneyana,Disney Pins,Happy Days in Hong Kong Disneyland Train Mystery Minnie Mouse,"Please rely on the photo, rather than the description. Happy Days in Hong Kong Disneyland Train Mystery Minnie Mouse | Search: Disney Pin",1,Buy it Now,25,0-1 oz,TRUE,Not Hazmat,Used,,2630-26,https://i.ibb.co/tTXmd6V8/IMG-2630-pin-26.jpg,,,,,,,
Disneyana,Disney Pins,Loungely Princess Candy Series Ambitious Ambrosia Apple Ariel,"Please rely on the photo, rather than the description. Loungely Princess Candy Series Ambitious Ambrosia Apple Ariel | Search: The Little Mermaid, Disney Pin",1,Buy it Now,15,0-1 oz,TRUE,Not Hazmat,Used,,2630-27,https://i.ibb.co/DDNsqMQC/IMG-2630-pin-27.jpg,,,,,,,
Disneyana,Disney Pins,Princess Moments Mystery Series Louis from Princess and the Frog LE,"Please rely on the photo, rather than the description. Princess Moments Mystery Series Louis from Princess and the Frog LE | Search: The Princess and the Frog, Disney Pin",1,Buy it Now,46,0-1 oz,TRUE,Not Hazmat,Used,,2630-2,https://i.ibb.co/GvxxC2G5/IMG-2630-pin-2.jpg,,,,,,,
Disneyana,Disney Pins,Loungefly Tiana and Dr Facilier Princess and Villain,"Please rely on the photo, rather than the description. Loungefly Tiana and Dr Facilier Princess and Villain | Search: The Princess and the Frog, Disney Pin",1,Buy it Now,20,0-1 oz,TRUE,Not Hazmat,Used,,2630-30,https://i.ibb.co/WNjxYw12/IMG-2630-pin-30.jpg,,,,,,,
Disneyana,Disney Pins,2024 Dumbo the Flying Elephant Popcorn Box Magical Mystery Series 28,"Please rely on the photo, rather than the description. 2024 Dumbo the Flying Elephant Popcorn Box Magical Mystery Series 28 | Search: Dumbo, Disney Pin",1,Buy it Now,14,0-1 oz,TRUE,Not Hazmat,Used,,2630-31,https://i.ibb.co/Z1cjX9WS/IMG-2630-pin-31.jpg,,,,,,,
Disneyana,Disney Pins,"Parks Encanto Family Mirabel, Antonio, and Animal Friends","Please rely on the photo, rather than the description. Parks Encanto Family Mirabel, Antonio, and Animal Friends | Search: Encanto, Disney Pin",1,Buy it Now,13,0-1 oz,TRUE,Not Hazmat,Used,,2630-32,https://i.ibb.co/bR7BhgK3/IMG-2630-pin-32.jpg,,,,,,,
Disneyana,Disney Pins,Expo Pinocchio Maps Box Set LE WDI MOG Glendale Gideon,"Please rely on the photo, rather than the description. Expo Pinocchio Maps Box Set LE WDI MOG Glendale Gideon | Search: Pinocchio, Disney Pin",1,Buy it Now,45,0-1 oz,TRUE,Not Hazmat,Used,,2630-34,https://i.ibb.co/5hGrczPy/IMG-2630-pin-34.jpg,,,,,,,
Disneyana,Disney Pins,Mystery Set- Bambi Sleeping Single,"Please rely on the photo, rather than the description. Mystery Set- Bambi Sleeping Single | Search: Bambi, Disney Pin",1,Buy it Now,8,0-1 oz,TRUE,Not Hazmat,Used,,2630-35,https://i.ibb.co/7J1yYX6b/IMG-2630-pin-35.jpg,,,,,,,
Disneyana,Disney Pins,Stitch Small Tourist with Coconut Drink,"Please rely on the photo, rather than the description. Stitch Small Tourist with Coconut Drink | Search: Lilo & Stitch, Disney Pin",1,Buy it Now,19,0-1 oz,TRUE,Not Hazmat,Used,,2630-36,https://i.ibb.co/5W8SzPf0/IMG-2630-pin-36.jpg,,,,,,,
Disneyana,Disney Pins,Donald Wise Little Hen 90th Anniversary Puzzle Silly Symphony 2024,"Please rely on the photo, rather than the description. Donald Wise Little Hen 90th Anniversary Puzzle Silly Symphony 2024 | Search: Disney Pin",1,Buy it Now,21,0-1 oz,TRUE,Not Hazmat,Used,,2630-37,https://i.ibb.co/4RR9xVXt/IMG-2630-pin-37.jpg,,,,,,,
Disneyana,Disney Pins,Disney Store Japan Thumper from Bambi,"Please rely on the photo, rather than the description. Disney Store Japan Thumper from Bambi | Search: Bambi, Disney Pin",1,Buy it Now,20,0-1 oz,TRUE,Not Hazmat,Used,,2630-39,https://i.ibb.co/3ygyPbt5/IMG-2630-pin-39.jpg,,,,,,,
Disneyana,Disney Pins,Dale Keychain,"Please rely on the photo, rather than the description. Dale Keychain | Search: Disney Pin",1,Buy it Now,10,0-1 oz,TRUE,Not Hazmat,Used,,2630-41,https://i.ibb.co/Xf8ZVhqy/IMG-2630-pin-41.jpg,,,,,,,
Disneyana,Disney Pins,HKDL Hong Kong Disneyland Inside Out 2 Mystery Box Fear Yikes,"Please rely on the photo, rather than the description. HKDL Hong Kong Disneyland Inside Out 2 Mystery Box Fear Yikes | Search: Inside Out, Disney Pin",1,Buy it Now,30,0-1 oz,TRUE,Not Hazmat,Used,,2630-4,https://i.ibb.co/v63Mtp7h/IMG-2630-pin-4.jpg,,,,,,,
Disneyana,Disney Pins,Trader Merchandise Mickey Mouse,"Please rely on the photo, rather than the description. Trader Merchandise Mickey Mouse | Search: Star Wars, Disney Pin",1,Buy it Now,35,0-1 oz,TRUE,Not Hazmat,Used,,2630-5,https://i.ibb.co/PGpchRrV/IMG-2630-pin-5.jpg,,,,,,,
Disneyana,Disney Pins,Mickey Mouse Easel Gold Globe Portait 75 Years Together LE Nip Catalog,"Please rely on the photo, rather than the description. Mickey Mouse Easel Gold Globe Portait 75 Years Together LE Nip Catalog | Search: Disney Pin",1,Buy it Now,23,0-1 oz,TRUE,Not Hazmat,Used,,2630-7,https://i.ibb.co/8D3hZZbP/IMG-2630-pin-7.jpg,,,,,,,
Disneyana,Disney Pins,58942 Flexible Characters Starter Goofy & Donald Tiki Adventure,"Please rely on the photo, rather than the description. 58942 Flexible Characters Starter Goofy & Donald Tiki Adventure | Search: Disney Pin",1,Buy it Now,26,0-1 oz,TRUE,Not Hazmat,Used,,2630-8,https://i.ibb.co/j9W4WzHs/IMG-2630-pin-8.jpg,,,,,,,
Disneyana,Disney Pins,Baymax and Honey Lemon Armor Big Hero 6 Mystery,"Please rely on the photo, rather than the description. Baymax and Honey Lemon Armor Big Hero 6 Mystery | Search: Disney Pin",1,Buy it Now,18,0-1 oz,TRUE,Not Hazmat,Used,,2630-9,https://i.ibb.co/dJ6MhRny/IMG-2630-pin-9.jpg,,,,,,,
Disneyana,Disney Pins,Castaway Club Disney Cruise Lines 2007 Mickey Minnie Mouse Beach,"Please rely on the photo, rather than the description. Castaway Club Disney Cruise Lines 2007 Mickey Minnie Mouse Beach | Search: Disney Pin",1,Buy it Now,15,0-1 oz,TRUE,Not Hazmat,Used,,2631-10,https://i.ibb.co/tpDWHbwW/IMG-2631-pin-10.jpg,,,,,,,
Disneyana,Disney Pins,Disney Parks 2025 Spinner Mickey & Friends Goofy Donald Minnie Daisy,"Please rely on the photo, rather than the description. Disney Parks 2025 Spinner Mickey & Friends Goofy Donald Minnie Daisy | Search: Disney Pin",1,Buy it Now,30,0-1 oz,TRUE,Not Hazmat,Used,,2631-12,https://i.ibb.co/tPDGPnjc/IMG-2631-pin-12.jpg,,,,,,,
Disneyana,Disney Pins,Christmas Tangled Rapunzel & Mother Goethel Dvc Riviera LE 3000,"Please rely on the photo, rather than the description. Christmas Tangled Rapunzel & Mother Goethel Dvc Riviera LE 3000 | Search: Tangled, Disney Pin",1,Buy it Now,18,0-1 oz,TRUE,Not Hazmat,Used,,2631-13,https://i.ibb.co/MkZrdfB0/IMG-2631-pin-13.jpg,,,,,,,
Disneyana,Disney Pins,"Vacation Club a Magical Tradition ,a Brilliant Future","Please rely on the photo, rather than the description. Vacation Club a Magical Tradition ,a Brilliant Future | Search: Disney Pin",1,Buy it Now,6,0-1 oz,TRUE,Not Hazmat,Used,,2631-15,https://i.ibb.co/tFLJWF8/IMG-2631-pin-15.jpg,,,,,,,
Disneyana,Disney Pins,2025 Disneyland Haunted Mansion Map Puzzle Chandelier Ghosts LE 475,"Please rely on the photo, rather than the description. 2025 Disneyland Haunted Mansion Map Puzzle Chandelier Ghosts LE 475 | Search: Star Wars, Disney Pin",1,Buy it Now,65,0-1 oz,TRUE,Not Hazmat,Used,,2631-16,https://i.ibb.co/ccDYV8JW/IMG-2631-pin-16.jpg,,,,,,,
Disneyana,Disney Pins,Chip Dapper Dan 2024 Series Main Street Usa Magic Kingdom WDW,"Please rely on the photo, rather than the description. Chip Dapper Dan 2024 Series Main Street Usa Magic Kingdom WDW | Search: Disney Pin",1,Buy it Now,14,0-1 oz,TRUE,Not Hazmat,Used,,2631-17,https://i.ibb.co/xtc4b2Gm/IMG-2631-pin-17.jpg,,,,,,,
Disneyana,Disney Pins,Disney Parks 2022 Peter Pan Tinker Bell Sitting on Block,"Please rely on the photo, rather than the description. Disney Parks 2022 Peter Pan Tinker Bell Sitting on Block | Search: Peter Pan, Disney Pin",1,Buy it Now,15,0-1 oz,TRUE,Not Hazmat,Used,,2631-21,https://i.ibb.co/rKC63p6x/IMG-2631-pin-21.jpg,,,,,,,
Disneyana,Disney Pins,Disney Parks Happy Halloween 2024 Minnie Mouse Witch & Figaro Open Edition,"Please rely on the photo, rather than the description. Disney Parks Happy Halloween 2024 Minnie Mouse Witch & Figaro Open Edition | Search: Disney Pin",1,Buy it Now,16,0-1 oz,TRUE,Not Hazmat,Used,,2631-23,https://i.ibb.co/QjqgFTZV/IMG-2631-pin-23.jpg,,,,,,,
Disneyana,Disney Pins,Catalog Best Guest Be Part of the Magic,"Please rely on the photo, rather than the description. Catalog Best Guest Be Part of the Magic | Search: Disney Pin",1,Buy it Now,90,0-1 oz,TRUE,Not Hazmat,Used,,2631-24,https://i.ibb.co/hQr1CtX/IMG-2631-pin-24.jpg,,,,,,,
Disneyana,Disney Pins,2025 Disney Parks Nightmare Before Christmas Pins NBC -You Choose,"Please rely on the photo, rather than the description. 2025 Disney Parks Nightmare Before Christmas Pins NBC -You Choose | Search: Disney Pin",1,Buy it Now,22,0-1 oz,TRUE,Not Hazmat,Used,,2631-26,https://i.ibb.co/r2T6K7Zy/IMG-2631-pin-26.jpg,,,,,,,
Disneyana,Disney Pins,Vacation Club a Magical Tradition a Brilliant Future 2000,"Please rely on the photo, rather than the description. Vacation Club a Magical Tradition a Brilliant Future 2000 | Search: Disney Pin",1,Buy it Now,3,0-1 oz,TRUE,Not Hazmat,Used,,2631-27,https://i.ibb.co/vGvwYCp/IMG-2631-pin-27.jpg,,,,,,,
Disneyana,Disney Pins,Bambi Flower Skunk Sleeping,"Please rely on the photo, rather than the description. Bambi Flower Skunk Sleeping | Search: Bambi, Disney Pin",1,Buy it Now,13,0-1 oz,TRUE,Not Hazmat,Used,,2631-28,https://i.ibb.co/23C6sGyZ/IMG-2631-pin-28.jpg,,,,,,,
Disneyana,Disney Pins,Mickey Mouse Club Mystery Pouch Pin Clarabelle,"Please rely on the photo, rather than the description. Mickey Mouse Club Mystery Pouch Pin Clarabelle | Search: Beauty and the Beast, Disney Pin",1,Buy it Now,5,0-1 oz,TRUE,Not Hazmat,Used,,2631-30,https://i.ibb.co/3mwhM9QX/IMG-2631-pin-30.jpg,,,,,,,
Disneyana,Disney Pins,Disney World 50th Anniversary Mystery Mr Dairy,"Please rely on the photo, rather than the description. Disney World 50th Anniversary Mystery Mr Dairy | Search: Disney Pin",1,Buy it Now,20,0-1 oz,TRUE,Not Hazmat,Used,,2631-31,https://i.ibb.co/SDtY5b4r/IMG-2631-pin-31.jpg,,,,,,,
Disneyana,Disney Pins,20th Badge,"Please rely on the photo, rather than the description. 20th Badge | Search: Disney Pin",1,Buy it Now,100,0-1 oz,TRUE,Not Hazmat,Used,,2631-32,https://i.ibb.co/Q7m7LXsF/IMG-2631-pin-32.jpg,,,,,,,
Disneyana,Disney Pins,Wine & Dine 10k Marathon Princess Tiana Limited Release,"Please rely on the photo, rather than the description. Wine & Dine 10k Marathon Princess Tiana Limited Release | Search: The Princess and the Frog, Disney Pin",1,Buy it Now,10,0-1 oz,TRUE,Not Hazmat,Used,,2631-3,https://i.ibb.co/Myf9SFT3/IMG-2631-pin-3.jpg,,,,,,,
Disneyana,Disney Pins,Baby Moana with Seashell 2017 Souvenir,"Please rely on the photo, rather than the description. Baby Moana with Seashell 2017 Souvenir | Search: Moana, Disney Pin",1,Buy it Now,17,0-1 oz,TRUE,Not Hazmat,Used,,2631-4,https://i.ibb.co/zhkBH84M/IMG-2631-pin-4.jpg,,,,,,,
Disneyana,Disney Pins,Mickey Mouse Mickey and Friends 2025,"Please rely on the photo, rather than the description. Mickey Mouse Mickey and Friends 2025 | Search: Disney Pin",1,Buy it Now,14,0-1 oz,TRUE,Not Hazmat,Used,,2631-5,https://i.ibb.co/zhc02Yzp/IMG-2631-pin-5.jpg,,,,,,,
Disneyana,Disney Pins,Big Hero 6 Mystery Box Baymax in Armor with Wasabi,"Please rely on the photo, rather than the description. Big Hero 6 Mystery Box Baymax in Armor with Wasabi | Search: Disney Pin",1,Buy it Now,18,0-1 oz,TRUE,Not Hazmat,Used,,2631-6,https://i.ibb.co/4nBnb5hW/IMG-2631-pin-6.jpg,,,,,,,
Disneyana,Disney Pins,EPCOT Food & Wine Festival Passholder Mickey Mouse,"Please rely on the photo, rather than the description. EPCOT Food & Wine Festival Passholder Mickey Mouse | Search: Disney Pin",1,Buy it Now,28,0-1 oz,TRUE,Not Hazmat,Used,,2631-8,https://i.ibb.co/232frQC9/IMG-2631-pin-8.jpg,,,,,,,
Disneyana,Disney Pins,Goofy Pluto's Pumpkin Pursuit 2024 Glow in the Dark Free-D,"Please rely on the photo, rather than the description. Goofy Pluto's Pumpkin Pursuit 2024 Glow in the Dark Free-D | Search: Disney Pin",1,Buy it Now,13,0-1 oz,TRUE,Not Hazmat,Used,,2631-9,https://i.ibb.co/2Y7tPtjN/IMG-2631-pin-9.jpg,,,,,,,
Disneyana,Disney Pins,Pins Monkey Coco Alebrijes Mystery Pixar Green Monkey,"Please rely on the photo, rather than the description. Pins Monkey Coco Alebrijes Mystery Pixar Green Monkey | Search: Disney Pin",1,Buy it Now,15,0-1 oz,TRUE,Not Hazmat,Used,,2632-10,https://i.ibb.co/5gjN7pCx/IMG-2632-pin-10.jpg,,,,,,,
Disneyana,Disney Pins,2023 Han Solo I've Got a Bad Feeling About This Star Wars,"Please rely on the photo, rather than the description. 2023 Han Solo I've Got a Bad Feeling About This Star Wars | Search: Star Wars, Disney Pin",1,Buy it Now,12,0-1 oz,TRUE,Not Hazmat,Used,,2632-11,https://i.ibb.co/GvyTNw6G/IMG-2632-pin-11.jpg,,,,,,,
Disneyana,Disney Pins,WDW-Happy Holidays '04 Pin Pursuit Completer Home Sweet Homle Pin,"Please rely on the photo, rather than the description. WDW-Happy Holidays '04 Pin Pursuit Completer Home Sweet Homle Pin | Search: Disney Pin",1,Buy it Now,30,0-1 oz,TRUE,Not Hazmat,Used,,2632-13,https://i.ibb.co/wmt9QNL/IMG-2632-pin-13.jpg,,,,,,,
Disneyana,Disney Pins,Disney World 20th Anniversary Marathon Weekend 2013 Mickey Mouse,"Please rely on the photo, rather than the description. Disney World 20th Anniversary Marathon Weekend 2013 Mickey Mouse | Search: Disney Pin",1,Buy it Now,20,0-1 oz,TRUE,Not Hazmat,Used,,2632-14,https://i.ibb.co/LhHkqyrj/IMG-2632-pin-14.jpg,,,,,,,
Disneyana,Disney Pins,Loungefly Princess Wreath Ribbon Tiana Princess & the Frog,"Please rely on the photo, rather than the description. Loungefly Princess Wreath Ribbon Tiana Princess & the Frog | Search: The Princess and the Frog, Disney Pin",1,Buy it Now,16,0-1 oz,TRUE,Not Hazmat,Used,,2632-15,https://i.ibb.co/Z6qS4TbJ/IMG-2632-pin-15.jpg,,,,,,,
Disneyana,Disney Pins,Pluto's Pumpkin Pursuit Minnie Mouse,"Please rely on the photo, rather than the description. Pluto's Pumpkin Pursuit Minnie Mouse | Search: Disney Pin",1,Buy it Now,15,0-1 oz,TRUE,Not Hazmat,Used,,2632-16,https://i.ibb.co/FLwKv5G0/IMG-2632-pin-16.jpg,,,,,,,
Disneyana,Disney Pins,Disney Store Exclusive Star Wars Series 3 Admiral Ackbar,"Please rely on the photo, rather than the description. Disney Store Exclusive Star Wars Series 3 Admiral Ackbar | Search: Disney Pin",1,Buy it Now,19,0-1 oz,TRUE,Not Hazmat,Used,,2632-17,https://i.ibb.co/35gvBWMk/IMG-2632-pin-17.jpg,,,,,,,
Disneyana,Disney Pins,Duffy and Friends Cookie Anne Badge Hong Kong Unused 1 Piece,"Please rely on the photo, rather than the description. Duffy and Friends Cookie Anne Badge Hong Kong Unused 1 Piece | Search: Disney Pin",1,Buy it Now,30,0-1 oz,TRUE,Not Hazmat,Used,,2632-18,https://i.ibb.co/YT85v4QW/IMG-2632-pin-18.jpg,,,,,,,
Disneyana,Disney Pins,The Mickey Mouse Club Mystery Humphrey the Bear Pouch,"Please rely on the photo, rather than the description. The Mickey Mouse Club Mystery Humphrey the Bear Pouch | Search: Star Wars, Disney Pin",1,Buy it Now,6,0-1 oz,TRUE,Not Hazmat,Used,,2632-19,https://i.ibb.co/0p5JQXSt/IMG-2632-pin-19.jpg,,,,,,,
Disneyana,Disney Pins,Disneyland Paris DLP Music Festival Donald & Daisy,"Please rely on the photo, rather than the description. Disneyland Paris DLP Music Festival Donald & Daisy | Search: Disney Pin",1,Buy it Now,50,0-1 oz,TRUE,Not Hazmat,Used,,2632-1,https://i.ibb.co/5WJSnZJC/IMG-2632-pin-1.jpg,,,,,,,
Disneyana,Disney Pins,Ducks of Sorcerer Mickey Rubber Duckies Mystery,"Please rely on the photo, rather than the description. Ducks of Sorcerer Mickey Rubber Duckies Mystery | Search: Fantasia, Disney Pin",1,Buy it Now,28,0-1 oz,TRUE,Not Hazmat,Used,,2632-20,https://i.ibb.co/rKGCqnvS/IMG-2632-pin-20.jpg,,,,,,,
Disneyana,Disney Pins,Loungefly Rapunzel Princess Holding Set Tangled,"Please rely on the photo, rather than the description. Loungefly Rapunzel Princess Holding Set Tangled | Search: Tangled, Disney Pin",1,Buy it Now,20,0-1 oz,TRUE,Not Hazmat,Used,,2632-21,https://i.ibb.co/x83hKw81/IMG-2632-pin-21.jpg,,,,,,,
Disneyana,Disney Pins,Mickey Donald Best Friends Are Forever Hugging - 2008,"Please rely on the photo, rather than the description. Mickey Donald Best Friends Are Forever Hugging - 2008 | Search: WALL-E, Disney Pin",1,Buy it Now,11,0-1 oz,TRUE,Not Hazmat,Used,,2632-22,https://i.ibb.co/qMj26Ptf/IMG-2632-pin-22.jpg,,,,,,,
Disneyana,Disney Pins,Mike Wazowski Avocado Breakfast Bagel Munchlings Monsters Inc,"Please rely on the photo, rather than the description. Mike Wazowski Avocado Breakfast Bagel Munchlings Monsters Inc | Search: Monsters Inc, Disney Pin",1,Buy it Now,11,0-1 oz,TRUE,Not Hazmat,Used,,2632-23,https://i.ibb.co/p6f14XP3/IMG-2632-pin-23.jpg,,,,,,,
Disneyana,Disney Pins,Travel Grand Plan Mickey & Minnie in Pink Car,"Please rely on the photo, rather than the description. Travel Grand Plan Mickey & Minnie in Pink Car | Search: Disney Pin",1,Buy it Now,45,0-1 oz,TRUE,Not Hazmat,Used,,2632-24,https://i.ibb.co/yGZTCd5/IMG-2632-pin-24.jpg,,,,,,,
Disneyana,Disney Pins,2014 Disney Parks Happy Holidays All-Star Resort LE 750 Pluto,"Please rely on the photo, rather than the description. 2014 Disney Parks Happy Holidays All-Star Resort LE 750 Pluto | Search: Disney Pin",1,Buy it Now,25,0-1 oz,TRUE,Not Hazmat,Used,,2632-2,https://i.ibb.co/7NWGFZMc/IMG-2632-pin-2.jpg,,,,,,,
Disneyana,Disney Pins,DCL Minnie Mouse Dancing Cruise Line 2020,"Please rely on the photo, rather than the description. DCL Minnie Mouse Dancing Cruise Line 2020 | Search: Disney Pin",1,Buy it Now,19,0-1 oz,TRUE,Not Hazmat,Used,,2632-5,https://i.ibb.co/Y7PY1sRP/IMG-2632-pin-5.jpg,,,,,,,
Disneyana,Disney Pins,Alice in Wonderland Mad Hatter and March Hare Tea Time,"Please rely on the photo, rather than the description. Alice in Wonderland Mad Hatter and March Hare Tea Time | Search: Alice in Wonderland, Disney Pin",1,Buy it Now,21,0-1 oz,TRUE,Not Hazmat,Used,,2632-7,https://i.ibb.co/8DTrsX3H/IMG-2632-pin-7.jpg,,,,,,,
Disneyana,Disney Pins,M&p Minnie & Mickey Bell and Present Slider Merry Christmas 2002 LE,"Please rely on the photo, rather than the description. M&p Minnie & Mickey Bell and Present Slider Merry Christmas 2002 LE | Search: Disney Pin",1,Buy it Now,58,0-1 oz,TRUE,Not Hazmat,Used,,2632-8,https://i.ibb.co/WJWXygM/IMG-2632-pin-8.jpg,,,,,,,
Disneyana,Disney Pins,Jumbo Alice in Wonderland Playing Card Deck 2 of Diamonds Acme LE 300,"Please rely on the photo, rather than the description. Jumbo Alice in Wonderland Playing Card Deck 2 of Diamonds Acme LE 300 | Search: Alice in Wonderland, Disney Pin",1,Buy it Now,140,0-1 oz,TRUE,Not Hazmat,Used,,2632-9,https://i.ibb.co/yc3QN6bW/IMG-2632-pin-9.jpg,,,,,,,
Disneyana,Disney Pins,Disney Parks Pirates of the Caribbean Booster 2023 Redd Pirate Lady,"Please rely on the photo, rather than the description. Disney Parks Pirates of the Caribbean Booster 2023 Redd Pirate Lady | Search: Monsters Inc, Disney Pin",1,Buy it Now,17,0-1 oz,TRUE,Not Hazmat,Used,,2633-11,https://i.ibb.co/6Rs36v4L/IMG-2633-pin-11.jpg,,,,,,,
Disneyana,Disney Pins,Expo 2024 MOG WDI Maps Aladdin Jafar LE 400,"Please rely on the photo, rather than the description. Expo 2024 MOG WDI Maps Aladdin Jafar LE 400 | Search: Aladdin, Disney Pin",1,Buy it Now,50,0-1 oz,TRUE,Not Hazmat,Used,,2633-12,https://i.ibb.co/N26DCRyz/IMG-2633-pin-12.jpg,,,,,,,
Disneyana,Disney Pins,Kingdom of Cute Mystry Box Collection Jungle Cruise Boat Ride Cute,"Please rely on the photo, rather than the description. Kingdom of Cute Mystry Box Collection Jungle Cruise Boat Ride Cute | Search: Disney Pin",1,Buy it Now,13,0-1 oz,TRUE,Not Hazmat,Used,,2633-13,https://i.ibb.co/Y7r7xYF1/IMG-2633-pin-13.jpg,,,,,,,
Disneyana,Disney Pins,Star Wars Luke Obi-Wan R2d2 C3po Land Speeder Tatooine Cartoon Style,"Please rely on the photo, rather than the description. Star Wars Luke Obi-Wan R2d2 C3po Land Speeder Tatooine Cartoon Style | Search: Star Wars, Disney Pin",1,Buy it Now,15,0-1 oz,TRUE,Not Hazmat,Used,,2633-14,https://i.ibb.co/bjsfkB8d/IMG-2633-pin-14.jpg,,,,,,,
Disneyana,Disney Pins,Fab 3 Donald Duck Goofy & Mickey Mouse Visa Cardmember 2008 59343,"Please rely on the photo, rather than the description. Fab 3 Donald Duck Goofy & Mickey Mouse Visa Cardmember 2008 59343 | Search: Disney Pin",1,Buy it Now,25,0-1 oz,TRUE,Not Hazmat,Used,,2633-15,https://i.ibb.co/993G4zYY/IMG-2633-pin-15.jpg,,,,,,,
Disneyana,Disney Pins,HKDL Hong Kong Carnival License Plate Pinocchio,"Please rely on the photo, rather than the description. HKDL Hong Kong Carnival License Plate Pinocchio | Search: Pinocchio, Disney Pin",1,Buy it Now,19,0-1 oz,TRUE,Not Hazmat,Used,,2633-17,https://i.ibb.co/6cPnMGRR/IMG-2633-pin-17.jpg,,,,,,,
Disneyana,Disney Pins,DSSH DSF Live Action Lilo & Stitch Sunshine Stitch Stained Glass LE,"Please rely on the photo, rather than the description. DSSH DSF Live Action Lilo & Stitch Sunshine Stitch Stained Glass LE | Search: Lilo & Stitch, Disney Pin",1,Buy it Now,50,0-1 oz,TRUE,Not Hazmat,Used,,2633-1,https://i.ibb.co/Pvs969V4/IMG-2633-pin-1.jpg,,,,,,,
Disneyana,Disney Pins,2025 626 Day Stitch in Sand LE 4000 Nights Release,"Please rely on the photo, rather than the description. 2025 626 Day Stitch in Sand LE 4000 Nights Release | Search: Lilo & Stitch, Disney Pin",1,Buy it Now,35,0-1 oz,TRUE,Not Hazmat,Used,,2633-2,https://i.ibb.co/GQQsBphQ/IMG-2633-pin-2.jpg,,,,,,,
Disneyana,Disney Pins,Disney Parks Orange Bird Napping Sleeping Pillow 2026 Velvet Pillow,"Please rely on the photo, rather than the description. Disney Parks Orange Bird Napping Sleeping Pillow 2026 Velvet Pillow | Search: Disney Pin",1,Buy it Now,24,0-1 oz,TRUE,Not Hazmat,Used,,2633-3,https://i.ibb.co/Kxsnhb6x/IMG-2633-pin-3.jpg,,,,,,,
Disneyana,Disney Pins,Disney Parks Tiana's Bayou Adventure 2024 We Know a Shortcut Ride Drop,"Please rely on the photo, rather than the description. Disney Parks Tiana's Bayou Adventure 2024 We Know a Shortcut Ride Drop | Search: The Princess and the Frog, Disney Pin",1,Buy it Now,19,0-1 oz,TRUE,Not Hazmat,Used,,2633-5,https://i.ibb.co/7xdZ4XH0/IMG-2633-pin-5.jpg,,,,,,,
Disneyana,Disney Pins,Pink a La Mode PALM Princess Jasmine Royal Harvest Pumpkin LE 300,"Please rely on the photo, rather than the description. Pink a La Mode PALM Princess Jasmine Royal Harvest Pumpkin LE 300 | Search: Aladdin, Disney Pin",1,Buy it Now,36,0-1 oz,TRUE,Not Hazmat,Used,,2633-6,https://i.ibb.co/MyF9GCR8/IMG-2633-pin-6.jpg,,,,,,,
Disneyana,Disney Pins,DLP Paris 2013 Brave Mother's Day Merida Elinor LE 600,"Please rely on the photo, rather than the description. DLP Paris 2013 Brave Mother's Day Merida Elinor LE 600 | Search: Brave, Disney Pin",1,Buy it Now,80,0-1 oz,TRUE,Not Hazmat,Used,,2633-7,https://i.ibb.co/Rk1dDszd/IMG-2633-pin-7.jpg,,,,,,,
Disneyana,Disney Pins,Disney Cruise Line DCL Wave Logo Mickey Mouse Deep Blue Sea Flag Wish,"Please rely on the photo, rather than the description. Disney Cruise Line DCL Wave Logo Mickey Mouse Deep Blue Sea Flag Wish | Search: Disney Pin",1,Buy it Now,25,0-1 oz,TRUE,Not Hazmat,Used,,2633-8,https://i.ibb.co/b5WgTrJ2/IMG-2633-pin-8.jpg,,,,,,,
Disneyana,Disney Pins,Figment Food and Wine Festival 2025 EPCOT International Chef Pins,"Please rely on the photo, rather than the description. Figment Food and Wine Festival 2025 EPCOT International Chef Pins | Search: Disney Pin",1,Buy it Now,35,0-1 oz,TRUE,Not Hazmat,Used,,2633-9,https://i.ibb.co/CpGtzh75/IMG-2633-pin-9.jpg,,,,,,,
Disneyana,Disney Pins,2019 Star Wars Industrial Automation Astromech Droid R2d2,"Please rely on the photo, rather than the description. 2019 Star Wars Industrial Automation Astromech Droid R2d2 | Search: Disney Pin",1,Buy it Now,8,0-1 oz,TRUE,Not Hazmat,Used,,2634-10,https://i.ibb.co/gZn6RPP4/IMG-2634-pin-10.jpg,,,,,,,
Disneyana,Disney Pins,Pins-2018 Ice Cream Mystery-Pluto,"Please rely on the photo, rather than the description. Pins-2018 Ice Cream Mystery-Pluto | Search: Disney Pin",1,Buy it Now,8,0-1 oz,TRUE,Not Hazmat,Used,,2634-11,https://i.ibb.co/tp2c24d7/IMG-2634-pin-11.jpg,,,,,,,
Disneyana,Disney Pins,Disney Parks 2025 Mini Mixits Mix It's Mystery Mickey Mouse Tiki Bird,"Please rely on the photo, rather than the description. Disney Parks 2025 Mini Mixits Mix It's Mystery Mickey Mouse Tiki Bird | Search: Disney Pin",1,Buy it Now,15,0-1 oz,TRUE,Not Hazmat,Used,,2634-14,https://i.ibb.co/992sHb9p/IMG-2634-pin-14.jpg,,,,,,,
Disneyana,Disney Pins,Adventures by Treasures of the Galapagos El Mercado Minnie,"Please rely on the photo, rather than the description. Adventures by Treasures of the Galapagos El Mercado Minnie | Search: Disney Pin",1,Buy it Now,24,0-1 oz,TRUE,Not Hazmat,Used,,2634-16,https://i.ibb.co/RTZZQ9PQ/IMG-2634-pin-16.jpg,,,,,,,
Disneyana,Disney Pins,Simba Characters as Mugs Mystery the Lion King,"Please rely on the photo, rather than the description. Simba Characters as Mugs Mystery the Lion King | Search: The Lion King, Disney Pin",1,Buy it Now,10,0-1 oz,TRUE,Not Hazmat,Used,,2634-17,https://i.ibb.co/ch4RQZ52/IMG-2634-pin-17.jpg,,,,,,,
Disneyana,Disney Pins,Studios Vintage 2000 Celebrate Future,"Please rely on the photo, rather than the description. Studios Vintage 2000 Celebrate Future | Search: Star Wars, Disney Pin",1,Buy it Now,10,0-1 oz,TRUE,Not Hazmat,Used,,2634-18,https://i.ibb.co/ycFKNKCw/IMG-2634-pin-18.jpg,,,,,,,
Disneyana,Disney Pins,2024 Alice in Wonderland 2 Set Tweedle Dee Tweedle Dum,"Please rely on the photo, rather than the description. 2024 Alice in Wonderland 2 Set Tweedle Dee Tweedle Dum | Search: Alice in Wonderland, Disney Pin",1,Buy it Now,16,0-1 oz,TRUE,Not Hazmat,Used,,2634-1,https://i.ibb.co/fVtWvBYh/IMG-2634-pin-1.jpg,,,,,,,
Disneyana,Disney Pins,Pins 2024 Booster Simba from the Lion King,"Please rely on the photo, rather than the description. Pins 2024 Booster Simba from the Lion King | Search: The Lion King, Disney Pin",1,Buy it Now,12,0-1 oz,TRUE,Not Hazmat,Used,,2634-20,https://i.ibb.co/gLTXmpS1/IMG-2634-pin-20.jpg,,,,,,,
Disneyana,Disney Pins,Kingdom of Cute Mystery Teacup,"Please rely on the photo, rather than the description. Kingdom of Cute Mystery Teacup | Search: Disney Pin",1,Buy it Now,5,0-1 oz,TRUE,Not Hazmat,Used,,2634-21,https://i.ibb.co/dwLbnxd3/IMG-2634-pin-21.jpg,,,,,,,
Disneyana,Disney Pins,WDW Hidden Disney Pixar: Toy Story Baby Head **new Never Traded**,"Please rely on the photo, rather than the description. WDW Hidden Disney Pixar: Toy Story Baby Head **new Never Traded** | Search: WALL-E, Disney Pin",1,Buy it Now,10,0-1 oz,TRUE,Not Hazmat,Used,,2634-22,https://i.ibb.co/q3zmVctZ/IMG-2634-pin-22.jpg,,,,,,,
Disneyana,Disney Pins,Pixar Up Young Ellie Bottle Cap Pin,"Please rely on the photo, rather than the description. Pixar Up Young Ellie Bottle Cap Pin | Search: Disney Pin",1,Buy it Now,11,0-1 oz,TRUE,Not Hazmat,Used,,2634-23,https://i.ibb.co/RTqtc00f/IMG-2634-pin-23.jpg,,,,,,,
Disneyana,Disney Pins,TDR Tokyo Halloween 2019 Game Prize Mickey Mouse,"Please rely on the photo, rather than the description. TDR Tokyo Halloween 2019 Game Prize Mickey Mouse | Search: Disney Pin",1,Buy it Now,12,0-1 oz,TRUE,Not Hazmat,Used,,2634-24,https://i.ibb.co/KxNRdQpF/IMG-2634-pin-24.jpg,,,,,,,
Disneyana,Disney Pins,Minnie and Daisy Mickey Mouse Club Mystery,"Please rely on the photo, rather than the description. Minnie and Daisy Mickey Mouse Club Mystery | Search: Disney Pin",1,Buy it Now,12,0-1 oz,TRUE,Not Hazmat,Used,,2634-25,https://i.ibb.co/7NXDd0Sf/IMG-2634-pin-25.jpg,,,,,,,
Disneyana,Disney Pins,Vtg Piglet Hallmark Winnie the Pooh,"Please rely on the photo, rather than the description. Vtg Piglet Hallmark Winnie the Pooh | Search: Winnie the Pooh, Disney Pin",1,Buy it Now,10,0-1 oz,TRUE,Not Hazmat,Used,,2634-26,https://i.ibb.co/Df3HDsfs/IMG-2634-pin-26.jpg,,,,,,,
Disneyana,Disney Pins,"Tokyo -Sea 15-Year of Wishes Jumbo -Pluto, Donald Duck & Goofy","Please rely on the photo, rather than the description. Tokyo -Sea 15-Year of Wishes Jumbo -Pluto, Donald Duck & Goofy | Search: Disney Pin",1,Buy it Now,30,0-1 oz,TRUE,Not Hazmat,Used,,2634-28,https://i.ibb.co/hRC99w21/IMG-2634-pin-28.jpg,,,,,,,
Disneyana,Disney Pins,Auctions Ebay Tuxedo Mickey & Minnie Mouse LE 1000,"Please rely on the photo, rather than the description. Auctions Ebay Tuxedo Mickey & Minnie Mouse LE 1000 | Search: Disney Pin",1,Buy it Now,30,0-1 oz,TRUE,Not Hazmat,Used,,2634-29,https://i.ibb.co/mVPQCd6V/IMG-2634-pin-29.jpg,,,,,,,
Disneyana,Disney Pins,Donald Duck Ice Cream Cone Pink a La Mode PALM Cute Food PALM,"Please rely on the photo, rather than the description. Donald Duck Ice Cream Cone Pink a La Mode PALM Cute Food PALM | Search: Disney Pin",1,Buy it Now,15,0-1 oz,TRUE,Not Hazmat,Used,,2634-31,https://i.ibb.co/tTz7RXq5/IMG-2634-pin-31.jpg,,,,,,,
Disneyana,Disney Pins,2021 50th Anniversary Castle with Blue Gems Visa Rewards,"Please rely on the photo, rather than the description. 2021 50th Anniversary Castle with Blue Gems Visa Rewards | Search: Disney Pin",1,Buy it Now,30,0-1 oz,TRUE,Not Hazmat,Used,,2634-3,https://i.ibb.co/fYMxzf6r/IMG-2634-pin-3.jpg,,,,,,,
Disneyana,Disney Pins,Sweet Dreams Nap Mystery Lady and the Tramp Tramp,"Please rely on the photo, rather than the description. Sweet Dreams Nap Mystery Lady and the Tramp Tramp | Search: Disney Pin",1,Buy it Now,10,0-1 oz,TRUE,Not Hazmat,Used,,2634-4,https://i.ibb.co/21mPQwKJ/IMG-2634-pin-4.jpg,,,,,,,
Disneyana,Disney Pins,DLR Glow Happy Halloween Fab 4 LE,"Please rely on the photo, rather than the description. DLR Glow Happy Halloween Fab 4 LE | Search: Disney Pin",1,Buy it Now,30,0-1 oz,TRUE,Not Hazmat,Used,,2634-5,https://i.ibb.co/DHBJ1VMS/IMG-2634-pin-5.jpg,,,,,,,
Disneyana,Disney Pins,The Haunted Mansion Mystery Pins,"Please rely on the photo, rather than the description. The Haunted Mansion Mystery Pins | Search: Disney Pin",1,Buy it Now,18,0-1 oz,TRUE,Not Hazmat,Used,,2634-6,https://i.ibb.co/WpvdXhHc/IMG-2634-pin-6.jpg,,,,,,,
Disneyana,Disney Pins,Goofy How to Ride a Horse LE 3000 2023,"Please rely on the photo, rather than the description. Goofy How to Ride a Horse LE 3000 2023 | Search: Disney Pin",1,Buy it Now,9,0-1 oz,TRUE,Not Hazmat,Used,,2634-7,https://i.ibb.co/GQb26nZF/IMG-2634-pin-7.jpg,,,,,,,
Disneyana,Disney Pins,Pins Donald Duck Flower Portrait,"Please rely on the photo, rather than the description. Pins Donald Duck Flower Portrait | Search: Bambi, Disney Pin",1,Buy it Now,20,0-1 oz,TRUE,Not Hazmat,Used,,2634-8,https://i.ibb.co/fVtZKtZq/IMG-2634-pin-8.jpg,,,,,,,
Disneyana,Disney Pins,Loungefly Incredibles Pixar Records Set Mystery,"Please rely on the photo, rather than the description. Loungefly Incredibles Pixar Records Set Mystery | Search: Disney Pin",1,Buy it Now,20,0-1 oz,TRUE,Not Hazmat,Used,,2634-9,https://i.ibb.co/bRC9W7bf/IMG-2634-pin-9.jpg,,,,,,,
Disneyana,Disney Pins,2019 Winnie the Pooh Dangle Balloon Hunny Pot,"Please rely on the photo, rather than the description. 2019 Winnie the Pooh Dangle Balloon Hunny Pot | Search: Winnie the Pooh, Disney Pin",1,Buy it Now,12,0-1 oz,TRUE,Not Hazmat,Used,,2635-10,https://i.ibb.co/wrK2xPJs/IMG-2635-pin-10.jpg,,,,,,,
Disneyana,Disney Pins,Munchlings Series 2 Mystery Minnie Mouse Blueberry Pancake,"Please rely on the photo, rather than the description. Munchlings Series 2 Mystery Minnie Mouse Blueberry Pancake | Search: Disney Pin",1,Buy it Now,13,0-1 oz,TRUE,Not Hazmat,Used,,2635-11,https://i.ibb.co/jkQgc4Zp/IMG-2635-pin-11.jpg,,,,,,,
Disneyana,Disney Pins,Mickey & Minnie Starter Set Mickey,"Please rely on the photo, rather than the description. Mickey & Minnie Starter Set Mickey | Search: Disney Pin",1,Buy it Now,25,0-1 oz,TRUE,Not Hazmat,Used,,2635-13,https://i.ibb.co/jPNv0GgK/IMG-2635-pin-13.jpg,,,,,,,
Disneyana,Disney Pins,TDR Tokyo Disneyland 19th Anniversary Mickey & Minnie Mouse,"Please rely on the photo, rather than the description. TDR Tokyo Disneyland 19th Anniversary Mickey & Minnie Mouse | Search: Disney Pin",1,Buy it Now,20,0-1 oz,TRUE,Not Hazmat,Used,,2635-15,https://i.ibb.co/0j74HWkY/IMG-2635-pin-15.jpg,,,,,,,
Disneyana,Disney Pins,Single Seven Dwarfs Disneyland 2014 Franchise,"Please rely on the photo, rather than the description. Single Seven Dwarfs Disneyland 2014 Franchise | Search: WALL-E, Disney Pin",1,Buy it Now,12,0-1 oz,TRUE,Not Hazmat,Used,,2635-16,https://i.ibb.co/rK80ZLz2/IMG-2635-pin-16.jpg,,,,,,,
Disneyana,Disney Pins,2025 Disney Parks Disney World I Pins Florida License Plate Oe,"Please rely on the photo, rather than the description. 2025 Disney Parks Disney World I Pins Florida License Plate Oe | Search: Disney Pin",1,Buy it Now,17,0-1 oz,TRUE,Not Hazmat,Used,,2635-17,https://i.ibb.co/FbnCDPY6/IMG-2635-pin-17.jpg,,,,,,,
Disneyana,Disney Pins,Hook in the Sky Chaser Maui Tattoo 2018 Hidden Mickey WDW Moana,"Please rely on the photo, rather than the description. Hook in the Sky Chaser Maui Tattoo 2018 Hidden Mickey WDW Moana | Search: Moana, Disney Pin",1,Buy it Now,8,0-1 oz,TRUE,Not Hazmat,Used,,2635-18,https://i.ibb.co/ynJWmNT0/IMG-2635-pin-18.jpg,,,,,,,
Disneyana,Disney Pins,Hidden Mickey Princess Shield Snow White Apple Chaser,"Please rely on the photo, rather than the description. Hidden Mickey Princess Shield Snow White Apple Chaser | Search: Snow White, Disney Pin",1,Buy it Now,8,0-1 oz,TRUE,Not Hazmat,Used,,2635-21,https://i.ibb.co/XxtR5Gjw/IMG-2635-pin-21.jpg,,,,,,,
Disneyana,Disney Pins,Turning Red Pixar Mei Lee Priya Abby and Miriam,"Please rely on the photo, rather than the description. Turning Red Pixar Mei Lee Priya Abby and Miriam | Search: Disney Pin",1,Buy it Now,15,0-1 oz,TRUE,Not Hazmat,Used,,2635-2,https://i.ibb.co/CpLSHVfW/IMG-2635-pin-2.jpg,,,,,,,
Disneyana,Disney Pins,Disney Parks Simba & Timon Lion King on Card,"Please rely on the photo, rather than the description. Disney Parks Simba & Timon Lion King on Card | Search: The Lion King, Disney Pin",1,Buy it Now,14,0-1 oz,TRUE,Not Hazmat,Used,,2635-3,https://i.ibb.co/MyPnNTKp/IMG-2635-pin-3.jpg,,,,,,,
Disneyana,Disney Pins,Frozen 10th Anniversary LE 3000 Kristoff Sven Pin,"Please rely on the photo, rather than the description. Frozen 10th Anniversary LE 3000 Kristoff Sven Pin | Search: Frozen, Disney Pin",1,Buy it Now,15,0-1 oz,TRUE,Not Hazmat,Used,,2635-5,https://i.ibb.co/N2NvbCHK/IMG-2635-pin-5.jpg,,,,,,,
Disneyana,Disney Pins,2024 Tiana Princess and the Frog 3D Tiara Series,"Please rely on the photo, rather than the description. 2024 Tiana Princess and the Frog 3D Tiara Series | Search: The Princess and the Frog, Disney Pin",1,Buy it Now,12,0-1 oz,TRUE,Not Hazmat,Used,,2635-6,https://i.ibb.co/BFYmb43/IMG-2635-pin-6.jpg,,,,,,,
Disneyana,Disney Pins,Loungefly Princess Camping Sidekicks & Tent Belle Cogsworth,"Please rely on the photo, rather than the description. Loungefly Princess Camping Sidekicks & Tent Belle Cogsworth | Search: Beauty and the Beast, Disney Pin",1,Buy it Now,14,0-1 oz,TRUE,Not Hazmat,Used,,2635-8,https://i.ibb.co/nND6rWvx/IMG-2635-pin-8.jpg,,,,,,,
Disneyana,Disney Pins,Mickey Mouse Experience the Savanna Animal Kingdom 2024,"Please rely on the photo, rather than the description. Mickey Mouse Experience the Savanna Animal Kingdom 2024 | Search: Frozen, Disney Pin",1,Buy it Now,15,0-1 oz,TRUE,Not Hazmat,Used,,2635-9,https://i.ibb.co/whc7bY9Q/IMG-2635-pin-9.jpg,,,,,,,
Disneyana,Disney Pins,2023 Pins Marvel First Appearance LE 2000 Avengers #29,"Please rely on the photo, rather than the description. 2023 Pins Marvel First Appearance LE 2000 Avengers #29 | Search: Disney Pin",1,Buy it Now,18,0-1 oz,TRUE,Not Hazmat,Used,,2636-10,https://i.ibb.co/d0qQxr4n/IMG-2636-pin-10.jpg,,,,,,,
Disneyana,Disney Pins,Pins Variety Choose Your Pins,"Please rely on the photo, rather than the description. Pins Variety Choose Your Pins | Search: Disney Pin",1,Buy it Now,15,0-1 oz,TRUE,Not Hazmat,Used,,2636-11,https://i.ibb.co/993mcMDw/IMG-2636-pin-11.jpg,,,,,,,
Disneyana,Disney Pins,Lucifer Cinderella Sweet Dreams Mystery,"Please rely on the photo, rather than the description. Lucifer Cinderella Sweet Dreams Mystery | Search: Cinderella, Disney Pin",1,Buy it Now,14,0-1 oz,TRUE,Not Hazmat,Used,,2636-12,https://i.ibb.co/qLnjZtCX/IMG-2636-pin-12.jpg,,,,,,,
Disneyana,Disney Pins,Bagheera and Hathi Jungle Book Disney Parks Booster Set 2019,"Please rely on the photo, rather than the description. Bagheera and Hathi Jungle Book Disney Parks Booster Set 2019 | Search: The Jungle Book, Disney Pin",1,Buy it Now,17,0-1 oz,TRUE,Not Hazmat,Used,,2636-14,https://i.ibb.co/BK57TM5c/IMG-2636-pin-14.jpg,,,,,,,
Disneyana,Disney Pins,Belle Cameo Side Profile Silver Frame Portrait Beauty,"Please rely on the photo, rather than the description. Belle Cameo Side Profile Silver Frame Portrait Beauty | Search: Beauty and the Beast, Disney Pin",1,Buy it Now,19,0-1 oz,TRUE,Not Hazmat,Used,,2636-15,https://i.ibb.co/KcXWPDns/IMG-2636-pin-15.jpg,,,,,,,
Disneyana,Disney Pins,Loungefly Princess Character Cupcakes Series Belle Cupcake,"Please rely on the photo, rather than the description. Loungefly Princess Character Cupcakes Series Belle Cupcake | Search: Beauty and the Beast, Disney Pin",1,Buy it Now,13,0-1 oz,TRUE,Not Hazmat,Used,,2636-16,https://i.ibb.co/3yhMMG1R/IMG-2636-pin-16.jpg,,,,,,,
Disneyana,Disney Pins,2025 Disney Parks Stitch Attacks Snacks Stitch with Hot Chocolate Drink,"Please rely on the photo, rather than the description. 2025 Disney Parks Stitch Attacks Snacks Stitch with Hot Chocolate Drink | Search: Lilo & Stitch, Disney Pin",1,Buy it Now,15,0-1 oz,TRUE,Not Hazmat,Used,,2636-17,https://i.ibb.co/sJyHM6nS/IMG-2636-pin-17.jpg,,,,,,,
Disneyana,Disney Pins,DLP Dlrp Paris Bambi Christmas Booster 2012 92968,"Please rely on the photo, rather than the description. DLP Dlrp Paris Bambi Christmas Booster 2012 92968 | Search: Bambi, Disney Pin",1,Buy it Now,18,0-1 oz,TRUE,Not Hazmat,Used,,2636-19,https://i.ibb.co/dJJCvjPJ/IMG-2636-pin-19.jpg,,,,,,,
Disneyana,Disney Pins,Fan Club Gold Member 2025 Exclusive Stitch,"Please rely on the photo, rather than the description. Fan Club Gold Member 2025 Exclusive Stitch | Search: Lilo & Stitch, Disney Pin",1,Buy it Now,37,0-1 oz,TRUE,Not Hazmat,Used,,2636-1,https://i.ibb.co/zTW4DJXz/IMG-2636-pin-1.jpg,,,,,,,
Disneyana,Disney Pins,Handbag Purse Mystery Mary Poppins,"Please rely on the photo, rather than the description. Handbag Purse Mystery Mary Poppins | Search: Star Wars, Disney Pin",1,Buy it Now,16,0-1 oz,TRUE,Not Hazmat,Used,,2636-21,https://i.ibb.co/v4WK6MKm/IMG-2636-pin-21.jpg,,,,,,,
Disneyana,Disney Pins,Pins Magical Chefs Mystery Mickey Mouse Mickey Mouse Pins 2025,"Please rely on the photo, rather than the description. Pins Magical Chefs Mystery Mickey Mouse Mickey Mouse Pins 2025 | Search: Disney Pin",1,Buy it Now,10,0-1 oz,TRUE,Not Hazmat,Used,,2636-22,https://i.ibb.co/v4M9cjVt/IMG-2636-pin-22.jpg,,,,,,,
Disneyana,Disney Pins,Loungefly Tiana Princess Ice Cream Cone Mystery Blind Box,"Please rely on the photo, rather than the description. Loungefly Tiana Princess Ice Cream Cone Mystery Blind Box | Search: The Princess and the Frog, Disney Pin",1,Buy it Now,26,0-1 oz,TRUE,Not Hazmat,Used,,2636-23,https://i.ibb.co/GGBqpDz/IMG-2636-pin-23.jpg,,,,,,,
Disneyana,Disney Pins,2025 Disney Parks Headphones Magical Mystery Series 30 Aladdin Genie,"Please rely on the photo, rather than the description. 2025 Disney Parks Headphones Magical Mystery Series 30 Aladdin Genie | Search: Aladdin, Disney Pin",1,Buy it Now,15,0-1 oz,TRUE,Not Hazmat,Used,,2636-25,https://i.ibb.co/cSkJr52Y/IMG-2636-pin-25.jpg,,,,,,,
Disneyana,Disney Pins,Disney Parks 25th Anniversary of Mickey Mouse Board,"Please rely on the photo, rather than the description. Disney Parks 25th Anniversary of Mickey Mouse Board | Search: Disney Pin",1,Buy it Now,20,0-1 oz,TRUE,Not Hazmat,Used,,2636-26,https://i.ibb.co/xtQmFmxC/IMG-2636-pin-26.jpg,,,,,,,
Disneyana,Disney Pins,WDW-Mickey with EPCOT Circle of Flags 2005,"Please rely on the photo, rather than the description. WDW-Mickey with EPCOT Circle of Flags 2005 | Search: Disney Pin",1,Buy it Now,13,0-1 oz,TRUE,Not Hazmat,Used,,2636-27,https://i.ibb.co/tMvKj1Wr/IMG-2636-pin-27.jpg,,,,,,,
Disneyana,Disney Pins,Character Kite Mystery Collection Pongo 101 Dalmatians,"Please rely on the photo, rather than the description. Character Kite Mystery Collection Pongo 101 Dalmatians | Search: 101 Dalmatians, Disney Pin",1,Buy it Now,10,0-1 oz,TRUE,Not Hazmat,Used,,2636-29,https://i.ibb.co/RnZxQdX/IMG-2636-pin-29.jpg,,,,,,,
Disneyana,Disney Pins,Disney Parks Pin Lion King Family Cluster Simba Scar Mufasa Timon on Card,"Please rely on the photo, rather than the description. Disney Parks Pin Lion King Family Cluster Simba Scar Mufasa Timon on Card | Search: The Lion King, Disney Pin",1,Buy it Now,12,0-1 oz,TRUE,Not Hazmat,Used,,2636-2,https://i.ibb.co/sdGvJ7w7/IMG-2636-pin-2.jpg,,,,,,,
Disneyana,Disney Pins,Wine & Dine Half Marathon Weekend 2024 Tiana 10k Limited Release,"Please rely on the photo, rather than the description. Wine & Dine Half Marathon Weekend 2024 Tiana 10k Limited Release | Search: The Princess and the Frog, Disney Pin",1,Buy it Now,6,0-1 oz,TRUE,Not Hazmat,Used,,2636-3,https://i.ibb.co/Fbsh0vZt/IMG-2636-pin-3.jpg,,,,,,,
Disneyana,Disney Pins,Disney Parks Tigger 3D Sculpted Metallic,"Please rely on the photo, rather than the description. Disney Parks Tigger 3D Sculpted Metallic | Search: Winnie the Pooh, Disney Pin",1,Buy it Now,12,0-1 oz,TRUE,Not Hazmat,Used,,2636-4,https://i.ibb.co/r2mF12tm/IMG-2636-pin-4.jpg,,,,,,,
Disneyana,Disney Pins,Villains Mysterious Monuments Halloween 2025 Ursula LE 5000,"Please rely on the photo, rather than the description. Villains Mysterious Monuments Halloween 2025 Ursula LE 5000 | Search: The Little Mermaid, Disney Pin",1,Buy it Now,28,0-1 oz,TRUE,Not Hazmat,Used,,2636-5,https://i.ibb.co/r2xTngGJ/IMG-2636-pin-5.jpg,,,,,,,
Disneyana,Disney Pins,Pirates of the Caribbean on Stranger Tides Mystery Collection2011,"Please rely on the photo, rather than the description. Pirates of the Caribbean on Stranger Tides Mystery Collection2011 | Search: Inside Out, Disney Pin",1,Buy it Now,20,0-1 oz,TRUE,Not Hazmat,Used,,2636-6,https://i.ibb.co/NdkqqPJ6/IMG-2636-pin-6.jpg,,,,,,,
Disneyana,Disney Pins,"2024 Ride 20,000 Leagues Under the Sea 70th Anniversary Nip","Please rely on the photo, rather than the description. 2024 Ride 20,000 Leagues Under the Sea 70th Anniversary Nip | Search: Disney Pin",1,Buy it Now,22,0-1 oz,TRUE,Not Hazmat,Used,,2636-7,https://i.ibb.co/w99pwpC/IMG-2636-pin-7.jpg,,,,,,,
Disneyana,Disney Pins,Vacation Club 15 Years Exclusive Mickey Minnie Mouse Cake 2006,"Please rely on the photo, rather than the description. Vacation Club 15 Years Exclusive Mickey Minnie Mouse Cake 2006 | Search: Disney Pin",1,Buy it Now,10,0-1 oz,TRUE,Not Hazmat,Used,,2636-8,https://i.ibb.co/LDfDgkB0/IMG-2636-pin-8.jpg,,,,,,,
Disneyana,Disney Pins,2025 Jake Sully and Varang Avatar: Fire and Ash Spinner 3D Sculpted,"Please rely on the photo, rather than the description. 2025 Jake Sully and Varang Avatar: Fire and Ash Spinner 3D Sculpted | Search: Monsters Inc, Disney Pin",1,Buy it Now,18,0-1 oz,TRUE,Not Hazmat,Used,,2644-10,https://i.ibb.co/Lhh9R2z6/IMG-2644-pin-10.jpg,,,,,,,
Disneyana,Disney Pins,Chip and Dale Log Flume Splash Mountain Attraction Ride 2015 Pins Set,"Please rely on the photo, rather than the description. Chip and Dale Log Flume Splash Mountain Attraction Ride 2015 Pins Set | Search: Disney Pin",1,Buy it Now,150,0-1 oz,TRUE,Not Hazmat,Used,,2644-11,https://i.ibb.co/gbVg1j5P/IMG-2644-pin-11.jpg,,,,,,,
Disneyana,Disney Pins,2022 Disney Parks Avatar: the Way of Water Pandora Limited Release Skimwing,"Please rely on the photo, rather than the description. 2022 Disney Parks Avatar: the Way of Water Pandora Limited Release Skimwing | Search: Disney Pin",1,Buy it Now,15,0-1 oz,TRUE,Not Hazmat,Used,,2644-12,https://i.ibb.co/wZb0wH75/IMG-2644-pin-12.jpg,,,,,,,
Disneyana,Disney Pins,World of Avatar Journey to Pandora Mystery Blind WDW Animal Kingdom,"Please rely on the photo, rather than the description. World of Avatar Journey to Pandora Mystery Blind WDW Animal Kingdom | Search: Disney Pin",1,Buy it Now,40,0-1 oz,TRUE,Not Hazmat,Used,,2644-13,https://i.ibb.co/tMDGT4GN/IMG-2644-pin-13.jpg,,,,,,,
Disneyana,Disney Pins,2025 Hidden Mickey Minnie Mouse Bubble Wand Toy Wave B WDW Wirld,"Please rely on the photo, rather than the description. 2025 Hidden Mickey Minnie Mouse Bubble Wand Toy Wave B WDW Wirld | Search: Disney Pin",1,Buy it Now,10,0-1 oz,TRUE,Not Hazmat,Used,,2644-15,https://i.ibb.co/wFQf1RwC/IMG-2644-pin-15.jpg,,,,,,,
Disneyana,Disney Pins,DLR Winnie the Pooh Bubble Wands Hidden Mickey 2025 Wave B,"Please rely on the photo, rather than the description. DLR Winnie the Pooh Bubble Wands Hidden Mickey 2025 Wave B | Search: Winnie the Pooh, Disney Pin",1,Buy it Now,19,0-1 oz,TRUE,Not Hazmat,Used,,2644-16,https://i.ibb.co/k6PMCCYY/IMG-2644-pin-16.jpg,,,,,,,
Disneyana,Disney Pins,Mickey Mouse Bubble Wands 2025 Hidden Mickey DLR,"Please rely on the photo, rather than the description. Mickey Mouse Bubble Wands 2025 Hidden Mickey DLR | Search: Disney Pin",1,Buy it Now,15,0-1 oz,TRUE,Not Hazmat,Used,,2644-17,https://i.ibb.co/fdjw9Bv1/IMG-2644-pin-17.jpg,,,,,,,
Disneyana,Disney Pins,Disneyland Hidden Mickey 2025 Wave B Bubble Wand Goofy,"Please rely on the photo, rather than the description. Disneyland Hidden Mickey 2025 Wave B Bubble Wand Goofy | Search: Disney Pin",1,Buy it Now,14,0-1 oz,TRUE,Not Hazmat,Used,,2644-18,https://i.ibb.co/27sxR06q/IMG-2644-pin-18.jpg,,,,,,,
Disneyana,Disney Pins,Wave B 2025 Hidden Mickey Disneyland Resort Maleficent Bubble Wand,"Please rely on the photo, rather than the description. Wave B 2025 Hidden Mickey Disneyland Resort Maleficent Bubble Wand | Search: Sleeping Beauty, Disney Pin",1,Buy it Now,14,0-1 oz,TRUE,Not Hazmat,Used,,2644-19,https://i.ibb.co/B2wZGF5J/IMG-2644-pin-19.jpg,,,,,,,
Disneyana,Disney Pins,2025 Disney Parks Aladdin & Jasmine LE Stained Glass,"Please rely on the photo, rather than the description. 2025 Disney Parks Aladdin & Jasmine LE Stained Glass | Search: Aladdin, Disney Pin",1,Buy it Now,45,0-1 oz,TRUE,Not Hazmat,Used,,2644-1,https://i.ibb.co/Z6QbPmKP/IMG-2644-pin-1.jpg,,,,,,,
Disneyana,Disney Pins,2025 Disneyland Bb-8 Bubble Wand Hidden Disney Wave B,"Please rely on the photo, rather than the description. 2025 Disneyland Bb-8 Bubble Wand Hidden Disney Wave B | Search: Disney Pin",1,Buy it Now,14,0-1 oz,TRUE,Not Hazmat,Used,,2644-20,https://i.ibb.co/VyYh3Tg/IMG-2644-pin-20.jpg,,,,,,,
Disneyana,Disney Pins,Hidden 2025 Wave B WDW Bubble Wands Pluto,"Please rely on the photo, rather than the description. Hidden 2025 Wave B WDW Bubble Wands Pluto | Search: Disney Pin",1,Buy it Now,16,0-1 oz,TRUE,Not Hazmat,Used,,2644-21,https://i.ibb.co/jZ8BwQPt/IMG-2644-pin-21.jpg,,,,,,,
Disneyana,Disney Pins,Sorcerer Mickey 70 WDI Imagineering Color Expo Small MOG,"Please rely on the photo, rather than the description. Sorcerer Mickey 70 WDI Imagineering Color Expo Small MOG | Search: Fantasia, Disney Pin",1,Buy it Now,35,0-1 oz,TRUE,Not Hazmat,Used,,2644-2,https://i.ibb.co/tPzWsNPD/IMG-2644-pin-2.jpg,,,,,,,
Disneyana,Disney Pins,Muppets Park Day Miss Piggy as Redd on Pirates Magic Kingdom Mystery,"Please rely on the photo, rather than the description. Muppets Park Day Miss Piggy as Redd on Pirates Magic Kingdom Mystery | Search: Disney Pin",1,Buy it Now,50,0-1 oz,TRUE,Not Hazmat,Used,,2644-3,https://i.ibb.co/HfbtChRL/IMG-2644-pin-3.jpg,,,,,,,
Disneyana,Disney Pins,2026 Ducks of Peter Pan,"Please rely on the photo, rather than the description. 2026 Ducks of Peter Pan | Search: Peter Pan, Disney Pin",1,Buy it Now,16,0-1 oz,TRUE,Not Hazmat,Used,,2644-4,https://i.ibb.co/dsYGN75Y/IMG-2644-pin-4.jpg,,,,,,,
Disneyana,Disney Pins,Bambi Thumper Flower Magical Moments Bradford Exchange,"Please rely on the photo, rather than the description. Bambi Thumper Flower Magical Moments Bradford Exchange | Search: Bambi, Disney Pin",1,Buy it Now,33,0-1 oz,TRUE,Not Hazmat,Used,,2644-5,https://i.ibb.co/FkjNMX9H/IMG-2644-pin-5.jpg,,,,,,,
Disneyana,Disney Pins,Bradford Exchange Magical Moments 101 Dalmatians Pongo Perdita,"Please rely on the photo, rather than the description. Bradford Exchange Magical Moments 101 Dalmatians Pongo Perdita | Search: 101 Dalmatians, Disney Pin",1,Buy it Now,25,0-1 oz,TRUE,Not Hazmat,Used,,2644-6,https://i.ibb.co/5WLL5PnD/IMG-2644-pin-6.jpg,,,,,,,
Disneyana,Disney Pins,Disney Parks Pandora Avatar Fire and Ash with Card,"Please rely on the photo, rather than the description. Disney Parks Pandora Avatar Fire and Ash with Card | Search: Disney Pin",1,Buy it Now,27,0-1 oz,TRUE,Not Hazmat,Used,,2644-7,https://i.ibb.co/PGGrBtBG/IMG-2644-pin-7.jpg,,,,,,,
Disneyana,Disney Pins,DEC 2025 Princess Cameo Ariel Little Mermaid LE 300,"Please rely on the photo, rather than the description. DEC 2025 Princess Cameo Ariel Little Mermaid LE 300 | Search: The Little Mermaid, Disney Pin",1,Buy it Now,82,0-1 oz,TRUE,Not Hazmat,Used,,2644-8,https://i.ibb.co/NdPtgHw8/IMG-2644-pin-8.jpg,,,,,,,
Disneyana,Disney Pins,WDW Skeleton Helmsman Pirates of Caribbean Attraction Map Puzzle LE 525 F,"Please rely on the photo, rather than the description. WDW Skeleton Helmsman Pirates of Caribbean Attraction Map Puzzle LE 525 F | Search: Disney Pin",1,Buy it Now,150,0-1 oz,TRUE,Not Hazmat,Used,,2644-9,https://i.ibb.co/TDxykt8m/IMG-2644-pin-9.jpg,,,,,,,
Disneyana,Disney Pins,Disney World Redhead Pirates of the Caribbean Attraction Map Puzzle LE 525,"Please rely on the photo, rather than the description. Disney World Redhead Pirates of the Caribbean Attraction Map Puzzle LE 525 | Search: Disney Pin",1,Buy it Now,90,0-1 oz,TRUE,Not Hazmat,Used,,2645-10,https://i.ibb.co/PZ733cXY/IMG-2645-pin-10.jpg,,,,,,,
Disneyana,Disney Pins,WDW Jailer Dog Pirates of the Caribbean Attraction Puzzle 2025 LE,"Please rely on the photo, rather than the description. WDW Jailer Dog Pirates of the Caribbean Attraction Puzzle 2025 LE | Search: Disney Pin",1,Buy it Now,76,0-1 oz,TRUE,Not Hazmat,Used,,2645-12,https://i.ibb.co/PsH1Dh8V/IMG-2645-pin-12.jpg,,,,,,,
Disneyana,Disney Pins,Nnd How to Speak Whale with Dory Finding Nemo Mystery,"Please rely on the photo, rather than the description. Nnd How to Speak Whale with Dory Finding Nemo Mystery | Search: Finding Nemo, Disney Pin",1,Buy it Now,13,0-1 oz,TRUE,Not Hazmat,Used,,2645-13,https://i.ibb.co/67dPz177/IMG-2645-pin-13.jpg,,,,,,,
Disneyana,Disney Pins,2021 Mystery Collection Coffee Cup Tumbler Bambi,"Please rely on the photo, rather than the description. 2021 Mystery Collection Coffee Cup Tumbler Bambi | Search: Bambi, Disney Pin",1,Buy it Now,9,0-1 oz,TRUE,Not Hazmat,Used,,2645-14,https://i.ibb.co/N6Dgksvp/IMG-2645-pin-14.jpg,,,,,,,
Disneyana,Disney Pins,WDI Lady and the Tramp 70th Anniversary Peg,"Please rely on the photo, rather than the description. WDI Lady and the Tramp 70th Anniversary Peg | Search: Disney Pin",1,Buy it Now,99,0-1 oz,TRUE,Not Hazmat,Used,,2645-15,https://i.ibb.co/gL98c9DJ/IMG-2645-pin-15.jpg,,,,,,,
Disneyana,Disney Pins,Disney Parks 2025 Tangled 15th Anniversary Mystery Box the Lantern,"Please rely on the photo, rather than the description. Disney Parks 2025 Tangled 15th Anniversary Mystery Box the Lantern | Search: Disney Pin",1,Buy it Now,35,0-1 oz,TRUE,Not Hazmat,Used,,2645-16,https://i.ibb.co/N2h5N455/IMG-2645-pin-16.jpg,,,,,,,
Disneyana,Disney Pins,Inside Out 2025 Hong Kong Disneyland 20th Anniversary Parade Float Mystery,"Please rely on the photo, rather than the description. Inside Out 2025 Hong Kong Disneyland 20th Anniversary Parade Float Mystery | Search: Disney Pin",1,Buy it Now,29,0-1 oz,TRUE,Not Hazmat,Used,,2645-17,https://i.ibb.co/8nZV3b0y/IMG-2645-pin-17.jpg,,,,,,,
Disneyana,Disney Pins,WDW Pirates Mystery Donald Duck,"Please rely on the photo, rather than the description. WDW Pirates Mystery Donald Duck | Search: Disney Pin",1,Buy it Now,70,0-1 oz,TRUE,Not Hazmat,Used,,2645-18,https://i.ibb.co/LD5HCst4/IMG-2645-pin-18.jpg,,,,,,,
Disneyana,Disney Pins,WDW Barker Bird Pirates of the Caribbean Attraction Puzzle 2025 LE,"Please rely on the photo, rather than the description. WDW Barker Bird Pirates of the Caribbean Attraction Puzzle 2025 LE | Search: Disney Pin",1,Buy it Now,79,0-1 oz,TRUE,Not Hazmat,Used,,2645-19,https://i.ibb.co/8nRbwxyb/IMG-2645-pin-19.jpg,,,,,,,
Disneyana,Disney Pins,Finding Nemo 2015 Year Mystery,"Please rely on the photo, rather than the description. Finding Nemo 2015 Year Mystery | Search: Finding Nemo, Disney Pin",1,Buy it Now,13,0-1 oz,TRUE,Not Hazmat,Used,,2645-20,https://i.ibb.co/vCfDpNJP/IMG-2645-pin-20.jpg,,,,,,,
Disneyana,Disney Pins,Figpin Pixar All Stars Mystery Mini Blind Box (series 1) Nemo,"Please rely on the photo, rather than the description. Figpin Pixar All Stars Mystery Mini Blind Box (series 1) Nemo | Search: Finding Nemo, Disney Pin",1,Buy it Now,13,0-1 oz,TRUE,Not Hazmat,Used,,2645-21,https://i.ibb.co/ZRrzLVj4/IMG-2645-pin-21.jpg,,,,,,,
Disneyana,Disney Pins,Princess & the Frog Tiana Vhs Tape Mystery Blind,"Please rely on the photo, rather than the description. Princess & the Frog Tiana Vhs Tape Mystery Blind | Search: The Princess and the Frog, Disney Pin",1,Buy it Now,11,0-1 oz,TRUE,Not Hazmat,Used,,2645-22,https://i.ibb.co/qFs4F6mt/IMG-2645-pin-22.jpg,,,,,,,
Disneyana,Disney Pins,Neeeed How to Speak Whale with Dory Mystery 2016,"Please rely on the photo, rather than the description. Neeeed How to Speak Whale with Dory Mystery 2016 | Search: Finding Nemo, Disney Pin",1,Buy it Now,14,0-1 oz,TRUE,Not Hazmat,Used,,2645-23,https://i.ibb.co/Pvwj89d8/IMG-2645-pin-23.jpg,,,,,,,
Disneyana,Disney Pins,Finding Nemo & How to Speak Whale with Dory Mystery Choose a,"Please rely on the photo, rather than the description. Finding Nemo & How to Speak Whale with Dory Mystery Choose a | Search: Finding Nemo, Disney Pin",1,Buy it Now,13,0-1 oz,TRUE,Not Hazmat,Used,,2645-24,https://i.ibb.co/KcnDTtKF/IMG-2645-pin-24.jpg,,,,,,,
Disneyana,Disney Pins,WDW 2025 Pirates of the Caribbean Puzzle Map Mystery Mickey LE 525,"Please rely on the photo, rather than the description. WDW 2025 Pirates of the Caribbean Puzzle Map Mystery Mickey LE 525 | Search: Disney Pin",1,Buy it Now,69,0-1 oz,TRUE,Not Hazmat,Used,,2645-2,https://i.ibb.co/BHT56pwr/IMG-2645-pin-2.jpg,,,,,,,
Disneyana,Disney Pins,WDW Minnie Disney World Pirates of the Caribbean Attraction 2025,"Please rely on the photo, rather than the description. WDW Minnie Disney World Pirates of the Caribbean Attraction 2025 | Search: Disney Pin",1,Buy it Now,66,0-1 oz,TRUE,Not Hazmat,Used,,2645-4,https://i.ibb.co/KjzK6F70/IMG-2645-pin-4.jpg,,,,,,,
Disneyana,Disney Pins,Loungefly Present Gift Mystery Minnie Mouse,"Please rely on the photo, rather than the description. Loungefly Present Gift Mystery Minnie Mouse | Search: Disney Pin",1,Buy it Now,12,0-1 oz,TRUE,Not Hazmat,Used,,2645-5,https://i.ibb.co/RkGL1D4g/IMG-2645-pin-5.jpg,,,,,,,
Disneyana,Disney Pins,2026 Ducks of Series 2 Winnie the Pooh,"Please rely on the photo, rather than the description. 2026 Ducks of Series 2 Winnie the Pooh | Search: Winnie the Pooh, Disney Pin",1,Buy it Now,18,0-1 oz,TRUE,Not Hazmat,Used,,2645-6,https://i.ibb.co/Cpcfn6qh/IMG-2645-pin-6.jpg,,,,,,,
Disneyana,Disney Pins,Chef Remy Ratatouille Pixar Movie Starter Booster Diamond Set 2025,"Please rely on the photo, rather than the description. Chef Remy Ratatouille Pixar Movie Starter Booster Diamond Set 2025 | Search: Ratatouille, Disney Pin",1,Buy it Now,18,0-1 oz,TRUE,Not Hazmat,Used,,2645-7,https://i.ibb.co/TDZq7h4V/IMG-2645-pin-7.jpg,,,,,,,
Disneyana,Disney Pins,2024 Haunted Mansion Bride Constance Hatchaway Wedding Cake,"Please rely on the photo, rather than the description. 2024 Haunted Mansion Bride Constance Hatchaway Wedding Cake | Search: Disney Pin",1,Buy it Now,15,0-1 oz,TRUE,Not Hazmat,Used,,2645-8,https://i.ibb.co/DHG9dGjr/IMG-2645-pin-8.jpg,,,,,,,
Disneyana,Disney Pins,Loungefly Tangled Paints Series Maximus Puzzle Piece,"Please rely on the photo, rather than the description. Loungefly Tangled Paints Series Maximus Puzzle Piece | Search: Tangled, Disney Pin",1,Buy it Now,9,0-1 oz,TRUE,Not Hazmat,Used,,2645-9,https://i.ibb.co/vvhWg2z4/IMG-2645-pin-9.jpg,,,,,,,
