inventory_key,board_id,board_num,board_label,pin_index,pin_n,display_label,crop_stem,thumb,catalog_cost,source_folder,board_image
PAGE_002-0,PAGE_002,2,Board 2,0,1,Board 2 pin 1,img002_pin01,thumbs/inventory/PAGE_002-0.jpg,,2026D23/boards,2026D23/boards/PAGE_002.JPG
PAGE_002-1,PAGE_002,2,Board 2,1,2,Board 2 pin 2,img002_pin02,thumbs/inventory/PAGE_002-1.jpg,,2026D23/boards,2026D23/boards/PAGE_002.JPG
PAGE_002-2,PAGE_002,2,Board 2,2,3,Board 2 pin 3,img002_pin03,thumbs/inventory/PAGE_002-2.jpg,,2026D23/boards,2026D23/boards/PAGE_002.JPG
PAGE_002-3,PAGE_002,2,Board 2,3,4,Board 2 pin 4,img002_pin04,thumbs/inventory/PAGE_002-3.jpg,,2026D23/boards,2026D23/boards/PAGE_002.JPG
PAGE_002-4,PAGE_002,2,Board 2,4,5,Board 2 pin 5,img002_pin05,thumbs/inventory/PAGE_002-4.jpg,,2026D23/boards,2026D23/boards/PAGE_002.JPG
PAGE_002-5,PAGE_002,2,Board 2,5,6,Board 2 pin 6,img002_pin06,thumbs/inventory/PAGE_002-5.jpg,,2026D23/boards,2026D23/boards/PAGE_002.JPG
PAGE_002-6,PAGE_002,2,Board 2,6,7,Board 2 pin 7,img002_pin07,thumbs/inventory/PAGE_002-6.jpg,,2026D23/boards,2026D23/boards/PAGE_002.JPG
PAGE_002-7,PAGE_002,2,Board 2,7,8,Board 2 pin 8,img002_pin08,thumbs/inventory/PAGE_002-7.jpg,,2026D23/boards,2026D23/boards/PAGE_002.JPG
PAGE_002-8,PAGE_002,2,Board 2,8,9,Board 2 pin 9,img002_pin09,thumbs/inventory/PAGE_002-8.jpg,,2026D23/boards,2026D23/boards/PAGE_002.JPG
PAGE_002-9,PAGE_002,2,Board 2,9,10,Board 2 pin 10,img002_pin10,thumbs/inventory/PAGE_002-9.jpg,,2026D23/boards,2026D23/boards/PAGE_002.JPG
PAGE_003-0,PAGE_003,3,Board 3,0,1,Board 3 pin 1,img003_pin01,thumbs/inventory/PAGE_003-0.jpg,,2026D23/boards,2026D23/boards/PAGE_003.JPG
PAGE_003-1,PAGE_003,3,Board 3,1,2,Board 3 pin 2,img003_pin02,thumbs/inventory/PAGE_003-1.jpg,,2026D23/boards,2026D23/boards/PAGE_003.JPG
PAGE_003-2,PAGE_003,3,Board 3,2,3,Board 3 pin 3,img003_pin03,thumbs/inventory/PAGE_003-2.jpg,,2026D23/boards,2026D23/boards/PAGE_003.JPG
PAGE_003-3,PAGE_003,3,Board 3,3,4,Board 3 pin 4,img003_pin04,thumbs/inventory/PAGE_003-3.jpg,,2026D23/boards,2026D23/boards/PAGE_003.JPG
PAGE_003-4,PAGE_003,3,Board 3,4,5,Board 3 pin 5,img003_pin05,thumbs/inventory/PAGE_003-4.jpg,,2026D23/boards,2026D23/boards/PAGE_003.JPG
PAGE_003-5,PAGE_003,3,Board 3,5,6,Board 3 pin 6,img003_pin06,thumbs/inventory/PAGE_003-5.jpg,,2026D23/boards,2026D23/boards/PAGE_003.JPG
PAGE_003-6,PAGE_003,3,Board 3,6,7,Board 3 pin 7,img003_pin07,thumbs/inventory/PAGE_003-6.jpg,,2026D23/boards,2026D23/boards/PAGE_003.JPG
PAGE_003-7,PAGE_003,3,Board 3,7,8,Board 3 pin 8,img003_pin08,thumbs/inventory/PAGE_003-7.jpg,,2026D23/boards,2026D23/boards/PAGE_003.JPG
PAGE_003-8,PAGE_003,3,Board 3,8,9,Board 3 pin 9,img003_pin09,thumbs/inventory/PAGE_003-8.jpg,,2026D23/boards,2026D23/boards/PAGE_003.JPG
PAGE_003-9,PAGE_003,3,Board 3,9,10,Board 3 pin 10,img003_pin10,thumbs/inventory/PAGE_003-9.jpg,,2026D23/boards,2026D23/boards/PAGE_003.JPG
PAGE_004-0,PAGE_004,4,Board 4,0,1,Board 4 pin 1,img004_pin01,thumbs/inventory/PAGE_004-0.jpg,34.95,2026D23/boards,2026D23/boards/PAGE_004.JPG
PAGE_004-1,PAGE_004,4,Board 4,1,2,Board 4 pin 2,img004_pin02,thumbs/inventory/PAGE_004-1.jpg,34.95,2026D23/boards,2026D23/boards/PAGE_004.JPG
PAGE_004-2,PAGE_004,4,Board 4,2,3,Board 4 pin 3,img004_pin03,thumbs/inventory/PAGE_004-2.jpg,34.95,2026D23/boards,2026D23/boards/PAGE_004.JPG
PAGE_004-3,PAGE_004,4,Board 4,3,4,Board 4 pin 4,img004_pin04,thumbs/inventory/PAGE_004-3.jpg,34.95,2026D23/boards,2026D23/boards/PAGE_004.JPG
PAGE_004-4,PAGE_004,4,Board 4,4,5,Board 4 pin 5,img004_pin05,thumbs/inventory/PAGE_004-4.jpg,34.95,2026D23/boards,2026D23/boards/PAGE_004.JPG
PAGE_004-5,PAGE_004,4,Board 4,5,6,Board 4 pin 6,img004_pin06,thumbs/inventory/PAGE_004-5.jpg,34.95,2026D23/boards,2026D23/boards/PAGE_004.JPG
PAGE_004-6,PAGE_004,4,Board 4,6,7,Board 4 pin 7,img004_pin07,thumbs/inventory/PAGE_004-6.jpg,34.95,2026D23/boards,2026D23/boards/PAGE_004.JPG
PAGE_004-7,PAGE_004,4,Board 4,7,8,Board 4 pin 8,img004_pin08,thumbs/inventory/PAGE_004-7.jpg,34.95,2026D23/boards,2026D23/boards/PAGE_004.JPG
PAGE_004-8,PAGE_004,4,Board 4,8,9,Board 4 pin 9,img004_pin09,thumbs/inventory/PAGE_004-8.jpg,34.95,2026D23/boards,2026D23/boards/PAGE_004.JPG
PAGE_004-9,PAGE_004,4,Board 4,9,10,Board 4 pin 10,img004_pin10,thumbs/inventory/PAGE_004-9.jpg,34.95,2026D23/boards,2026D23/boards/PAGE_004.JPG
PAGE_005-0,PAGE_005,5,Board 5,0,1,Board 5 pin 1,img005_pin01,thumbs/inventory/PAGE_005-0.jpg,52.95,2026D23/boards,2026D23/boards/PAGE_005.JPG
PAGE_005-1,PAGE_005,5,Board 5,1,2,Board 5 pin 2,img005_pin02,thumbs/inventory/PAGE_005-1.jpg,52.95,2026D23/boards,2026D23/boards/PAGE_005.JPG
PAGE_005-2,PAGE_005,5,Board 5,2,3,Board 5 pin 3,img005_pin03,thumbs/inventory/PAGE_005-2.jpg,52.95,2026D23/boards,2026D23/boards/PAGE_005.JPG
PAGE_005-3,PAGE_005,5,Board 5,3,4,Board 5 pin 4,img005_pin04,thumbs/inventory/PAGE_005-3.jpg,52.95,2026D23/boards,2026D23/boards/PAGE_005.JPG
PAGE_005-4,PAGE_005,5,Board 5,4,5,Board 5 pin 5,img005_pin05,thumbs/inventory/PAGE_005-4.jpg,52.95,2026D23/boards,2026D23/boards/PAGE_005.JPG
PAGE_005-5,PAGE_005,5,Board 5,5,6,Board 5 pin 6,img005_pin06,thumbs/inventory/PAGE_005-5.jpg,52.95,2026D23/boards,2026D23/boards/PAGE_005.JPG
PAGE_005-6,PAGE_005,5,Board 5,6,7,Board 5 pin 7,img005_pin07,thumbs/inventory/PAGE_005-6.jpg,52.95,2026D23/boards,2026D23/boards/PAGE_005.JPG
PAGE_005-7,PAGE_005,5,Board 5,7,8,Board 5 pin 8,img005_pin08,thumbs/inventory/PAGE_005-7.jpg,52.95,2026D23/boards,2026D23/boards/PAGE_005.JPG
PAGE_005-8,PAGE_005,5,Board 5,8,9,Board 5 pin 9,img005_pin09,thumbs/inventory/PAGE_005-8.jpg,52.95,2026D23/boards,2026D23/boards/PAGE_005.JPG
PAGE_005-9,PAGE_005,5,Board 5,9,10,Board 5 pin 10,img005_pin10,thumbs/inventory/PAGE_005-9.jpg,52.95,2026D23/boards,2026D23/boards/PAGE_005.JPG
PAGE_005-10,PAGE_005,5,Board 5,10,11,Board 5 pin 11,img005_pin11,thumbs/inventory/PAGE_005-10.jpg,52.95,2026D23/boards,2026D23/boards/PAGE_005.JPG
PAGE_005-11,PAGE_005,5,Board 5,11,12,Board 5 pin 12,img005_pin12,thumbs/inventory/PAGE_005-11.jpg,52.95,2026D23/boards,2026D23/boards/PAGE_005.JPG
PAGE_006-0,PAGE_006,6,Board 6,0,1,Board 6 pin 1,img006_pin01,thumbs/inventory/PAGE_006-0.jpg,45.95,2026D23/boards,2026D23/boards/PAGE_006.JPG
PAGE_006-1,PAGE_006,6,Board 6,1,2,Board 6 pin 2,img006_pin02,thumbs/inventory/PAGE_006-1.jpg,45.95,2026D23/boards,2026D23/boards/PAGE_006.JPG
PAGE_006-2,PAGE_006,6,Board 6,2,3,Board 6 pin 3,img006_pin03,thumbs/inventory/PAGE_006-2.jpg,45.95,2026D23/boards,2026D23/boards/PAGE_006.JPG
PAGE_006-3,PAGE_006,6,Board 6,3,4,Board 6 pin 4,img006_pin04,thumbs/inventory/PAGE_006-3.jpg,45.95,2026D23/boards,2026D23/boards/PAGE_006.JPG
PAGE_006-4,PAGE_006,6,Board 6,4,5,Board 6 pin 5,img006_pin05,thumbs/inventory/PAGE_006-4.jpg,45.95,2026D23/boards,2026D23/boards/PAGE_006.JPG
PAGE_006-5,PAGE_006,6,Board 6,5,6,Board 6 pin 6,img006_pin06,thumbs/inventory/PAGE_006-5.jpg,45.95,2026D23/boards,2026D23/boards/PAGE_006.JPG
PAGE_006-6,PAGE_006,6,Board 6,6,7,Board 6 pin 7,img006_pin07,thumbs/inventory/PAGE_006-6.jpg,45.95,2026D23/boards,2026D23/boards/PAGE_006.JPG
PAGE_006-7,PAGE_006,6,Board 6,7,8,Board 6 pin 8,img006_pin08,thumbs/inventory/PAGE_006-7.jpg,45.95,2026D23/boards,2026D23/boards/PAGE_006.JPG
PAGE_006-8,PAGE_006,6,Board 6,8,9,Board 6 pin 9,img006_pin09,thumbs/inventory/PAGE_006-8.jpg,45.95,2026D23/boards,2026D23/boards/PAGE_006.JPG
PAGE_006-9,PAGE_006,6,Board 6,9,10,Board 6 pin 10,img006_pin10,thumbs/inventory/PAGE_006-9.jpg,45.95,2026D23/boards,2026D23/boards/PAGE_006.JPG
PAGE_006-10,PAGE_006,6,Board 6,10,11,Board 6 pin 11,img006_pin11,thumbs/inventory/PAGE_006-10.jpg,45.95,2026D23/boards,2026D23/boards/PAGE_006.JPG
PAGE_006-11,PAGE_006,6,Board 6,11,12,Board 6 pin 12,img006_pin12,thumbs/inventory/PAGE_006-11.jpg,45.95,2026D23/boards,2026D23/boards/PAGE_006.JPG
PAGE_006-12,PAGE_006,6,Board 6,12,13,Board 6 pin 13,img006_pin13,thumbs/inventory/PAGE_006-12.jpg,45.95,2026D23/boards,2026D23/boards/PAGE_006.JPG
PAGE_006-13,PAGE_006,6,Board 6,13,14,Board 6 pin 14,img006_pin14,thumbs/inventory/PAGE_006-13.jpg,45.95,2026D23/boards,2026D23/boards/PAGE_006.JPG
PAGE_007-0,PAGE_007,7,Board 7,0,1,Board 7 pin 1,img007_pin01,thumbs/inventory/PAGE_007-0.jpg,,2026D23/boards,2026D23/boards/PAGE_007.JPG
PAGE_007-1,PAGE_007,7,Board 7,1,2,Board 7 pin 2,img007_pin02,thumbs/inventory/PAGE_007-1.jpg,,2026D23/boards,2026D23/boards/PAGE_007.JPG
PAGE_007-2,PAGE_007,7,Board 7,2,3,Board 7 pin 3,img007_pin03,thumbs/inventory/PAGE_007-2.jpg,,2026D23/boards,2026D23/boards/PAGE_007.JPG
PAGE_007-3,PAGE_007,7,Board 7,3,4,Board 7 pin 4,img007_pin04,thumbs/inventory/PAGE_007-3.jpg,,2026D23/boards,2026D23/boards/PAGE_007.JPG
PAGE_007-4,PAGE_007,7,Board 7,4,5,Board 7 pin 5,img007_pin05,thumbs/inventory/PAGE_007-4.jpg,,2026D23/boards,2026D23/boards/PAGE_007.JPG
PAGE_007-5,PAGE_007,7,Board 7,5,6,Board 7 pin 6,img007_pin06,thumbs/inventory/PAGE_007-5.jpg,,2026D23/boards,2026D23/boards/PAGE_007.JPG
PAGE_007-6,PAGE_007,7,Board 7,6,7,Board 7 pin 7,img007_pin07,thumbs/inventory/PAGE_007-6.jpg,,2026D23/boards,2026D23/boards/PAGE_007.JPG
PAGE_007-7,PAGE_007,7,Board 7,7,8,Board 7 pin 8,img007_pin08,thumbs/inventory/PAGE_007-7.jpg,,2026D23/boards,2026D23/boards/PAGE_007.JPG
PAGE_007-8,PAGE_007,7,Board 7,8,9,Board 7 pin 9,img007_pin09,thumbs/inventory/PAGE_007-8.jpg,,2026D23/boards,2026D23/boards/PAGE_007.JPG
PAGE_007-9,PAGE_007,7,Board 7,9,10,Board 7 pin 10,img007_pin10,thumbs/inventory/PAGE_007-9.jpg,,2026D23/boards,2026D23/boards/PAGE_007.JPG
PAGE_007-10,PAGE_007,7,Board 7,10,11,Board 7 pin 11,img007_pin11,thumbs/inventory/PAGE_007-10.jpg,,2026D23/boards,2026D23/boards/PAGE_007.JPG
PAGE_007-11,PAGE_007,7,Board 7,11,12,Board 7 pin 12,img007_pin12,thumbs/inventory/PAGE_007-11.jpg,,2026D23/boards,2026D23/boards/PAGE_007.JPG
PAGE_007-12,PAGE_007,7,Board 7,12,13,Board 7 pin 13,img007_pin13,thumbs/inventory/PAGE_007-12.jpg,,2026D23/boards,2026D23/boards/PAGE_007.JPG
PAGE_007-13,PAGE_007,7,Board 7,13,14,Board 7 pin 14,img007_pin14,thumbs/inventory/PAGE_007-13.jpg,,2026D23/boards,2026D23/boards/PAGE_007.JPG
PAGE_007-14,PAGE_007,7,Board 7,14,15,Board 7 pin 15,img007_pin15,thumbs/inventory/PAGE_007-14.jpg,,2026D23/boards,2026D23/boards/PAGE_007.JPG
PAGE_008-0,PAGE_008,8,Board 8,0,1,Board 8 pin 1,img008_pin01,thumbs/inventory/PAGE_008-0.jpg,,2026D23/boards,2026D23/boards/PAGE_008.JPG
PAGE_008-1,PAGE_008,8,Board 8,1,2,Board 8 pin 2,img008_pin02,thumbs/inventory/PAGE_008-1.jpg,,2026D23/boards,2026D23/boards/PAGE_008.JPG
PAGE_008-2,PAGE_008,8,Board 8,2,3,Board 8 pin 3,img008_pin03,thumbs/inventory/PAGE_008-2.jpg,,2026D23/boards,2026D23/boards/PAGE_008.JPG
PAGE_008-3,PAGE_008,8,Board 8,3,4,Board 8 pin 4,img008_pin04,thumbs/inventory/PAGE_008-3.jpg,,2026D23/boards,2026D23/boards/PAGE_008.JPG
PAGE_008-4,PAGE_008,8,Board 8,4,5,Board 8 pin 5,img008_pin05,thumbs/inventory/PAGE_008-4.jpg,,2026D23/boards,2026D23/boards/PAGE_008.JPG
PAGE_008-5,PAGE_008,8,Board 8,5,6,Board 8 pin 6,img008_pin06,thumbs/inventory/PAGE_008-5.jpg,,2026D23/boards,2026D23/boards/PAGE_008.JPG
PAGE_008-6,PAGE_008,8,Board 8,6,7,Board 8 pin 7,img008_pin07,thumbs/inventory/PAGE_008-6.jpg,,2026D23/boards,2026D23/boards/PAGE_008.JPG
PAGE_008-7,PAGE_008,8,Board 8,7,8,Board 8 pin 8,img008_pin08,thumbs/inventory/PAGE_008-7.jpg,,2026D23/boards,2026D23/boards/PAGE_008.JPG
PAGE_008-8,PAGE_008,8,Board 8,8,9,Board 8 pin 9,img008_pin09,thumbs/inventory/PAGE_008-8.jpg,,2026D23/boards,2026D23/boards/PAGE_008.JPG
PAGE_009-0,PAGE_009,9,Board 9,0,1,Board 9 pin 1,img009_pin01,thumbs/inventory/PAGE_009-0.jpg,,2026D23/boards,2026D23/boards/PAGE_009.JPG
PAGE_009-1,PAGE_009,9,Board 9,1,2,Board 9 pin 2,img009_pin02,thumbs/inventory/PAGE_009-1.jpg,,2026D23/boards,2026D23/boards/PAGE_009.JPG
PAGE_009-2,PAGE_009,9,Board 9,2,3,Board 9 pin 3,img009_pin03,thumbs/inventory/PAGE_009-2.jpg,,2026D23/boards,2026D23/boards/PAGE_009.JPG
PAGE_009-3,PAGE_009,9,Board 9,3,4,Board 9 pin 4,img009_pin04,thumbs/inventory/PAGE_009-3.jpg,,2026D23/boards,2026D23/boards/PAGE_009.JPG
PAGE_009-4,PAGE_009,9,Board 9,4,5,Board 9 pin 5,img009_pin05,thumbs/inventory/PAGE_009-4.jpg,,2026D23/boards,2026D23/boards/PAGE_009.JPG
PAGE_009-5,PAGE_009,9,Board 9,5,6,Board 9 pin 6,img009_pin06,thumbs/inventory/PAGE_009-5.jpg,,2026D23/boards,2026D23/boards/PAGE_009.JPG
PAGE_009-6,PAGE_009,9,Board 9,6,7,Board 9 pin 7,img009_pin07,thumbs/inventory/PAGE_009-6.jpg,,2026D23/boards,2026D23/boards/PAGE_009.JPG
PAGE_009-7,PAGE_009,9,Board 9,7,8,Board 9 pin 8,img009_pin08,thumbs/inventory/PAGE_009-7.jpg,,2026D23/boards,2026D23/boards/PAGE_009.JPG
PAGE_009-8,PAGE_009,9,Board 9,8,9,Board 9 pin 9,img009_pin09,thumbs/inventory/PAGE_009-8.jpg,,2026D23/boards,2026D23/boards/PAGE_009.JPG
PAGE_010-0,PAGE_010,10,Board 10,0,1,Board 10 pin 1,img010_pin01,thumbs/inventory/PAGE_010-0.jpg,,2026D23/boards,2026D23/boards/PAGE_010.JPG
PAGE_010-1,PAGE_010,10,Board 10,1,2,Board 10 pin 2,img010_pin02,thumbs/inventory/PAGE_010-1.jpg,,2026D23/boards,2026D23/boards/PAGE_010.JPG
PAGE_010-2,PAGE_010,10,Board 10,2,3,Board 10 pin 3,img010_pin03,thumbs/inventory/PAGE_010-2.jpg,,2026D23/boards,2026D23/boards/PAGE_010.JPG
PAGE_010-3,PAGE_010,10,Board 10,3,4,Board 10 pin 4,img010_pin04,thumbs/inventory/PAGE_010-3.jpg,,2026D23/boards,2026D23/boards/PAGE_010.JPG
PAGE_010-4,PAGE_010,10,Board 10,4,5,Board 10 pin 5,img010_pin05,thumbs/inventory/PAGE_010-4.jpg,,2026D23/boards,2026D23/boards/PAGE_010.JPG
PAGE_010-5,PAGE_010,10,Board 10,5,6,Board 10 pin 6,img010_pin06,thumbs/inventory/PAGE_010-5.jpg,,2026D23/boards,2026D23/boards/PAGE_010.JPG
PAGE_010-6,PAGE_010,10,Board 10,6,7,Board 10 pin 7,img010_pin07,thumbs/inventory/PAGE_010-6.jpg,,2026D23/boards,2026D23/boards/PAGE_010.JPG
PAGE_011-0,PAGE_011,11,Board 11,0,1,Board 11 pin 1,img011_pin01,thumbs/inventory/PAGE_011-0.jpg,,2026D23/boards,2026D23/boards/PAGE_011.JPG
PAGE_011-1,PAGE_011,11,Board 11,1,2,Board 11 pin 2,img011_pin02,thumbs/inventory/PAGE_011-1.jpg,,2026D23/boards,2026D23/boards/PAGE_011.JPG
PAGE_011-2,PAGE_011,11,Board 11,2,3,Board 11 pin 3,img011_pin03,thumbs/inventory/PAGE_011-2.jpg,,2026D23/boards,2026D23/boards/PAGE_011.JPG
PAGE_012-0,PAGE_012,12,Board 12,0,1,Board 12 pin 1,img012_pin01,thumbs/inventory/PAGE_012-0.jpg,,2026D23/boards,2026D23/boards/PAGE_012.JPG
PAGE_012-1,PAGE_012,12,Board 12,1,2,Board 12 pin 2,img012_pin02,thumbs/inventory/PAGE_012-1.jpg,,2026D23/boards,2026D23/boards/PAGE_012.JPG
PAGE_012-2,PAGE_012,12,Board 12,2,3,Board 12 pin 3,img012_pin03,thumbs/inventory/PAGE_012-2.jpg,,2026D23/boards,2026D23/boards/PAGE_012.JPG
PAGE_012-3,PAGE_012,12,Board 12,3,4,Board 12 pin 4,img012_pin04,thumbs/inventory/PAGE_012-3.jpg,,2026D23/boards,2026D23/boards/PAGE_012.JPG
PAGE_012-4,PAGE_012,12,Board 12,4,5,Board 12 pin 5,img012_pin05,thumbs/inventory/PAGE_012-4.jpg,,2026D23/boards,2026D23/boards/PAGE_012.JPG
PAGE_012-5,PAGE_012,12,Board 12,5,6,Board 12 pin 6,img012_pin06,thumbs/inventory/PAGE_012-5.jpg,,2026D23/boards,2026D23/boards/PAGE_012.JPG
PAGE_014-0,PAGE_014,14,Board 14,0,1,Board 14 pin 1,img014_pin01,thumbs/inventory/PAGE_014-0.jpg,,2026D23/boards,2026D23/boards/PAGE_014.JPG
PAGE_014-1,PAGE_014,14,Board 14,1,2,Board 14 pin 2,img014_pin02,thumbs/inventory/PAGE_014-1.jpg,,2026D23/boards,2026D23/boards/PAGE_014.JPG
PAGE_014-2,PAGE_014,14,Board 14,2,3,Board 14 pin 3,img014_pin03,thumbs/inventory/PAGE_014-2.jpg,,2026D23/boards,2026D23/boards/PAGE_014.JPG
PAGE_014-3,PAGE_014,14,Board 14,3,4,Board 14 pin 4,img014_pin04,thumbs/inventory/PAGE_014-3.jpg,,2026D23/boards,2026D23/boards/PAGE_014.JPG
PAGE_014-4,PAGE_014,14,Board 14,4,5,Board 14 pin 5,img014_pin05,thumbs/inventory/PAGE_014-4.jpg,,2026D23/boards,2026D23/boards/PAGE_014.JPG
PAGE_014-5,PAGE_014,14,Board 14,5,6,Board 14 pin 6,img014_pin06,thumbs/inventory/PAGE_014-5.jpg,,2026D23/boards,2026D23/boards/PAGE_014.JPG
PAGE_015-0,PAGE_015,15,Board 15,0,1,Board 15 pin 1,img015_pin01,thumbs/inventory/PAGE_015-0.jpg,34.95,2026D23/boards,2026D23/boards/PAGE_015.JPG
PAGE_015-1,PAGE_015,15,Board 15,1,2,Board 15 pin 2,img015_pin02,thumbs/inventory/PAGE_015-1.jpg,34.95,2026D23/boards,2026D23/boards/PAGE_015.JPG
PAGE_015-2,PAGE_015,15,Board 15,2,3,Board 15 pin 3,img015_pin03,thumbs/inventory/PAGE_015-2.jpg,34.95,2026D23/boards,2026D23/boards/PAGE_015.JPG
PAGE_015-3,PAGE_015,15,Board 15,3,4,Board 15 pin 4,img015_pin04,thumbs/inventory/PAGE_015-3.jpg,34.95,2026D23/boards,2026D23/boards/PAGE_015.JPG
PAGE_015-4,PAGE_015,15,Board 15,4,5,Board 15 pin 5,img015_pin05,thumbs/inventory/PAGE_015-4.jpg,34.95,2026D23/boards,2026D23/boards/PAGE_015.JPG
PAGE_015-5,PAGE_015,15,Board 15,5,6,Board 15 pin 6,img015_pin06,thumbs/inventory/PAGE_015-5.jpg,34.95,2026D23/boards,2026D23/boards/PAGE_015.JPG
PAGE_015-6,PAGE_015,15,Board 15,6,7,Board 15 pin 7,img015_pin07,thumbs/inventory/PAGE_015-6.jpg,34.95,2026D23/boards,2026D23/boards/PAGE_015.JPG
PAGE_015-7,PAGE_015,15,Board 15,7,8,Board 15 pin 8,img015_pin08,thumbs/inventory/PAGE_015-7.jpg,34.95,2026D23/boards,2026D23/boards/PAGE_015.JPG
PAGE_015-8,PAGE_015,15,Board 15,8,9,Board 15 pin 9,img015_pin09,thumbs/inventory/PAGE_015-8.jpg,34.95,2026D23/boards,2026D23/boards/PAGE_015.JPG
PAGE_015-9,PAGE_015,15,Board 15,9,10,Board 15 pin 10,img015_pin10,thumbs/inventory/PAGE_015-9.jpg,34.95,2026D23/boards,2026D23/boards/PAGE_015.JPG
PAGE_015-10,PAGE_015,15,Board 15,10,11,Board 15 pin 11,img015_pin11,thumbs/inventory/PAGE_015-10.jpg,34.95,2026D23/boards,2026D23/boards/PAGE_015.JPG
PAGE_015-11,PAGE_015,15,Board 15,11,12,Board 15 pin 12,img015_pin12,thumbs/inventory/PAGE_015-11.jpg,34.95,2026D23/boards,2026D23/boards/PAGE_015.JPG
PAGE_016-0,PAGE_016,16,Board 16,0,1,Board 16 pin 1,img016_pin01,thumbs/inventory/PAGE_016-0.jpg,52.95,2026D23/boards,2026D23/boards/PAGE_016.JPG
PAGE_016-1,PAGE_016,16,Board 16,1,2,Board 16 pin 2,img016_pin02,thumbs/inventory/PAGE_016-1.jpg,52.95,2026D23/boards,2026D23/boards/PAGE_016.JPG
PAGE_016-2,PAGE_016,16,Board 16,2,3,Board 16 pin 3,img016_pin03,thumbs/inventory/PAGE_016-2.jpg,52.95,2026D23/boards,2026D23/boards/PAGE_016.JPG
PAGE_016-3,PAGE_016,16,Board 16,3,4,Board 16 pin 4,img016_pin04,thumbs/inventory/PAGE_016-3.jpg,52.95,2026D23/boards,2026D23/boards/PAGE_016.JPG
PAGE_016-4,PAGE_016,16,Board 16,4,5,Board 16 pin 5,img016_pin05,thumbs/inventory/PAGE_016-4.jpg,52.95,2026D23/boards,2026D23/boards/PAGE_016.JPG
PAGE_016-5,PAGE_016,16,Board 16,5,6,Board 16 pin 6,img016_pin06,thumbs/inventory/PAGE_016-5.jpg,52.95,2026D23/boards,2026D23/boards/PAGE_016.JPG
PAGE_017-0,PAGE_017,17,Board 17,0,1,Board 17 pin 1,img017_pin01,thumbs/inventory/PAGE_017-0.jpg,,2026D23/boards,2026D23/boards/PAGE_017.JPG
PAGE_017-1,PAGE_017,17,Board 17,1,2,Board 17 pin 2,img017_pin02,thumbs/inventory/PAGE_017-1.jpg,,2026D23/boards,2026D23/boards/PAGE_017.JPG
PAGE_017-2,PAGE_017,17,Board 17,2,3,Board 17 pin 3,img017_pin03,thumbs/inventory/PAGE_017-2.jpg,,2026D23/boards,2026D23/boards/PAGE_017.JPG
PAGE_017-3,PAGE_017,17,Board 17,3,4,Board 17 pin 4,img017_pin04,thumbs/inventory/PAGE_017-3.jpg,,2026D23/boards,2026D23/boards/PAGE_017.JPG
PAGE_017-4,PAGE_017,17,Board 17,4,5,Board 17 pin 5,img017_pin05,thumbs/inventory/PAGE_017-4.jpg,,2026D23/boards,2026D23/boards/PAGE_017.JPG
PAGE_018-0,PAGE_018,18,Board 18,0,1,Board 18 pin 1,img018_pin01,thumbs/inventory/PAGE_018-0.jpg,,2026D23/boards,2026D23/boards/PAGE_018.JPG
PAGE_018-1,PAGE_018,18,Board 18,1,2,Board 18 pin 2,img018_pin02,thumbs/inventory/PAGE_018-1.jpg,,2026D23/boards,2026D23/boards/PAGE_018.JPG
PAGE_018-2,PAGE_018,18,Board 18,2,3,Board 18 pin 3,img018_pin03,thumbs/inventory/PAGE_018-2.jpg,,2026D23/boards,2026D23/boards/PAGE_018.JPG
PAGE_018-3,PAGE_018,18,Board 18,3,4,Board 18 pin 4,img018_pin04,thumbs/inventory/PAGE_018-3.jpg,,2026D23/boards,2026D23/boards/PAGE_018.JPG
PAGE_018-4,PAGE_018,18,Board 18,4,5,Board 18 pin 5,img018_pin05,thumbs/inventory/PAGE_018-4.jpg,,2026D23/boards,2026D23/boards/PAGE_018.JPG
PAGE_019-0,PAGE_019,19,Board 19,0,1,Board 19 pin 1,img019_pin01,thumbs/inventory/PAGE_019-0.jpg,,2026D23/boards,2026D23/boards/PAGE_019.JPG
PAGE_019-1,PAGE_019,19,Board 19,1,2,Board 19 pin 2,img019_pin02,thumbs/inventory/PAGE_019-1.jpg,,2026D23/boards,2026D23/boards/PAGE_019.JPG
PAGE_019-2,PAGE_019,19,Board 19,2,3,Board 19 pin 3,img019_pin03,thumbs/inventory/PAGE_019-2.jpg,,2026D23/boards,2026D23/boards/PAGE_019.JPG
PAGE_019-3,PAGE_019,19,Board 19,3,4,Board 19 pin 4,img019_pin04,thumbs/inventory/PAGE_019-3.jpg,,2026D23/boards,2026D23/boards/PAGE_019.JPG
PAGE_019-4,PAGE_019,19,Board 19,4,5,Board 19 pin 5,img019_pin05,thumbs/inventory/PAGE_019-4.jpg,,2026D23/boards,2026D23/boards/PAGE_019.JPG
PAGE_019-5,PAGE_019,19,Board 19,5,6,Board 19 pin 6,img019_pin06,thumbs/inventory/PAGE_019-5.jpg,,2026D23/boards,2026D23/boards/PAGE_019.JPG
PAGE_019-6,PAGE_019,19,Board 19,6,7,Board 19 pin 7,img019_pin07,thumbs/inventory/PAGE_019-6.jpg,,2026D23/boards,2026D23/boards/PAGE_019.JPG
PAGE_019-7,PAGE_019,19,Board 19,7,8,Board 19 pin 8,img019_pin08,thumbs/inventory/PAGE_019-7.jpg,,2026D23/boards,2026D23/boards/PAGE_019.JPG
PAGE_019-8,PAGE_019,19,Board 19,8,9,Board 19 pin 9,img019_pin09,thumbs/inventory/PAGE_019-8.jpg,,2026D23/boards,2026D23/boards/PAGE_019.JPG
PAGE_019-9,PAGE_019,19,Board 19,9,10,Board 19 pin 10,img019_pin10,thumbs/inventory/PAGE_019-9.jpg,,2026D23/boards,2026D23/boards/PAGE_019.JPG
PAGE_019-10,PAGE_019,19,Board 19,10,11,Board 19 pin 11,img019_pin11,thumbs/inventory/PAGE_019-10.jpg,,2026D23/boards,2026D23/boards/PAGE_019.JPG
PAGE_020-0,PAGE_020,20,Board 20,0,1,Board 20 pin 1,img020_pin01,thumbs/inventory/PAGE_020-0.jpg,,2026D23/boards,2026D23/boards/PAGE_020.JPG
PAGE_020-1,PAGE_020,20,Board 20,1,2,Board 20 pin 2,img020_pin02,thumbs/inventory/PAGE_020-1.jpg,,2026D23/boards,2026D23/boards/PAGE_020.JPG
PAGE_020-2,PAGE_020,20,Board 20,2,3,Board 20 pin 3,img020_pin03,thumbs/inventory/PAGE_020-2.jpg,,2026D23/boards,2026D23/boards/PAGE_020.JPG
PAGE_020-3,PAGE_020,20,Board 20,3,4,Board 20 pin 4,img020_pin04,thumbs/inventory/PAGE_020-3.jpg,,2026D23/boards,2026D23/boards/PAGE_020.JPG
PAGE_020-4,PAGE_020,20,Board 20,4,5,Board 20 pin 5,img020_pin05,thumbs/inventory/PAGE_020-4.jpg,,2026D23/boards,2026D23/boards/PAGE_020.JPG
PAGE_020-5,PAGE_020,20,Board 20,5,6,Board 20 pin 6,img020_pin06,thumbs/inventory/PAGE_020-5.jpg,,2026D23/boards,2026D23/boards/PAGE_020.JPG
PAGE_021-0,PAGE_021,21,Board 21,0,1,Board 21 pin 1,img021_pin01,thumbs/inventory/PAGE_021-0.jpg,,2026D23/boards,2026D23/boards/PAGE_021.JPG
PAGE_021-1,PAGE_021,21,Board 21,1,2,Board 21 pin 2,img021_pin02,thumbs/inventory/PAGE_021-1.jpg,,2026D23/boards,2026D23/boards/PAGE_021.JPG
PAGE_021-2,PAGE_021,21,Board 21,2,3,Board 21 pin 3,img021_pin03,thumbs/inventory/PAGE_021-2.jpg,,2026D23/boards,2026D23/boards/PAGE_021.JPG
PAGE_021-3,PAGE_021,21,Board 21,3,4,Board 21 pin 4,img021_pin04,thumbs/inventory/PAGE_021-3.jpg,,2026D23/boards,2026D23/boards/PAGE_021.JPG
PAGE_021-4,PAGE_021,21,Board 21,4,5,Board 21 pin 5,img021_pin05,thumbs/inventory/PAGE_021-4.jpg,,2026D23/boards,2026D23/boards/PAGE_021.JPG
PAGE_022-0,PAGE_022,22,Board 22,0,1,Board 22 pin 1,img022_pin01,thumbs/inventory/PAGE_022-0.jpg,,2026D23/boards,2026D23/boards/PAGE_022.JPG
PAGE_022-1,PAGE_022,22,Board 22,1,2,Board 22 pin 2,img022_pin02,thumbs/inventory/PAGE_022-1.jpg,,2026D23/boards,2026D23/boards/PAGE_022.JPG
PAGE_022-2,PAGE_022,22,Board 22,2,3,Board 22 pin 3,img022_pin03,thumbs/inventory/PAGE_022-2.jpg,,2026D23/boards,2026D23/boards/PAGE_022.JPG
PAGE_022-3,PAGE_022,22,Board 22,3,4,Board 22 pin 4,img022_pin04,thumbs/inventory/PAGE_022-3.jpg,,2026D23/boards,2026D23/boards/PAGE_022.JPG
PAGE_022-4,PAGE_022,22,Board 22,4,5,Board 22 pin 5,img022_pin05,thumbs/inventory/PAGE_022-4.jpg,,2026D23/boards,2026D23/boards/PAGE_022.JPG
PAGE_023-0,PAGE_023,23,Board 23,0,1,Board 23 pin 1,img023_pin01,thumbs/inventory/PAGE_023-0.jpg,,2026D23/boards,2026D23/boards/PAGE_023.JPG
PAGE_023-1,PAGE_023,23,Board 23,1,2,Board 23 pin 2,img023_pin02,thumbs/inventory/PAGE_023-1.jpg,,2026D23/boards,2026D23/boards/PAGE_023.JPG
PAGE_023-2,PAGE_023,23,Board 23,2,3,Board 23 pin 3,img023_pin03,thumbs/inventory/PAGE_023-2.jpg,,2026D23/boards,2026D23/boards/PAGE_023.JPG
PAGE_023-3,PAGE_023,23,Board 23,3,4,Board 23 pin 4,img023_pin04,thumbs/inventory/PAGE_023-3.jpg,,2026D23/boards,2026D23/boards/PAGE_023.JPG
PAGE_023-4,PAGE_023,23,Board 23,4,5,Board 23 pin 5,img023_pin05,thumbs/inventory/PAGE_023-4.jpg,,2026D23/boards,2026D23/boards/PAGE_023.JPG
PAGE_023-5,PAGE_023,23,Board 23,5,6,Board 23 pin 6,img023_pin06,thumbs/inventory/PAGE_023-5.jpg,,2026D23/boards,2026D23/boards/PAGE_023.JPG
PAGE_023-6,PAGE_023,23,Board 23,6,7,Board 23 pin 7,img023_pin07,thumbs/inventory/PAGE_023-6.jpg,,2026D23/boards,2026D23/boards/PAGE_023.JPG
PAGE_023-7,PAGE_023,23,Board 23,7,8,Board 23 pin 8,img023_pin08,thumbs/inventory/PAGE_023-7.jpg,,2026D23/boards,2026D23/boards/PAGE_023.JPG
PAGE_023-8,PAGE_023,23,Board 23,8,9,Board 23 pin 9,img023_pin09,thumbs/inventory/PAGE_023-8.jpg,,2026D23/boards,2026D23/boards/PAGE_023.JPG
PAGE_023-9,PAGE_023,23,Board 23,9,10,Board 23 pin 10,img023_pin10,thumbs/inventory/PAGE_023-9.jpg,,2026D23/boards,2026D23/boards/PAGE_023.JPG
PAGE_024-0,PAGE_024,24,Board 24,0,1,Board 24 pin 1,img024_pin01,thumbs/inventory/PAGE_024-0.jpg,,2026D23/boards,2026D23/boards/PAGE_024.JPG
PAGE_024-1,PAGE_024,24,Board 24,1,2,Board 24 pin 2,img024_pin02,thumbs/inventory/PAGE_024-1.jpg,,2026D23/boards,2026D23/boards/PAGE_024.JPG
PAGE_024-2,PAGE_024,24,Board 24,2,3,Board 24 pin 3,img024_pin03,thumbs/inventory/PAGE_024-2.jpg,,2026D23/boards,2026D23/boards/PAGE_024.JPG
PAGE_024-3,PAGE_024,24,Board 24,3,4,Board 24 pin 4,img024_pin04,thumbs/inventory/PAGE_024-3.jpg,,2026D23/boards,2026D23/boards/PAGE_024.JPG
PAGE_024-4,PAGE_024,24,Board 24,4,5,Board 24 pin 5,img024_pin05,thumbs/inventory/PAGE_024-4.jpg,,2026D23/boards,2026D23/boards/PAGE_024.JPG
PAGE_024-5,PAGE_024,24,Board 24,5,6,Board 24 pin 6,img024_pin06,thumbs/inventory/PAGE_024-5.jpg,,2026D23/boards,2026D23/boards/PAGE_024.JPG
PAGE_024-6,PAGE_024,24,Board 24,6,7,Board 24 pin 7,img024_pin07,thumbs/inventory/PAGE_024-6.jpg,,2026D23/boards,2026D23/boards/PAGE_024.JPG
PAGE_024-7,PAGE_024,24,Board 24,7,8,Board 24 pin 8,img024_pin08,thumbs/inventory/PAGE_024-7.jpg,,2026D23/boards,2026D23/boards/PAGE_024.JPG
PAGE_024-8,PAGE_024,24,Board 24,8,9,Board 24 pin 9,img024_pin09,thumbs/inventory/PAGE_024-8.jpg,,2026D23/boards,2026D23/boards/PAGE_024.JPG
PAGE_024-9,PAGE_024,24,Board 24,9,10,Board 24 pin 10,img024_pin10,thumbs/inventory/PAGE_024-9.jpg,,2026D23/boards,2026D23/boards/PAGE_024.JPG
PAGE_025-0,PAGE_025,25,Board 25,0,1,Board 25 pin 1,img025_pin01,thumbs/inventory/PAGE_025-0.jpg,,2026D23/boards,2026D23/boards/PAGE_025.JPG
PAGE_025-1,PAGE_025,25,Board 25,1,2,Board 25 pin 2,img025_pin02,thumbs/inventory/PAGE_025-1.jpg,,2026D23/boards,2026D23/boards/PAGE_025.JPG
PAGE_025-2,PAGE_025,25,Board 25,2,3,Board 25 pin 3,img025_pin03,thumbs/inventory/PAGE_025-2.jpg,,2026D23/boards,2026D23/boards/PAGE_025.JPG
PAGE_025-3,PAGE_025,25,Board 25,3,4,Board 25 pin 4,img025_pin04,thumbs/inventory/PAGE_025-3.jpg,,2026D23/boards,2026D23/boards/PAGE_025.JPG
PAGE_026-0,PAGE_026,26,Board 26,0,1,Board 26 pin 1,img026_pin01,thumbs/inventory/PAGE_026-0.jpg,79.95,2026D23/boards,2026D23/boards/PAGE_026.JPG
PAGE_026-1,PAGE_026,26,Board 26,1,2,Board 26 pin 2,img026_pin02,thumbs/inventory/PAGE_026-1.jpg,79.95,2026D23/boards,2026D23/boards/PAGE_026.JPG
PAGE_026-2,PAGE_026,26,Board 26,2,3,Board 26 pin 3,img026_pin03,thumbs/inventory/PAGE_026-2.jpg,79.95,2026D23/boards,2026D23/boards/PAGE_026.JPG
PAGE_026-3,PAGE_026,26,Board 26,3,4,Board 26 pin 4,img026_pin04,thumbs/inventory/PAGE_026-3.jpg,79.95,2026D23/boards,2026D23/boards/PAGE_026.JPG
PAGE_027-0,PAGE_027,27,Board 27,0,1,Board 27 pin 1,img027_pin01,thumbs/inventory/PAGE_027-0.jpg,,2026D23/boards,2026D23/boards/PAGE_027.JPG
PAGE_027-1,PAGE_027,27,Board 27,1,2,Board 27 pin 2,img027_pin02,thumbs/inventory/PAGE_027-1.jpg,,2026D23/boards,2026D23/boards/PAGE_027.JPG
PAGE_028-0,PAGE_028,28,Board 28,0,1,Board 28 pin 1,img028_pin01,thumbs/inventory/PAGE_028-0.jpg,1200.0,2026D23/boards,2026D23/boards/PAGE_028.JPG
PAGE_028-1,PAGE_028,28,Board 28,1,2,Board 28 pin 2,img028_pin02,thumbs/inventory/PAGE_028-1.jpg,1200.0,2026D23/boards,2026D23/boards/PAGE_028.JPG
PAGE_028-2,PAGE_028,28,Board 28,2,3,Board 28 pin 3,img028_pin03,thumbs/inventory/PAGE_028-2.jpg,1200.0,2026D23/boards,2026D23/boards/PAGE_028.JPG
PAGE_029-0,PAGE_029,29,Board 29,0,1,Board 29 pin 1,img029_pin01,thumbs/inventory/PAGE_029-0.jpg,,2026D23/boards,2026D23/boards/PAGE_029.JPG
PAGE_029-1,PAGE_029,29,Board 29,1,2,Board 29 pin 2,img029_pin02,thumbs/inventory/PAGE_029-1.jpg,,2026D23/boards,2026D23/boards/PAGE_029.JPG
PAGE_031-0,PAGE_031,31,Board 31,0,1,Board 31 pin 1,img031_pin01,thumbs/inventory/PAGE_031-0.jpg,29.95,2026D23/boards,2026D23/boards/PAGE_031.JPG
PAGE_031-1,PAGE_031,31,Board 31,1,2,Board 31 pin 2,img031_pin02,thumbs/inventory/PAGE_031-1.jpg,29.95,2026D23/boards,2026D23/boards/PAGE_031.JPG
PAGE_031-2,PAGE_031,31,Board 31,2,3,Board 31 pin 3,img031_pin03,thumbs/inventory/PAGE_031-2.jpg,29.95,2026D23/boards,2026D23/boards/PAGE_031.JPG
PAGE_031-3,PAGE_031,31,Board 31,3,4,Board 31 pin 4,img031_pin04,thumbs/inventory/PAGE_031-3.jpg,29.95,2026D23/boards,2026D23/boards/PAGE_031.JPG
PAGE_031-4,PAGE_031,31,Board 31,4,5,Board 31 pin 5,img031_pin05,thumbs/inventory/PAGE_031-4.jpg,29.95,2026D23/boards,2026D23/boards/PAGE_031.JPG
PAGE_031-5,PAGE_031,31,Board 31,5,6,Board 31 pin 6,img031_pin06,thumbs/inventory/PAGE_031-5.jpg,29.95,2026D23/boards,2026D23/boards/PAGE_031.JPG
PAGE_031-6,PAGE_031,31,Board 31,6,7,Board 31 pin 7,img031_pin07,thumbs/inventory/PAGE_031-6.jpg,29.95,2026D23/boards,2026D23/boards/PAGE_031.JPG
PAGE_031-7,PAGE_031,31,Board 31,7,8,Board 31 pin 8,img031_pin08,thumbs/inventory/PAGE_031-7.jpg,29.95,2026D23/boards,2026D23/boards/PAGE_031.JPG
PAGE_032-0,PAGE_032,32,Board 32,0,1,Board 32 pin 1,img032_pin01,thumbs/inventory/PAGE_032-0.jpg,49.95,2026D23/boards,2026D23/boards/PAGE_032.JPG
PAGE_032-1,PAGE_032,32,Board 32,1,2,Board 32 pin 2,img032_pin02,thumbs/inventory/PAGE_032-1.jpg,49.95,2026D23/boards,2026D23/boards/PAGE_032.JPG
PAGE_032-2,PAGE_032,32,Board 32,2,3,Board 32 pin 3,img032_pin03,thumbs/inventory/PAGE_032-2.jpg,49.95,2026D23/boards,2026D23/boards/PAGE_032.JPG
PAGE_032-3,PAGE_032,32,Board 32,3,4,Board 32 pin 4,img032_pin04,thumbs/inventory/PAGE_032-3.jpg,49.95,2026D23/boards,2026D23/boards/PAGE_032.JPG
PAGE_032-4,PAGE_032,32,Board 32,4,5,Board 32 pin 5,img032_pin05,thumbs/inventory/PAGE_032-4.jpg,49.95,2026D23/boards,2026D23/boards/PAGE_032.JPG
PAGE_032-5,PAGE_032,32,Board 32,5,6,Board 32 pin 6,img032_pin06,thumbs/inventory/PAGE_032-5.jpg,49.95,2026D23/boards,2026D23/boards/PAGE_032.JPG
PAGE_032-6,PAGE_032,32,Board 32,6,7,Board 32 pin 7,img032_pin07,thumbs/inventory/PAGE_032-6.jpg,49.95,2026D23/boards,2026D23/boards/PAGE_032.JPG
PAGE_032-7,PAGE_032,32,Board 32,7,8,Board 32 pin 8,img032_pin08,thumbs/inventory/PAGE_032-7.jpg,49.95,2026D23/boards,2026D23/boards/PAGE_032.JPG
PAGE_032-8,PAGE_032,32,Board 32,8,9,Board 32 pin 9,img032_pin09,thumbs/inventory/PAGE_032-8.jpg,49.95,2026D23/boards,2026D23/boards/PAGE_032.JPG
PAGE_032-9,PAGE_032,32,Board 32,9,10,Board 32 pin 10,img032_pin10,thumbs/inventory/PAGE_032-9.jpg,49.95,2026D23/boards,2026D23/boards/PAGE_032.JPG
PAGE_032-10,PAGE_032,32,Board 32,10,11,Board 32 pin 11,img032_pin11,thumbs/inventory/PAGE_032-10.jpg,49.95,2026D23/boards,2026D23/boards/PAGE_032.JPG
PAGE_032-11,PAGE_032,32,Board 32,11,12,Board 32 pin 12,img032_pin12,thumbs/inventory/PAGE_032-11.jpg,49.95,2026D23/boards,2026D23/boards/PAGE_032.JPG
PAGE_032-12,PAGE_032,32,Board 32,12,13,Board 32 pin 13,img032_pin13,thumbs/inventory/PAGE_032-12.jpg,49.95,2026D23/boards,2026D23/boards/PAGE_032.JPG
PAGE_032-13,PAGE_032,32,Board 32,13,14,Board 32 pin 14,img032_pin14,thumbs/inventory/PAGE_032-13.jpg,49.95,2026D23/boards,2026D23/boards/PAGE_032.JPG
PAGE_033-0,PAGE_033,33,Board 33,0,1,Board 33 pin 1,img033_pin01,thumbs/inventory/PAGE_033-0.jpg,,2026D23/boards,2026D23/boards/PAGE_033.JPG
PAGE_033-1,PAGE_033,33,Board 33,1,2,Board 33 pin 2,img033_pin02,thumbs/inventory/PAGE_033-1.jpg,,2026D23/boards,2026D23/boards/PAGE_033.JPG
PAGE_033-2,PAGE_033,33,Board 33,2,3,Board 33 pin 3,img033_pin03,thumbs/inventory/PAGE_033-2.jpg,,2026D23/boards,2026D23/boards/PAGE_033.JPG
PAGE_033-3,PAGE_033,33,Board 33,3,4,Board 33 pin 4,img033_pin04,thumbs/inventory/PAGE_033-3.jpg,,2026D23/boards,2026D23/boards/PAGE_033.JPG
PAGE_033-4,PAGE_033,33,Board 33,4,5,Board 33 pin 5,img033_pin05,thumbs/inventory/PAGE_033-4.jpg,,2026D23/boards,2026D23/boards/PAGE_033.JPG
PAGE_033-5,PAGE_033,33,Board 33,5,6,Board 33 pin 6,img033_pin06,thumbs/inventory/PAGE_033-5.jpg,,2026D23/boards,2026D23/boards/PAGE_033.JPG
PAGE_033-6,PAGE_033,33,Board 33,6,7,Board 33 pin 7,img033_pin07,thumbs/inventory/PAGE_033-6.jpg,,2026D23/boards,2026D23/boards/PAGE_033.JPG
PAGE_033-7,PAGE_033,33,Board 33,7,8,Board 33 pin 8,img033_pin08,thumbs/inventory/PAGE_033-7.jpg,,2026D23/boards,2026D23/boards/PAGE_033.JPG
PAGE_033-8,PAGE_033,33,Board 33,8,9,Board 33 pin 9,img033_pin09,thumbs/inventory/PAGE_033-8.jpg,,2026D23/boards,2026D23/boards/PAGE_033.JPG
PAGE_033-9,PAGE_033,33,Board 33,9,10,Board 33 pin 10,img033_pin10,thumbs/inventory/PAGE_033-9.jpg,,2026D23/boards,2026D23/boards/PAGE_033.JPG
PAGE_033-10,PAGE_033,33,Board 33,10,11,Board 33 pin 11,img033_pin11,thumbs/inventory/PAGE_033-10.jpg,,2026D23/boards,2026D23/boards/PAGE_033.JPG
PAGE_034-0,PAGE_034,34,Board 34,0,1,Board 34 pin 1,img034_pin01,thumbs/inventory/PAGE_034-0.jpg,29.95,2026D23/boards,2026D23/boards/PAGE_034.JPG
PAGE_034-1,PAGE_034,34,Board 34,1,2,Board 34 pin 2,img034_pin02,thumbs/inventory/PAGE_034-1.jpg,29.95,2026D23/boards,2026D23/boards/PAGE_034.JPG
PAGE_034-2,PAGE_034,34,Board 34,2,3,Board 34 pin 3,img034_pin03,thumbs/inventory/PAGE_034-2.jpg,29.95,2026D23/boards,2026D23/boards/PAGE_034.JPG
PAGE_034-3,PAGE_034,34,Board 34,3,4,Board 34 pin 4,img034_pin04,thumbs/inventory/PAGE_034-3.jpg,29.95,2026D23/boards,2026D23/boards/PAGE_034.JPG
PAGE_034-4,PAGE_034,34,Board 34,4,5,Board 34 pin 5,img034_pin05,thumbs/inventory/PAGE_034-4.jpg,29.95,2026D23/boards,2026D23/boards/PAGE_034.JPG
PAGE_034-5,PAGE_034,34,Board 34,5,6,Board 34 pin 6,img034_pin06,thumbs/inventory/PAGE_034-5.jpg,29.95,2026D23/boards,2026D23/boards/PAGE_034.JPG
PAGE_034-6,PAGE_034,34,Board 34,6,7,Board 34 pin 7,img034_pin07,thumbs/inventory/PAGE_034-6.jpg,29.95,2026D23/boards,2026D23/boards/PAGE_034.JPG
PAGE_034-7,PAGE_034,34,Board 34,7,8,Board 34 pin 8,img034_pin08,thumbs/inventory/PAGE_034-7.jpg,29.95,2026D23/boards,2026D23/boards/PAGE_034.JPG
PAGE_034-8,PAGE_034,34,Board 34,8,9,Board 34 pin 9,img034_pin09,thumbs/inventory/PAGE_034-8.jpg,29.95,2026D23/boards,2026D23/boards/PAGE_034.JPG
PAGE_034-9,PAGE_034,34,Board 34,9,10,Board 34 pin 10,img034_pin10,thumbs/inventory/PAGE_034-9.jpg,29.95,2026D23/boards,2026D23/boards/PAGE_034.JPG
PAGE_034-10,PAGE_034,34,Board 34,10,11,Board 34 pin 11,img034_pin11,thumbs/inventory/PAGE_034-10.jpg,29.95,2026D23/boards,2026D23/boards/PAGE_034.JPG
PAGE_034-11,PAGE_034,34,Board 34,11,12,Board 34 pin 12,img034_pin12,thumbs/inventory/PAGE_034-11.jpg,29.95,2026D23/boards,2026D23/boards/PAGE_034.JPG
PAGE_034-12,PAGE_034,34,Board 34,12,13,Board 34 pin 13,img034_pin13,thumbs/inventory/PAGE_034-12.jpg,29.95,2026D23/boards,2026D23/boards/PAGE_034.JPG
PAGE_034-13,PAGE_034,34,Board 34,13,14,Board 34 pin 14,img034_pin14,thumbs/inventory/PAGE_034-13.jpg,29.95,2026D23/boards,2026D23/boards/PAGE_034.JPG
PAGE_034-14,PAGE_034,34,Board 34,14,15,Board 34 pin 15,img034_pin15,thumbs/inventory/PAGE_034-14.jpg,29.95,2026D23/boards,2026D23/boards/PAGE_034.JPG
PAGE_035-0,PAGE_035,35,Board 35,0,1,Board 35 pin 1,img035_pin01,thumbs/inventory/PAGE_035-0.jpg,49.95,2026D23/boards,2026D23/boards/PAGE_035.JPG
PAGE_035-1,PAGE_035,35,Board 35,1,2,Board 35 pin 2,img035_pin02,thumbs/inventory/PAGE_035-1.jpg,49.95,2026D23/boards,2026D23/boards/PAGE_035.JPG
PAGE_035-2,PAGE_035,35,Board 35,2,3,Board 35 pin 3,img035_pin03,thumbs/inventory/PAGE_035-2.jpg,49.95,2026D23/boards,2026D23/boards/PAGE_035.JPG
PAGE_035-3,PAGE_035,35,Board 35,3,4,Board 35 pin 4,img035_pin04,thumbs/inventory/PAGE_035-3.jpg,49.95,2026D23/boards,2026D23/boards/PAGE_035.JPG
PAGE_035-4,PAGE_035,35,Board 35,4,5,Board 35 pin 5,img035_pin05,thumbs/inventory/PAGE_035-4.jpg,49.95,2026D23/boards,2026D23/boards/PAGE_035.JPG
PAGE_035-5,PAGE_035,35,Board 35,5,6,Board 35 pin 6,img035_pin06,thumbs/inventory/PAGE_035-5.jpg,49.95,2026D23/boards,2026D23/boards/PAGE_035.JPG
PAGE_035-6,PAGE_035,35,Board 35,6,7,Board 35 pin 7,img035_pin07,thumbs/inventory/PAGE_035-6.jpg,49.95,2026D23/boards,2026D23/boards/PAGE_035.JPG
PAGE_035-7,PAGE_035,35,Board 35,7,8,Board 35 pin 8,img035_pin08,thumbs/inventory/PAGE_035-7.jpg,49.95,2026D23/boards,2026D23/boards/PAGE_035.JPG
PAGE_035-8,PAGE_035,35,Board 35,8,9,Board 35 pin 9,img035_pin09,thumbs/inventory/PAGE_035-8.jpg,49.95,2026D23/boards,2026D23/boards/PAGE_035.JPG
PAGE_035-9,PAGE_035,35,Board 35,9,10,Board 35 pin 10,img035_pin10,thumbs/inventory/PAGE_035-9.jpg,49.95,2026D23/boards,2026D23/boards/PAGE_035.JPG
PAGE_035-10,PAGE_035,35,Board 35,10,11,Board 35 pin 11,img035_pin11,thumbs/inventory/PAGE_035-10.jpg,49.95,2026D23/boards,2026D23/boards/PAGE_035.JPG
PAGE_035-11,PAGE_035,35,Board 35,11,12,Board 35 pin 12,img035_pin12,thumbs/inventory/PAGE_035-11.jpg,49.95,2026D23/boards,2026D23/boards/PAGE_035.JPG
PAGE_035-12,PAGE_035,35,Board 35,12,13,Board 35 pin 13,img035_pin13,thumbs/inventory/PAGE_035-12.jpg,49.95,2026D23/boards,2026D23/boards/PAGE_035.JPG
PAGE_035-13,PAGE_035,35,Board 35,13,14,Board 35 pin 14,img035_pin14,thumbs/inventory/PAGE_035-13.jpg,49.95,2026D23/boards,2026D23/boards/PAGE_035.JPG
PAGE_035-14,PAGE_035,35,Board 35,14,15,Board 35 pin 15,img035_pin15,thumbs/inventory/PAGE_035-14.jpg,49.95,2026D23/boards,2026D23/boards/PAGE_035.JPG
PAGE_037-0,PAGE_037,37,Board 37,0,1,Board 37 pin 1,img037_pin01,thumbs/inventory/PAGE_037-0.jpg,34.95,2026D23/boards,2026D23/boards/PAGE_037.JPG
PAGE_037-1,PAGE_037,37,Board 37,1,2,Board 37 pin 2,img037_pin02,thumbs/inventory/PAGE_037-1.jpg,34.95,2026D23/boards,2026D23/boards/PAGE_037.JPG
PAGE_037-2,PAGE_037,37,Board 37,2,3,Board 37 pin 3,img037_pin03,thumbs/inventory/PAGE_037-2.jpg,34.95,2026D23/boards,2026D23/boards/PAGE_037.JPG
PAGE_037-3,PAGE_037,37,Board 37,3,4,Board 37 pin 4,img037_pin04,thumbs/inventory/PAGE_037-3.jpg,34.95,2026D23/boards,2026D23/boards/PAGE_037.JPG
PAGE_037-4,PAGE_037,37,Board 37,4,5,Board 37 pin 5,img037_pin05,thumbs/inventory/PAGE_037-4.jpg,34.95,2026D23/boards,2026D23/boards/PAGE_037.JPG
PAGE_037-5,PAGE_037,37,Board 37,5,6,Board 37 pin 6,img037_pin06,thumbs/inventory/PAGE_037-5.jpg,34.95,2026D23/boards,2026D23/boards/PAGE_037.JPG
PAGE_037-6,PAGE_037,37,Board 37,6,7,Board 37 pin 7,img037_pin07,thumbs/inventory/PAGE_037-6.jpg,34.95,2026D23/boards,2026D23/boards/PAGE_037.JPG
PAGE_037-7,PAGE_037,37,Board 37,7,8,Board 37 pin 8,img037_pin08,thumbs/inventory/PAGE_037-7.jpg,34.95,2026D23/boards,2026D23/boards/PAGE_037.JPG
PAGE_037-8,PAGE_037,37,Board 37,8,9,Board 37 pin 9,img037_pin09,thumbs/inventory/PAGE_037-8.jpg,34.95,2026D23/boards,2026D23/boards/PAGE_037.JPG
PAGE_037-9,PAGE_037,37,Board 37,9,10,Board 37 pin 10,img037_pin10,thumbs/inventory/PAGE_037-9.jpg,34.95,2026D23/boards,2026D23/boards/PAGE_037.JPG
PAGE_038-0,PAGE_038,38,Board 38,0,1,Board 38 pin 1,img038_pin01,thumbs/inventory/PAGE_038-0.jpg,34.95,2026D23/boards,2026D23/boards/PAGE_038.JPG
PAGE_038-1,PAGE_038,38,Board 38,1,2,Board 38 pin 2,img038_pin02,thumbs/inventory/PAGE_038-1.jpg,34.95,2026D23/boards,2026D23/boards/PAGE_038.JPG
PAGE_038-2,PAGE_038,38,Board 38,2,3,Board 38 pin 3,img038_pin03,thumbs/inventory/PAGE_038-2.jpg,34.95,2026D23/boards,2026D23/boards/PAGE_038.JPG
PAGE_038-3,PAGE_038,38,Board 38,3,4,Board 38 pin 4,img038_pin04,thumbs/inventory/PAGE_038-3.jpg,34.95,2026D23/boards,2026D23/boards/PAGE_038.JPG
PAGE_038-4,PAGE_038,38,Board 38,4,5,Board 38 pin 5,img038_pin05,thumbs/inventory/PAGE_038-4.jpg,34.95,2026D23/boards,2026D23/boards/PAGE_038.JPG
PAGE_038-5,PAGE_038,38,Board 38,5,6,Board 38 pin 6,img038_pin06,thumbs/inventory/PAGE_038-5.jpg,34.95,2026D23/boards,2026D23/boards/PAGE_038.JPG
PAGE_038-6,PAGE_038,38,Board 38,6,7,Board 38 pin 7,img038_pin07,thumbs/inventory/PAGE_038-6.jpg,34.95,2026D23/boards,2026D23/boards/PAGE_038.JPG
PAGE_038-7,PAGE_038,38,Board 38,7,8,Board 38 pin 8,img038_pin08,thumbs/inventory/PAGE_038-7.jpg,34.95,2026D23/boards,2026D23/boards/PAGE_038.JPG
PAGE_038-8,PAGE_038,38,Board 38,8,9,Board 38 pin 9,img038_pin09,thumbs/inventory/PAGE_038-8.jpg,34.95,2026D23/boards,2026D23/boards/PAGE_038.JPG
PAGE_038-9,PAGE_038,38,Board 38,9,10,Board 38 pin 10,img038_pin10,thumbs/inventory/PAGE_038-9.jpg,34.95,2026D23/boards,2026D23/boards/PAGE_038.JPG
PAGE_038-10,PAGE_038,38,Board 38,10,11,Board 38 pin 11,img038_pin11,thumbs/inventory/PAGE_038-10.jpg,34.95,2026D23/boards,2026D23/boards/PAGE_038.JPG
PAGE_039-0,PAGE_039,39,Board 39,0,1,Board 39 pin 1,img039_pin01,thumbs/inventory/PAGE_039-0.jpg,34.95,2026D23/boards,2026D23/boards/PAGE_039.JPG
PAGE_039-1,PAGE_039,39,Board 39,1,2,Board 39 pin 2,img039_pin02,thumbs/inventory/PAGE_039-1.jpg,34.95,2026D23/boards,2026D23/boards/PAGE_039.JPG
PAGE_039-2,PAGE_039,39,Board 39,2,3,Board 39 pin 3,img039_pin03,thumbs/inventory/PAGE_039-2.jpg,34.95,2026D23/boards,2026D23/boards/PAGE_039.JPG
PAGE_039-3,PAGE_039,39,Board 39,3,4,Board 39 pin 4,img039_pin04,thumbs/inventory/PAGE_039-3.jpg,34.95,2026D23/boards,2026D23/boards/PAGE_039.JPG
PAGE_039-4,PAGE_039,39,Board 39,4,5,Board 39 pin 5,img039_pin05,thumbs/inventory/PAGE_039-4.jpg,34.95,2026D23/boards,2026D23/boards/PAGE_039.JPG
PAGE_039-5,PAGE_039,39,Board 39,5,6,Board 39 pin 6,img039_pin06,thumbs/inventory/PAGE_039-5.jpg,34.95,2026D23/boards,2026D23/boards/PAGE_039.JPG
PAGE_039-6,PAGE_039,39,Board 39,6,7,Board 39 pin 7,img039_pin07,thumbs/inventory/PAGE_039-6.jpg,34.95,2026D23/boards,2026D23/boards/PAGE_039.JPG
PAGE_039-7,PAGE_039,39,Board 39,7,8,Board 39 pin 8,img039_pin08,thumbs/inventory/PAGE_039-7.jpg,34.95,2026D23/boards,2026D23/boards/PAGE_039.JPG
PAGE_039-8,PAGE_039,39,Board 39,8,9,Board 39 pin 9,img039_pin09,thumbs/inventory/PAGE_039-8.jpg,34.95,2026D23/boards,2026D23/boards/PAGE_039.JPG
PAGE_039-9,PAGE_039,39,Board 39,9,10,Board 39 pin 10,img039_pin10,thumbs/inventory/PAGE_039-9.jpg,34.95,2026D23/boards,2026D23/boards/PAGE_039.JPG
PAGE_039-10,PAGE_039,39,Board 39,10,11,Board 39 pin 11,img039_pin11,thumbs/inventory/PAGE_039-10.jpg,34.95,2026D23/boards,2026D23/boards/PAGE_039.JPG
PAGE_040-0,PAGE_040,40,Board 40,0,1,Board 40 pin 1,img040_pin01,thumbs/inventory/PAGE_040-0.jpg,39.95,2026D23/boards,2026D23/boards/PAGE_040.JPG
PAGE_040-1,PAGE_040,40,Board 40,1,2,Board 40 pin 2,img040_pin02,thumbs/inventory/PAGE_040-1.jpg,39.95,2026D23/boards,2026D23/boards/PAGE_040.JPG
PAGE_040-2,PAGE_040,40,Board 40,2,3,Board 40 pin 3,img040_pin03,thumbs/inventory/PAGE_040-2.jpg,39.95,2026D23/boards,2026D23/boards/PAGE_040.JPG
PAGE_040-3,PAGE_040,40,Board 40,3,4,Board 40 pin 4,img040_pin04,thumbs/inventory/PAGE_040-3.jpg,39.95,2026D23/boards,2026D23/boards/PAGE_040.JPG
PAGE_040-4,PAGE_040,40,Board 40,4,5,Board 40 pin 5,img040_pin05,thumbs/inventory/PAGE_040-4.jpg,39.95,2026D23/boards,2026D23/boards/PAGE_040.JPG
PAGE_040-5,PAGE_040,40,Board 40,5,6,Board 40 pin 6,img040_pin06,thumbs/inventory/PAGE_040-5.jpg,39.95,2026D23/boards,2026D23/boards/PAGE_040.JPG
PAGE_040-6,PAGE_040,40,Board 40,6,7,Board 40 pin 7,img040_pin07,thumbs/inventory/PAGE_040-6.jpg,39.95,2026D23/boards,2026D23/boards/PAGE_040.JPG
PAGE_040-7,PAGE_040,40,Board 40,7,8,Board 40 pin 8,img040_pin08,thumbs/inventory/PAGE_040-7.jpg,39.95,2026D23/boards,2026D23/boards/PAGE_040.JPG
PAGE_040-8,PAGE_040,40,Board 40,8,9,Board 40 pin 9,img040_pin09,thumbs/inventory/PAGE_040-8.jpg,39.95,2026D23/boards,2026D23/boards/PAGE_040.JPG
PAGE_040-9,PAGE_040,40,Board 40,9,10,Board 40 pin 10,img040_pin10,thumbs/inventory/PAGE_040-9.jpg,39.95,2026D23/boards,2026D23/boards/PAGE_040.JPG
PAGE_040-10,PAGE_040,40,Board 40,10,11,Board 40 pin 11,img040_pin11,thumbs/inventory/PAGE_040-10.jpg,39.95,2026D23/boards,2026D23/boards/PAGE_040.JPG
PAGE_040-11,PAGE_040,40,Board 40,11,12,Board 40 pin 12,img040_pin12,thumbs/inventory/PAGE_040-11.jpg,39.95,2026D23/boards,2026D23/boards/PAGE_040.JPG
PAGE_040-12,PAGE_040,40,Board 40,12,13,Board 40 pin 13,img040_pin13,thumbs/inventory/PAGE_040-12.jpg,39.95,2026D23/boards,2026D23/boards/PAGE_040.JPG
PAGE_040-13,PAGE_040,40,Board 40,13,14,Board 40 pin 14,img040_pin14,thumbs/inventory/PAGE_040-13.jpg,39.95,2026D23/boards,2026D23/boards/PAGE_040.JPG
PAGE_040-14,PAGE_040,40,Board 40,14,15,Board 40 pin 15,img040_pin15,thumbs/inventory/PAGE_040-14.jpg,39.95,2026D23/boards,2026D23/boards/PAGE_040.JPG
PAGE_040-15,PAGE_040,40,Board 40,15,16,Board 40 pin 16,img040_pin16,thumbs/inventory/PAGE_040-15.jpg,39.95,2026D23/boards,2026D23/boards/PAGE_040.JPG
PAGE_040-16,PAGE_040,40,Board 40,16,17,Board 40 pin 17,img040_pin17,thumbs/inventory/PAGE_040-16.jpg,39.95,2026D23/boards,2026D23/boards/PAGE_040.JPG
PAGE_040-17,PAGE_040,40,Board 40,17,18,Board 40 pin 18,img040_pin18,thumbs/inventory/PAGE_040-17.jpg,39.95,2026D23/boards,2026D23/boards/PAGE_040.JPG
PAGE_041-0,PAGE_041,41,Board 41,0,1,Board 41 pin 1,img041_pin01,thumbs/inventory/PAGE_041-0.jpg,42.95,2026D23/boards,2026D23/boards/PAGE_041.JPG
PAGE_041-1,PAGE_041,41,Board 41,1,2,Board 41 pin 2,img041_pin02,thumbs/inventory/PAGE_041-1.jpg,42.95,2026D23/boards,2026D23/boards/PAGE_041.JPG
PAGE_041-2,PAGE_041,41,Board 41,2,3,Board 41 pin 3,img041_pin03,thumbs/inventory/PAGE_041-2.jpg,42.95,2026D23/boards,2026D23/boards/PAGE_041.JPG
PAGE_041-3,PAGE_041,41,Board 41,3,4,Board 41 pin 4,img041_pin04,thumbs/inventory/PAGE_041-3.jpg,42.95,2026D23/boards,2026D23/boards/PAGE_041.JPG
PAGE_041-4,PAGE_041,41,Board 41,4,5,Board 41 pin 5,img041_pin05,thumbs/inventory/PAGE_041-4.jpg,42.95,2026D23/boards,2026D23/boards/PAGE_041.JPG
PAGE_041-5,PAGE_041,41,Board 41,5,6,Board 41 pin 6,img041_pin06,thumbs/inventory/PAGE_041-5.jpg,42.95,2026D23/boards,2026D23/boards/PAGE_041.JPG
PAGE_041-6,PAGE_041,41,Board 41,6,7,Board 41 pin 7,img041_pin07,thumbs/inventory/PAGE_041-6.jpg,42.95,2026D23/boards,2026D23/boards/PAGE_041.JPG
PAGE_041-7,PAGE_041,41,Board 41,7,8,Board 41 pin 8,img041_pin08,thumbs/inventory/PAGE_041-7.jpg,42.95,2026D23/boards,2026D23/boards/PAGE_041.JPG
PAGE_041-8,PAGE_041,41,Board 41,8,9,Board 41 pin 9,img041_pin09,thumbs/inventory/PAGE_041-8.jpg,42.95,2026D23/boards,2026D23/boards/PAGE_041.JPG
PAGE_041-9,PAGE_041,41,Board 41,9,10,Board 41 pin 10,img041_pin10,thumbs/inventory/PAGE_041-9.jpg,42.95,2026D23/boards,2026D23/boards/PAGE_041.JPG
PAGE_041-10,PAGE_041,41,Board 41,10,11,Board 41 pin 11,img041_pin11,thumbs/inventory/PAGE_041-10.jpg,42.95,2026D23/boards,2026D23/boards/PAGE_041.JPG
PAGE_041-11,PAGE_041,41,Board 41,11,12,Board 41 pin 12,img041_pin12,thumbs/inventory/PAGE_041-11.jpg,42.95,2026D23/boards,2026D23/boards/PAGE_041.JPG
PAGE_041-12,PAGE_041,41,Board 41,12,13,Board 41 pin 13,img041_pin13,thumbs/inventory/PAGE_041-12.jpg,42.95,2026D23/boards,2026D23/boards/PAGE_041.JPG
PAGE_041-13,PAGE_041,41,Board 41,13,14,Board 41 pin 14,img041_pin14,thumbs/inventory/PAGE_041-13.jpg,42.95,2026D23/boards,2026D23/boards/PAGE_041.JPG
PAGE_041-14,PAGE_041,41,Board 41,14,15,Board 41 pin 15,img041_pin15,thumbs/inventory/PAGE_041-14.jpg,42.95,2026D23/boards,2026D23/boards/PAGE_041.JPG
PAGE_042-0,PAGE_042,42,Board 42,0,1,Board 42 pin 1,img042_pin01,thumbs/inventory/PAGE_042-0.jpg,79.95,2026D23/boards,2026D23/boards/PAGE_042.JPG
PAGE_042-1,PAGE_042,42,Board 42,1,2,Board 42 pin 2,img042_pin02,thumbs/inventory/PAGE_042-1.jpg,79.95,2026D23/boards,2026D23/boards/PAGE_042.JPG
PAGE_042-2,PAGE_042,42,Board 42,2,3,Board 42 pin 3,img042_pin03,thumbs/inventory/PAGE_042-2.jpg,79.95,2026D23/boards,2026D23/boards/PAGE_042.JPG
PAGE_042-3,PAGE_042,42,Board 42,3,4,Board 42 pin 4,img042_pin04,thumbs/inventory/PAGE_042-3.jpg,79.95,2026D23/boards,2026D23/boards/PAGE_042.JPG
PAGE_042-4,PAGE_042,42,Board 42,4,5,Board 42 pin 5,img042_pin05,thumbs/inventory/PAGE_042-4.jpg,79.95,2026D23/boards,2026D23/boards/PAGE_042.JPG
PAGE_043-0,PAGE_043,43,Board 43,0,1,Board 43 pin 1,img043_pin01,thumbs/inventory/PAGE_043-0.jpg,32.95,2026D23/boards,2026D23/boards/PAGE_043.JPG
PAGE_043-1,PAGE_043,43,Board 43,1,2,Board 43 pin 2,img043_pin02,thumbs/inventory/PAGE_043-1.jpg,32.95,2026D23/boards,2026D23/boards/PAGE_043.JPG
PAGE_043-2,PAGE_043,43,Board 43,2,3,Board 43 pin 3,img043_pin03,thumbs/inventory/PAGE_043-2.jpg,32.95,2026D23/boards,2026D23/boards/PAGE_043.JPG
PAGE_043-3,PAGE_043,43,Board 43,3,4,Board 43 pin 4,img043_pin04,thumbs/inventory/PAGE_043-3.jpg,32.95,2026D23/boards,2026D23/boards/PAGE_043.JPG
PAGE_043-4,PAGE_043,43,Board 43,4,5,Board 43 pin 5,img043_pin05,thumbs/inventory/PAGE_043-4.jpg,32.95,2026D23/boards,2026D23/boards/PAGE_043.JPG
PAGE_043-5,PAGE_043,43,Board 43,5,6,Board 43 pin 6,img043_pin06,thumbs/inventory/PAGE_043-5.jpg,32.95,2026D23/boards,2026D23/boards/PAGE_043.JPG
PAGE_043-6,PAGE_043,43,Board 43,6,7,Board 43 pin 7,img043_pin07,thumbs/inventory/PAGE_043-6.jpg,32.95,2026D23/boards,2026D23/boards/PAGE_043.JPG
PAGE_043-7,PAGE_043,43,Board 43,7,8,Board 43 pin 8,img043_pin08,thumbs/inventory/PAGE_043-7.jpg,32.95,2026D23/boards,2026D23/boards/PAGE_043.JPG
PAGE_043-8,PAGE_043,43,Board 43,8,9,Board 43 pin 9,img043_pin09,thumbs/inventory/PAGE_043-8.jpg,32.95,2026D23/boards,2026D23/boards/PAGE_043.JPG
PAGE_043-9,PAGE_043,43,Board 43,9,10,Board 43 pin 10,img043_pin10,thumbs/inventory/PAGE_043-9.jpg,32.95,2026D23/boards,2026D23/boards/PAGE_043.JPG
PAGE_044-0,PAGE_044,44,Board 44,0,1,Board 44 pin 1,img044_pin01,thumbs/inventory/PAGE_044-0.jpg,32.95,2026D23/boards,2026D23/boards/PAGE_044.JPG
PAGE_044-1,PAGE_044,44,Board 44,1,2,Board 44 pin 2,img044_pin02,thumbs/inventory/PAGE_044-1.jpg,32.95,2026D23/boards,2026D23/boards/PAGE_044.JPG
PAGE_044-2,PAGE_044,44,Board 44,2,3,Board 44 pin 3,img044_pin03,thumbs/inventory/PAGE_044-2.jpg,32.95,2026D23/boards,2026D23/boards/PAGE_044.JPG
PAGE_044-3,PAGE_044,44,Board 44,3,4,Board 44 pin 4,img044_pin04,thumbs/inventory/PAGE_044-3.jpg,32.95,2026D23/boards,2026D23/boards/PAGE_044.JPG
PAGE_044-4,PAGE_044,44,Board 44,4,5,Board 44 pin 5,img044_pin05,thumbs/inventory/PAGE_044-4.jpg,32.95,2026D23/boards,2026D23/boards/PAGE_044.JPG
PAGE_044-5,PAGE_044,44,Board 44,5,6,Board 44 pin 6,img044_pin06,thumbs/inventory/PAGE_044-5.jpg,32.95,2026D23/boards,2026D23/boards/PAGE_044.JPG
PAGE_044-6,PAGE_044,44,Board 44,6,7,Board 44 pin 7,img044_pin07,thumbs/inventory/PAGE_044-6.jpg,32.95,2026D23/boards,2026D23/boards/PAGE_044.JPG
PAGE_044-7,PAGE_044,44,Board 44,7,8,Board 44 pin 8,img044_pin08,thumbs/inventory/PAGE_044-7.jpg,32.95,2026D23/boards,2026D23/boards/PAGE_044.JPG
PAGE_044-8,PAGE_044,44,Board 44,8,9,Board 44 pin 9,img044_pin09,thumbs/inventory/PAGE_044-8.jpg,32.95,2026D23/boards,2026D23/boards/PAGE_044.JPG
PAGE_045-0,PAGE_045,45,Board 45,0,1,Board 45 pin 1,img045_pin01,thumbs/inventory/PAGE_045-0.jpg,,2026D23/boards,2026D23/boards/PAGE_045.JPG
PAGE_045-1,PAGE_045,45,Board 45,1,2,Board 45 pin 2,img045_pin02,thumbs/inventory/PAGE_045-1.jpg,,2026D23/boards,2026D23/boards/PAGE_045.JPG
PAGE_045-2,PAGE_045,45,Board 45,2,3,Board 45 pin 3,img045_pin03,thumbs/inventory/PAGE_045-2.jpg,,2026D23/boards,2026D23/boards/PAGE_045.JPG
PAGE_045-3,PAGE_045,45,Board 45,3,4,Board 45 pin 4,img045_pin04,thumbs/inventory/PAGE_045-3.jpg,,2026D23/boards,2026D23/boards/PAGE_045.JPG
PAGE_045-4,PAGE_045,45,Board 45,4,5,Board 45 pin 5,img045_pin05,thumbs/inventory/PAGE_045-4.jpg,,2026D23/boards,2026D23/boards/PAGE_045.JPG
PAGE_046-0,PAGE_046,46,Board 46,0,1,Board 46 pin 1,img046_pin01,thumbs/inventory/PAGE_046-0.jpg,,2026D23/boards,2026D23/boards/PAGE_046.JPG
PAGE_046-1,PAGE_046,46,Board 46,1,2,Board 46 pin 2,img046_pin02,thumbs/inventory/PAGE_046-1.jpg,,2026D23/boards,2026D23/boards/PAGE_046.JPG
PAGE_046-2,PAGE_046,46,Board 46,2,3,Board 46 pin 3,img046_pin03,thumbs/inventory/PAGE_046-2.jpg,,2026D23/boards,2026D23/boards/PAGE_046.JPG
PAGE_046-3,PAGE_046,46,Board 46,3,4,Board 46 pin 4,img046_pin04,thumbs/inventory/PAGE_046-3.jpg,,2026D23/boards,2026D23/boards/PAGE_046.JPG
PAGE_047-0,PAGE_047,47,Board 47,0,1,Board 47 pin 1,img047_pin01,thumbs/inventory/PAGE_047-0.jpg,500.0,2026D23/boards,2026D23/boards/PAGE_047.JPG
PAGE_047-1,PAGE_047,47,Board 47,1,2,Board 47 pin 2,img047_pin02,thumbs/inventory/PAGE_047-1.jpg,,2026D23/boards,2026D23/boards/PAGE_047.JPG
PAGE_047-2,PAGE_047,47,Board 47,2,3,Board 47 pin 3,img047_pin03,thumbs/inventory/PAGE_047-2.jpg,,2026D23/boards,2026D23/boards/PAGE_047.JPG
PAGE_047-3,PAGE_047,47,Board 47,3,4,Board 47 pin 4,img047_pin04,thumbs/inventory/PAGE_047-3.jpg,,2026D23/boards,2026D23/boards/PAGE_047.JPG
PAGE_049-0,PAGE_049,49,Board 49,0,1,Board 49 pin 1,img049_pin01,thumbs/inventory/PAGE_049-0.jpg,,2026D23/boards,2026D23/boards/PAGE_049.JPG
PAGE_049-1,PAGE_049,49,Board 49,1,2,Board 49 pin 2,img049_pin02,thumbs/inventory/PAGE_049-1.jpg,,2026D23/boards,2026D23/boards/PAGE_049.JPG
PAGE_049-2,PAGE_049,49,Board 49,2,3,Board 49 pin 3,img049_pin03,thumbs/inventory/PAGE_049-2.jpg,,2026D23/boards,2026D23/boards/PAGE_049.JPG
PAGE_049-3,PAGE_049,49,Board 49,3,4,Board 49 pin 4,img049_pin04,thumbs/inventory/PAGE_049-3.jpg,,2026D23/boards,2026D23/boards/PAGE_049.JPG
PAGE_049-4,PAGE_049,49,Board 49,4,5,Board 49 pin 5,img049_pin05,thumbs/inventory/PAGE_049-4.jpg,,2026D23/boards,2026D23/boards/PAGE_049.JPG
PAGE_049-5,PAGE_049,49,Board 49,5,6,Board 49 pin 6,img049_pin06,thumbs/inventory/PAGE_049-5.jpg,,2026D23/boards,2026D23/boards/PAGE_049.JPG
PAGE_049-6,PAGE_049,49,Board 49,6,7,Board 49 pin 7,img049_pin07,thumbs/inventory/PAGE_049-6.jpg,,2026D23/boards,2026D23/boards/PAGE_049.JPG
PAGE_049-7,PAGE_049,49,Board 49,7,8,Board 49 pin 8,img049_pin08,thumbs/inventory/PAGE_049-7.jpg,,2026D23/boards,2026D23/boards/PAGE_049.JPG
PAGE_049-8,PAGE_049,49,Board 49,8,9,Board 49 pin 9,img049_pin09,thumbs/inventory/PAGE_049-8.jpg,,2026D23/boards,2026D23/boards/PAGE_049.JPG
PAGE_049-9,PAGE_049,49,Board 49,9,10,Board 49 pin 10,img049_pin10,thumbs/inventory/PAGE_049-9.jpg,,2026D23/boards,2026D23/boards/PAGE_049.JPG
PAGE_050-0,PAGE_050,50,Board 50,0,1,Board 50 pin 1,img050_pin01,thumbs/inventory/PAGE_050-0.jpg,39.95,2026D23/boards,2026D23/boards/PAGE_050.JPG
PAGE_050-1,PAGE_050,50,Board 50,1,2,Board 50 pin 2,img050_pin02,thumbs/inventory/PAGE_050-1.jpg,39.95,2026D23/boards,2026D23/boards/PAGE_050.JPG
PAGE_050-2,PAGE_050,50,Board 50,2,3,Board 50 pin 3,img050_pin03,thumbs/inventory/PAGE_050-2.jpg,39.95,2026D23/boards,2026D23/boards/PAGE_050.JPG
PAGE_050-3,PAGE_050,50,Board 50,3,4,Board 50 pin 4,img050_pin04,thumbs/inventory/PAGE_050-3.jpg,39.95,2026D23/boards,2026D23/boards/PAGE_050.JPG
PAGE_050-4,PAGE_050,50,Board 50,4,5,Board 50 pin 5,img050_pin05,thumbs/inventory/PAGE_050-4.jpg,39.95,2026D23/boards,2026D23/boards/PAGE_050.JPG
PAGE_050-5,PAGE_050,50,Board 50,5,6,Board 50 pin 6,img050_pin06,thumbs/inventory/PAGE_050-5.jpg,39.95,2026D23/boards,2026D23/boards/PAGE_050.JPG
PAGE_050-6,PAGE_050,50,Board 50,6,7,Board 50 pin 7,img050_pin07,thumbs/inventory/PAGE_050-6.jpg,39.95,2026D23/boards,2026D23/boards/PAGE_050.JPG
PAGE_050-7,PAGE_050,50,Board 50,7,8,Board 50 pin 8,img050_pin08,thumbs/inventory/PAGE_050-7.jpg,39.95,2026D23/boards,2026D23/boards/PAGE_050.JPG
PAGE_050-8,PAGE_050,50,Board 50,8,9,Board 50 pin 9,img050_pin09,thumbs/inventory/PAGE_050-8.jpg,39.95,2026D23/boards,2026D23/boards/PAGE_050.JPG
PAGE_050-9,PAGE_050,50,Board 50,9,10,Board 50 pin 10,img050_pin10,thumbs/inventory/PAGE_050-9.jpg,39.95,2026D23/boards,2026D23/boards/PAGE_050.JPG
PAGE_050-10,PAGE_050,50,Board 50,10,11,Board 50 pin 11,img050_pin11,thumbs/inventory/PAGE_050-10.jpg,39.95,2026D23/boards,2026D23/boards/PAGE_050.JPG
PAGE_050-11,PAGE_050,50,Board 50,11,12,Board 50 pin 12,img050_pin12,thumbs/inventory/PAGE_050-11.jpg,39.95,2026D23/boards,2026D23/boards/PAGE_050.JPG
PAGE_050-12,PAGE_050,50,Board 50,12,13,Board 50 pin 13,img050_pin13,thumbs/inventory/PAGE_050-12.jpg,39.95,2026D23/boards,2026D23/boards/PAGE_050.JPG
PAGE_050-13,PAGE_050,50,Board 50,13,14,Board 50 pin 14,img050_pin14,thumbs/inventory/PAGE_050-13.jpg,39.95,2026D23/boards,2026D23/boards/PAGE_050.JPG
PAGE_050-14,PAGE_050,50,Board 50,14,15,Board 50 pin 15,img050_pin15,thumbs/inventory/PAGE_050-14.jpg,39.95,2026D23/boards,2026D23/boards/PAGE_050.JPG
PAGE_050-15,PAGE_050,50,Board 50,15,16,Board 50 pin 16,img050_pin16,thumbs/inventory/PAGE_050-15.jpg,39.95,2026D23/boards,2026D23/boards/PAGE_050.JPG
PAGE_050-16,PAGE_050,50,Board 50,16,17,Board 50 pin 17,img050_pin17,thumbs/inventory/PAGE_050-16.jpg,39.95,2026D23/boards,2026D23/boards/PAGE_050.JPG
PAGE_051-0,PAGE_051,51,Board 51,0,1,Board 51 pin 1,img051_pin01,thumbs/inventory/PAGE_051-0.jpg,36.95,2026D23/boards,2026D23/boards/PAGE_051.JPG
PAGE_051-1,PAGE_051,51,Board 51,1,2,Board 51 pin 2,img051_pin02,thumbs/inventory/PAGE_051-1.jpg,36.95,2026D23/boards,2026D23/boards/PAGE_051.JPG
PAGE_051-2,PAGE_051,51,Board 51,2,3,Board 51 pin 3,img051_pin03,thumbs/inventory/PAGE_051-2.jpg,36.95,2026D23/boards,2026D23/boards/PAGE_051.JPG
PAGE_051-3,PAGE_051,51,Board 51,3,4,Board 51 pin 4,img051_pin04,thumbs/inventory/PAGE_051-3.jpg,36.95,2026D23/boards,2026D23/boards/PAGE_051.JPG
PAGE_052-0,PAGE_052,52,Board 52,0,1,Board 52 pin 1,img052_pin01,thumbs/inventory/PAGE_052-0.jpg,36.95,2026D23/boards,2026D23/boards/PAGE_052.JPG
PAGE_052-1,PAGE_052,52,Board 52,1,2,Board 52 pin 2,img052_pin02,thumbs/inventory/PAGE_052-1.jpg,36.95,2026D23/boards,2026D23/boards/PAGE_052.JPG
PAGE_052-2,PAGE_052,52,Board 52,2,3,Board 52 pin 3,img052_pin03,thumbs/inventory/PAGE_052-2.jpg,36.95,2026D23/boards,2026D23/boards/PAGE_052.JPG
PAGE_053-0,PAGE_053,53,Board 53,0,1,Board 53 pin 1,img053_pin01,thumbs/inventory/PAGE_053-0.jpg,34.95,2026D23/boards,2026D23/boards/PAGE_053.JPG
PAGE_053-1,PAGE_053,53,Board 53,1,2,Board 53 pin 2,img053_pin02,thumbs/inventory/PAGE_053-1.jpg,34.95,2026D23/boards,2026D23/boards/PAGE_053.JPG
PAGE_053-2,PAGE_053,53,Board 53,2,3,Board 53 pin 3,img053_pin03,thumbs/inventory/PAGE_053-2.jpg,34.95,2026D23/boards,2026D23/boards/PAGE_053.JPG
PAGE_053-3,PAGE_053,53,Board 53,3,4,Board 53 pin 4,img053_pin04,thumbs/inventory/PAGE_053-3.jpg,34.95,2026D23/boards,2026D23/boards/PAGE_053.JPG
PAGE_053-4,PAGE_053,53,Board 53,4,5,Board 53 pin 5,img053_pin05,thumbs/inventory/PAGE_053-4.jpg,34.95,2026D23/boards,2026D23/boards/PAGE_053.JPG
PAGE_053-5,PAGE_053,53,Board 53,5,6,Board 53 pin 6,img053_pin06,thumbs/inventory/PAGE_053-5.jpg,34.95,2026D23/boards,2026D23/boards/PAGE_053.JPG
PAGE_053-6,PAGE_053,53,Board 53,6,7,Board 53 pin 7,img053_pin07,thumbs/inventory/PAGE_053-6.jpg,34.95,2026D23/boards,2026D23/boards/PAGE_053.JPG
PAGE_053-7,PAGE_053,53,Board 53,7,8,Board 53 pin 8,img053_pin08,thumbs/inventory/PAGE_053-7.jpg,34.95,2026D23/boards,2026D23/boards/PAGE_053.JPG
PAGE_054-0,PAGE_054,54,Board 54,0,1,Board 54 pin 1,img054_pin01,thumbs/inventory/PAGE_054-0.jpg,34.95,2026D23/boards,2026D23/boards/PAGE_054.JPG
PAGE_054-1,PAGE_054,54,Board 54,1,2,Board 54 pin 2,img054_pin02,thumbs/inventory/PAGE_054-1.jpg,34.95,2026D23/boards,2026D23/boards/PAGE_054.JPG
PAGE_054-2,PAGE_054,54,Board 54,2,3,Board 54 pin 3,img054_pin03,thumbs/inventory/PAGE_054-2.jpg,34.95,2026D23/boards,2026D23/boards/PAGE_054.JPG
PAGE_054-3,PAGE_054,54,Board 54,3,4,Board 54 pin 4,img054_pin04,thumbs/inventory/PAGE_054-3.jpg,34.95,2026D23/boards,2026D23/boards/PAGE_054.JPG
PAGE_054-4,PAGE_054,54,Board 54,4,5,Board 54 pin 5,img054_pin05,thumbs/inventory/PAGE_054-4.jpg,34.95,2026D23/boards,2026D23/boards/PAGE_054.JPG
PAGE_054-5,PAGE_054,54,Board 54,5,6,Board 54 pin 6,img054_pin06,thumbs/inventory/PAGE_054-5.jpg,34.95,2026D23/boards,2026D23/boards/PAGE_054.JPG
PAGE_054-6,PAGE_054,54,Board 54,6,7,Board 54 pin 7,img054_pin07,thumbs/inventory/PAGE_054-6.jpg,34.95,2026D23/boards,2026D23/boards/PAGE_054.JPG
PAGE_055-0,PAGE_055,55,Board 55,0,1,Board 55 pin 1,img055_pin01,thumbs/inventory/PAGE_055-0.jpg,74.95,2026D23/boards,2026D23/boards/PAGE_055.JPG
PAGE_055-1,PAGE_055,55,Board 55,1,2,Board 55 pin 2,img055_pin02,thumbs/inventory/PAGE_055-1.jpg,74.95,2026D23/boards,2026D23/boards/PAGE_055.JPG
PAGE_055-2,PAGE_055,55,Board 55,2,3,Board 55 pin 3,img055_pin03,thumbs/inventory/PAGE_055-2.jpg,74.95,2026D23/boards,2026D23/boards/PAGE_055.JPG
PAGE_055-3,PAGE_055,55,Board 55,3,4,Board 55 pin 4,img055_pin04,thumbs/inventory/PAGE_055-3.jpg,74.95,2026D23/boards,2026D23/boards/PAGE_055.JPG
PAGE_055-4,PAGE_055,55,Board 55,4,5,Board 55 pin 5,img055_pin05,thumbs/inventory/PAGE_055-4.jpg,74.95,2026D23/boards,2026D23/boards/PAGE_055.JPG
PAGE_055-5,PAGE_055,55,Board 55,5,6,Board 55 pin 6,img055_pin06,thumbs/inventory/PAGE_055-5.jpg,74.95,2026D23/boards,2026D23/boards/PAGE_055.JPG
PAGE_055-6,PAGE_055,55,Board 55,6,7,Board 55 pin 7,img055_pin07,thumbs/inventory/PAGE_055-6.jpg,74.95,2026D23/boards,2026D23/boards/PAGE_055.JPG
PAGE_055-7,PAGE_055,55,Board 55,7,8,Board 55 pin 8,img055_pin08,thumbs/inventory/PAGE_055-7.jpg,74.95,2026D23/boards,2026D23/boards/PAGE_055.JPG
PAGE_055-8,PAGE_055,55,Board 55,8,9,Board 55 pin 9,img055_pin09,thumbs/inventory/PAGE_055-8.jpg,74.95,2026D23/boards,2026D23/boards/PAGE_055.JPG
PAGE_055-9,PAGE_055,55,Board 55,9,10,Board 55 pin 10,img055_pin10,thumbs/inventory/PAGE_055-9.jpg,74.95,2026D23/boards,2026D23/boards/PAGE_055.JPG
PAGE_055-10,PAGE_055,55,Board 55,10,11,Board 55 pin 11,img055_pin11,thumbs/inventory/PAGE_055-10.jpg,74.95,2026D23/boards,2026D23/boards/PAGE_055.JPG
PAGE_055-11,PAGE_055,55,Board 55,11,12,Board 55 pin 12,img055_pin12,thumbs/inventory/PAGE_055-11.jpg,74.95,2026D23/boards,2026D23/boards/PAGE_055.JPG
PAGE_056-0,PAGE_056,56,Board 56,0,1,Board 56 pin 1,img056_pin01,thumbs/inventory/PAGE_056-0.jpg,74.95,2026D23/boards,2026D23/boards/PAGE_056.JPG
PAGE_056-1,PAGE_056,56,Board 56,1,2,Board 56 pin 2,img056_pin02,thumbs/inventory/PAGE_056-1.jpg,74.95,2026D23/boards,2026D23/boards/PAGE_056.JPG
PAGE_056-2,PAGE_056,56,Board 56,2,3,Board 56 pin 3,img056_pin03,thumbs/inventory/PAGE_056-2.jpg,74.95,2026D23/boards,2026D23/boards/PAGE_056.JPG
PAGE_056-3,PAGE_056,56,Board 56,3,4,Board 56 pin 4,img056_pin04,thumbs/inventory/PAGE_056-3.jpg,74.95,2026D23/boards,2026D23/boards/PAGE_056.JPG
PAGE_056-4,PAGE_056,56,Board 56,4,5,Board 56 pin 5,img056_pin05,thumbs/inventory/PAGE_056-4.jpg,74.95,2026D23/boards,2026D23/boards/PAGE_056.JPG
PAGE_056-5,PAGE_056,56,Board 56,5,6,Board 56 pin 6,img056_pin06,thumbs/inventory/PAGE_056-5.jpg,74.95,2026D23/boards,2026D23/boards/PAGE_056.JPG
PAGE_056-6,PAGE_056,56,Board 56,6,7,Board 56 pin 7,img056_pin07,thumbs/inventory/PAGE_056-6.jpg,74.95,2026D23/boards,2026D23/boards/PAGE_056.JPG
PAGE_056-7,PAGE_056,56,Board 56,7,8,Board 56 pin 8,img056_pin08,thumbs/inventory/PAGE_056-7.jpg,74.95,2026D23/boards,2026D23/boards/PAGE_056.JPG
PAGE_056-8,PAGE_056,56,Board 56,8,9,Board 56 pin 9,img056_pin09,thumbs/inventory/PAGE_056-8.jpg,74.95,2026D23/boards,2026D23/boards/PAGE_056.JPG
PAGE_056-9,PAGE_056,56,Board 56,9,10,Board 56 pin 10,img056_pin10,thumbs/inventory/PAGE_056-9.jpg,74.95,2026D23/boards,2026D23/boards/PAGE_056.JPG
PAGE_056-10,PAGE_056,56,Board 56,10,11,Board 56 pin 11,img056_pin11,thumbs/inventory/PAGE_056-10.jpg,74.95,2026D23/boards,2026D23/boards/PAGE_056.JPG
PAGE_056-11,PAGE_056,56,Board 56,11,12,Board 56 pin 12,img056_pin12,thumbs/inventory/PAGE_056-11.jpg,74.95,2026D23/boards,2026D23/boards/PAGE_056.JPG
PAGE_056-12,PAGE_056,56,Board 56,12,13,Board 56 pin 13,img056_pin13,thumbs/inventory/PAGE_056-12.jpg,74.95,2026D23/boards,2026D23/boards/PAGE_056.JPG
PAGE_056-13,PAGE_056,56,Board 56,13,14,Board 56 pin 14,img056_pin14,thumbs/inventory/PAGE_056-13.jpg,74.95,2026D23/boards,2026D23/boards/PAGE_056.JPG
PAGE_057-0,PAGE_057,57,Board 57,0,1,Board 57 pin 1,img057_pin01,thumbs/inventory/PAGE_057-0.jpg,324.95,2026D23/boards,2026D23/boards/PAGE_057.JPG
PAGE_057-1,PAGE_057,57,Board 57,1,2,Board 57 pin 2,img057_pin02,thumbs/inventory/PAGE_057-1.jpg,324.95,2026D23/boards,2026D23/boards/PAGE_057.JPG
PAGE_057-2,PAGE_057,57,Board 57,2,3,Board 57 pin 3,img057_pin03,thumbs/inventory/PAGE_057-2.jpg,324.95,2026D23/boards,2026D23/boards/PAGE_057.JPG
PAGE_057-3,PAGE_057,57,Board 57,3,4,Board 57 pin 4,img057_pin04,thumbs/inventory/PAGE_057-3.jpg,324.95,2026D23/boards,2026D23/boards/PAGE_057.JPG
PAGE_057-4,PAGE_057,57,Board 57,4,5,Board 57 pin 5,img057_pin05,thumbs/inventory/PAGE_057-4.jpg,324.95,2026D23/boards,2026D23/boards/PAGE_057.JPG
PAGE_057-5,PAGE_057,57,Board 57,5,6,Board 57 pin 6,img057_pin06,thumbs/inventory/PAGE_057-5.jpg,324.95,2026D23/boards,2026D23/boards/PAGE_057.JPG
PAGE_057-6,PAGE_057,57,Board 57,6,7,Board 57 pin 7,img057_pin07,thumbs/inventory/PAGE_057-6.jpg,324.95,2026D23/boards,2026D23/boards/PAGE_057.JPG
PAGE_058-0,PAGE_058,58,Board 58,0,1,Board 58 pin 1,img058_pin01,thumbs/inventory/PAGE_058-0.jpg,,2026D23/boards,2026D23/boards/PAGE_058.JPG
PAGE_058-1,PAGE_058,58,Board 58,1,2,Board 58 pin 2,img058_pin02,thumbs/inventory/PAGE_058-1.jpg,,2026D23/boards,2026D23/boards/PAGE_058.JPG
PAGE_059-0,PAGE_059,59,Board 59,0,1,Board 59 pin 1,img059_pin01,thumbs/inventory/PAGE_059-0.jpg,44.98,2026D23/boards,2026D23/boards/PAGE_059.JPG
PAGE_059-1,PAGE_059,59,Board 59,1,2,Board 59 pin 2,img059_pin02,thumbs/inventory/PAGE_059-1.jpg,44.98,2026D23/boards,2026D23/boards/PAGE_059.JPG
PAGE_059-2,PAGE_059,59,Board 59,2,3,Board 59 pin 3,img059_pin03,thumbs/inventory/PAGE_059-2.jpg,32.95,2026D23/boards,2026D23/boards/PAGE_059.JPG
PAGE_059-3,PAGE_059,59,Board 59,3,4,Board 59 pin 4,img059_pin04,thumbs/inventory/PAGE_059-3.jpg,32.95,2026D23/boards,2026D23/boards/PAGE_059.JPG
PAGE_059-4,PAGE_059,59,Board 59,4,5,Board 59 pin 5,img059_pin05,thumbs/inventory/PAGE_059-4.jpg,32.95,2026D23/boards,2026D23/boards/PAGE_059.JPG
PAGE_059-5,PAGE_059,59,Board 59,5,6,Board 59 pin 6,img059_pin06,thumbs/inventory/PAGE_059-5.jpg,32.95,2026D23/boards,2026D23/boards/PAGE_059.JPG
PAGE_059-6,PAGE_059,59,Board 59,6,7,Board 59 pin 7,img059_pin07,thumbs/inventory/PAGE_059-6.jpg,32.95,2026D23/boards,2026D23/boards/PAGE_059.JPG
PAGE_059-7,PAGE_059,59,Board 59,7,8,Board 59 pin 8,img059_pin08,thumbs/inventory/PAGE_059-7.jpg,32.95,2026D23/boards,2026D23/boards/PAGE_059.JPG
PAGE_059-8,PAGE_059,59,Board 59,8,9,Board 59 pin 9,img059_pin09,thumbs/inventory/PAGE_059-8.jpg,32.95,2026D23/boards,2026D23/boards/PAGE_059.JPG
PAGE_059-9,PAGE_059,59,Board 59,9,10,Board 59 pin 10,img059_pin10,thumbs/inventory/PAGE_059-9.jpg,32.95,2026D23/boards,2026D23/boards/PAGE_059.JPG
PAGE_059-10,PAGE_059,59,Board 59,10,11,Board 59 pin 11,img059_pin11,thumbs/inventory/PAGE_059-10.jpg,32.95,2026D23/boards,2026D23/boards/PAGE_059.JPG
PAGE_059-11,PAGE_059,59,Board 59,11,12,Board 59 pin 12,img059_pin12,thumbs/inventory/PAGE_059-11.jpg,32.95,2026D23/boards,2026D23/boards/PAGE_059.JPG
PAGE_059-12,PAGE_059,59,Board 59,12,13,Board 59 pin 13,img059_pin13,thumbs/inventory/PAGE_059-12.jpg,32.95,2026D23/boards,2026D23/boards/PAGE_059.JPG
PAGE_060-0,PAGE_060,60,Board 60,0,1,Board 60 pin 1,img060_pin01,thumbs/inventory/PAGE_060-0.jpg,49.95,2026D23/boards,2026D23/boards/PAGE_060.JPG
PAGE_060-1,PAGE_060,60,Board 60,1,2,Board 60 pin 2,img060_pin02,thumbs/inventory/PAGE_060-1.jpg,49.95,2026D23/boards,2026D23/boards/PAGE_060.JPG
PAGE_060-2,PAGE_060,60,Board 60,2,3,Board 60 pin 3,img060_pin03,thumbs/inventory/PAGE_060-2.jpg,49.95,2026D23/boards,2026D23/boards/PAGE_060.JPG
PAGE_060-3,PAGE_060,60,Board 60,3,4,Board 60 pin 4,img060_pin04,thumbs/inventory/PAGE_060-3.jpg,49.95,2026D23/boards,2026D23/boards/PAGE_060.JPG
PAGE_060-4,PAGE_060,60,Board 60,4,5,Board 60 pin 5,img060_pin05,thumbs/inventory/PAGE_060-4.jpg,49.95,2026D23/boards,2026D23/boards/PAGE_060.JPG
PAGE_060-5,PAGE_060,60,Board 60,5,6,Board 60 pin 6,img060_pin06,thumbs/inventory/PAGE_060-5.jpg,49.95,2026D23/boards,2026D23/boards/PAGE_060.JPG
PAGE_060-6,PAGE_060,60,Board 60,6,7,Board 60 pin 7,img060_pin07,thumbs/inventory/PAGE_060-6.jpg,49.95,2026D23/boards,2026D23/boards/PAGE_060.JPG
PAGE_060-7,PAGE_060,60,Board 60,7,8,Board 60 pin 8,img060_pin08,thumbs/inventory/PAGE_060-7.jpg,49.95,2026D23/boards,2026D23/boards/PAGE_060.JPG
PAGE_060-8,PAGE_060,60,Board 60,8,9,Board 60 pin 9,img060_pin09,thumbs/inventory/PAGE_060-8.jpg,49.95,2026D23/boards,2026D23/boards/PAGE_060.JPG
PAGE_060-9,PAGE_060,60,Board 60,9,10,Board 60 pin 10,img060_pin10,thumbs/inventory/PAGE_060-9.jpg,49.95,2026D23/boards,2026D23/boards/PAGE_060.JPG
PAGE_060-10,PAGE_060,60,Board 60,10,11,Board 60 pin 11,img060_pin11,thumbs/inventory/PAGE_060-10.jpg,49.95,2026D23/boards,2026D23/boards/PAGE_060.JPG
PAGE_060-11,PAGE_060,60,Board 60,11,12,Board 60 pin 12,img060_pin12,thumbs/inventory/PAGE_060-11.jpg,49.95,2026D23/boards,2026D23/boards/PAGE_060.JPG
PAGE_060-12,PAGE_060,60,Board 60,12,13,Board 60 pin 13,img060_pin13,thumbs/inventory/PAGE_060-12.jpg,49.95,2026D23/boards,2026D23/boards/PAGE_060.JPG
PAGE_060-13,PAGE_060,60,Board 60,13,14,Board 60 pin 14,img060_pin14,thumbs/inventory/PAGE_060-13.jpg,49.95,2026D23/boards,2026D23/boards/PAGE_060.JPG
PAGE_060-14,PAGE_060,60,Board 60,14,15,Board 60 pin 15,img060_pin15,thumbs/inventory/PAGE_060-14.jpg,49.95,2026D23/boards,2026D23/boards/PAGE_060.JPG
PAGE_060-15,PAGE_060,60,Board 60,15,16,Board 60 pin 16,img060_pin16,thumbs/inventory/PAGE_060-15.jpg,49.95,2026D23/boards,2026D23/boards/PAGE_060.JPG
PAGE_060-16,PAGE_060,60,Board 60,16,17,Board 60 pin 17,img060_pin17,thumbs/inventory/PAGE_060-16.jpg,49.95,2026D23/boards,2026D23/boards/PAGE_060.JPG
PAGE_060-17,PAGE_060,60,Board 60,17,18,Board 60 pin 18,img060_pin18,thumbs/inventory/PAGE_060-17.jpg,49.95,2026D23/boards,2026D23/boards/PAGE_060.JPG
PAGE_060-18,PAGE_060,60,Board 60,18,19,Board 60 pin 19,img060_pin19,thumbs/inventory/PAGE_060-18.jpg,49.95,2026D23/boards,2026D23/boards/PAGE_060.JPG
PAGE_060-19,PAGE_060,60,Board 60,19,20,Board 60 pin 20,img060_pin20,thumbs/inventory/PAGE_060-19.jpg,49.95,2026D23/boards,2026D23/boards/PAGE_060.JPG
PAGE_060-20,PAGE_060,60,Board 60,20,21,Board 60 pin 21,img060_pin21,thumbs/inventory/PAGE_060-20.jpg,49.95,2026D23/boards,2026D23/boards/PAGE_060.JPG
PAGE_060-21,PAGE_060,60,Board 60,21,22,Board 60 pin 22,img060_pin22,thumbs/inventory/PAGE_060-21.jpg,49.95,2026D23/boards,2026D23/boards/PAGE_060.JPG
PAGE_060-22,PAGE_060,60,Board 60,22,23,Board 60 pin 23,img060_pin23,thumbs/inventory/PAGE_060-22.jpg,49.95,2026D23/boards,2026D23/boards/PAGE_060.JPG
PAGE_060-23,PAGE_060,60,Board 60,23,24,Board 60 pin 24,img060_pin24,thumbs/inventory/PAGE_060-23.jpg,49.95,2026D23/boards,2026D23/boards/PAGE_060.JPG
PAGE_060-24,PAGE_060,60,Board 60,24,25,Board 60 pin 25,img060_pin25,thumbs/inventory/PAGE_060-24.jpg,49.95,2026D23/boards,2026D23/boards/PAGE_060.JPG
PAGE_061-0,PAGE_061,61,Board 61,0,1,Board 61 pin 1,img061_pin01,thumbs/inventory/PAGE_061-0.jpg,37.48,2026D23/boards,2026D23/boards/PAGE_061.JPG
PAGE_061-1,PAGE_061,61,Board 61,1,2,Board 61 pin 2,img061_pin02,thumbs/inventory/PAGE_061-1.jpg,37.48,2026D23/boards,2026D23/boards/PAGE_061.JPG
PAGE_061-2,PAGE_061,61,Board 61,2,3,Board 61 pin 3,img061_pin03,thumbs/inventory/PAGE_061-2.jpg,37.48,2026D23/boards,2026D23/boards/PAGE_061.JPG
PAGE_061-3,PAGE_061,61,Board 61,3,4,Board 61 pin 4,img061_pin04,thumbs/inventory/PAGE_061-3.jpg,37.48,2026D23/boards,2026D23/boards/PAGE_061.JPG
PAGE_061-4,PAGE_061,61,Board 61,4,5,Board 61 pin 5,img061_pin05,thumbs/inventory/PAGE_061-4.jpg,37.48,2026D23/boards,2026D23/boards/PAGE_061.JPG
PAGE_061-5,PAGE_061,61,Board 61,5,6,Board 61 pin 6,img061_pin06,thumbs/inventory/PAGE_061-5.jpg,37.48,2026D23/boards,2026D23/boards/PAGE_061.JPG
PAGE_061-6,PAGE_061,61,Board 61,6,7,Board 61 pin 7,img061_pin07,thumbs/inventory/PAGE_061-6.jpg,37.48,2026D23/boards,2026D23/boards/PAGE_061.JPG
PAGE_061-7,PAGE_061,61,Board 61,7,8,Board 61 pin 8,img061_pin08,thumbs/inventory/PAGE_061-7.jpg,37.48,2026D23/boards,2026D23/boards/PAGE_061.JPG
PAGE_061-8,PAGE_061,61,Board 61,8,9,Board 61 pin 9,img061_pin09,thumbs/inventory/PAGE_061-8.jpg,37.48,2026D23/boards,2026D23/boards/PAGE_061.JPG
PAGE_061-9,PAGE_061,61,Board 61,9,10,Board 61 pin 10,img061_pin10,thumbs/inventory/PAGE_061-9.jpg,37.48,2026D23/boards,2026D23/boards/PAGE_061.JPG
PAGE_061-10,PAGE_061,61,Board 61,10,11,Board 61 pin 11,img061_pin11,thumbs/inventory/PAGE_061-10.jpg,37.48,2026D23/boards,2026D23/boards/PAGE_061.JPG
PAGE_061-11,PAGE_061,61,Board 61,11,12,Board 61 pin 12,img061_pin12,thumbs/inventory/PAGE_061-11.jpg,37.48,2026D23/boards,2026D23/boards/PAGE_061.JPG
PAGE_061-12,PAGE_061,61,Board 61,12,13,Board 61 pin 13,img061_pin13,thumbs/inventory/PAGE_061-12.jpg,37.48,2026D23/boards,2026D23/boards/PAGE_061.JPG
PAGE_061-13,PAGE_061,61,Board 61,13,14,Board 61 pin 14,img061_pin14,thumbs/inventory/PAGE_061-13.jpg,37.48,2026D23/boards,2026D23/boards/PAGE_061.JPG
PAGE_061-14,PAGE_061,61,Board 61,14,15,Board 61 pin 15,img061_pin15,thumbs/inventory/PAGE_061-14.jpg,37.48,2026D23/boards,2026D23/boards/PAGE_061.JPG
PAGE_061-15,PAGE_061,61,Board 61,15,16,Board 61 pin 16,img061_pin16,thumbs/inventory/PAGE_061-15.jpg,37.48,2026D23/boards,2026D23/boards/PAGE_061.JPG
PAGE_061-16,PAGE_061,61,Board 61,16,17,Board 61 pin 17,img061_pin17,thumbs/inventory/PAGE_061-16.jpg,37.48,2026D23/boards,2026D23/boards/PAGE_061.JPG
PAGE_061-17,PAGE_061,61,Board 61,17,18,Board 61 pin 18,img061_pin18,thumbs/inventory/PAGE_061-17.jpg,37.48,2026D23/boards,2026D23/boards/PAGE_061.JPG
PAGE_061-18,PAGE_061,61,Board 61,18,19,Board 61 pin 19,img061_pin19,thumbs/inventory/PAGE_061-18.jpg,37.48,2026D23/boards,2026D23/boards/PAGE_061.JPG
PAGE_061-19,PAGE_061,61,Board 61,19,20,Board 61 pin 20,img061_pin20,thumbs/inventory/PAGE_061-19.jpg,37.48,2026D23/boards,2026D23/boards/PAGE_061.JPG
PAGE_061-20,PAGE_061,61,Board 61,20,21,Board 61 pin 21,img061_pin21,thumbs/inventory/PAGE_061-20.jpg,37.48,2026D23/boards,2026D23/boards/PAGE_061.JPG
PAGE_061-21,PAGE_061,61,Board 61,21,22,Board 61 pin 22,img061_pin22,thumbs/inventory/PAGE_061-21.jpg,37.48,2026D23/boards,2026D23/boards/PAGE_061.JPG
PAGE_061-22,PAGE_061,61,Board 61,22,23,Board 61 pin 23,img061_pin23,thumbs/inventory/PAGE_061-22.jpg,37.48,2026D23/boards,2026D23/boards/PAGE_061.JPG
PAGE_061-23,PAGE_061,61,Board 61,23,24,Board 61 pin 24,img061_pin24,thumbs/inventory/PAGE_061-23.jpg,37.48,2026D23/boards,2026D23/boards/PAGE_061.JPG
PAGE_061-24,PAGE_061,61,Board 61,24,25,Board 61 pin 25,img061_pin25,thumbs/inventory/PAGE_061-24.jpg,37.48,2026D23/boards,2026D23/boards/PAGE_061.JPG
PAGE_062-0,PAGE_062,62,Board 62,0,1,Board 62 pin 1,img062_pin01,thumbs/inventory/PAGE_062-0.jpg,24.95,2026D23/boards,2026D23/boards/PAGE_062.JPG
PAGE_062-1,PAGE_062,62,Board 62,1,2,Board 62 pin 2,img062_pin02,thumbs/inventory/PAGE_062-1.jpg,24.95,2026D23/boards,2026D23/boards/PAGE_062.JPG
PAGE_062-2,PAGE_062,62,Board 62,2,3,Board 62 pin 3,img062_pin03,thumbs/inventory/PAGE_062-2.jpg,24.95,2026D23/boards,2026D23/boards/PAGE_062.JPG
PAGE_062-3,PAGE_062,62,Board 62,3,4,Board 62 pin 4,img062_pin04,thumbs/inventory/PAGE_062-3.jpg,24.95,2026D23/boards,2026D23/boards/PAGE_062.JPG
PAGE_062-4,PAGE_062,62,Board 62,4,5,Board 62 pin 5,img062_pin05,thumbs/inventory/PAGE_062-4.jpg,24.95,2026D23/boards,2026D23/boards/PAGE_062.JPG
PAGE_062-5,PAGE_062,62,Board 62,5,6,Board 62 pin 6,img062_pin06,thumbs/inventory/PAGE_062-5.jpg,24.95,2026D23/boards,2026D23/boards/PAGE_062.JPG
PAGE_062-6,PAGE_062,62,Board 62,6,7,Board 62 pin 7,img062_pin07,thumbs/inventory/PAGE_062-6.jpg,24.95,2026D23/boards,2026D23/boards/PAGE_062.JPG
PAGE_063-0,PAGE_063,63,Board 63,0,1,Board 63 pin 1,img063_pin01,thumbs/inventory/PAGE_063-0.jpg,29.95,2026D23/boards,2026D23/boards/PAGE_063.JPG
PAGE_063-1,PAGE_063,63,Board 63,1,2,Board 63 pin 2,img063_pin02,thumbs/inventory/PAGE_063-1.jpg,24.95,2026D23/boards,2026D23/boards/PAGE_063.JPG
PAGE_063-2,PAGE_063,63,Board 63,2,3,Board 63 pin 3,img063_pin03,thumbs/inventory/PAGE_063-2.jpg,24.95,2026D23/boards,2026D23/boards/PAGE_063.JPG
PAGE_063-3,PAGE_063,63,Board 63,3,4,Board 63 pin 4,img063_pin04,thumbs/inventory/PAGE_063-3.jpg,24.95,2026D23/boards,2026D23/boards/PAGE_063.JPG
PAGE_063-4,PAGE_063,63,Board 63,4,5,Board 63 pin 5,img063_pin05,thumbs/inventory/PAGE_063-4.jpg,24.95,2026D23/boards,2026D23/boards/PAGE_063.JPG
PAGE_063-5,PAGE_063,63,Board 63,5,6,Board 63 pin 6,img063_pin06,thumbs/inventory/PAGE_063-5.jpg,24.95,2026D23/boards,2026D23/boards/PAGE_063.JPG
PAGE_063-6,PAGE_063,63,Board 63,6,7,Board 63 pin 7,img063_pin07,thumbs/inventory/PAGE_063-6.jpg,24.95,2026D23/boards,2026D23/boards/PAGE_063.JPG
PAGE_063-7,PAGE_063,63,Board 63,7,8,Board 63 pin 8,img063_pin08,thumbs/inventory/PAGE_063-7.jpg,24.95,2026D23/boards,2026D23/boards/PAGE_063.JPG
PAGE_063-8,PAGE_063,63,Board 63,8,9,Board 63 pin 9,img063_pin09,thumbs/inventory/PAGE_063-8.jpg,24.95,2026D23/boards,2026D23/boards/PAGE_063.JPG
PAGE_063-9,PAGE_063,63,Board 63,9,10,Board 63 pin 10,img063_pin10,thumbs/inventory/PAGE_063-9.jpg,24.95,2026D23/boards,2026D23/boards/PAGE_063.JPG
PAGE_065-0,PAGE_065,65,Board 65,0,1,Board 65 pin 1,img065_pin01,thumbs/inventory/PAGE_065-0.jpg,42.95,2026D23/boards,2026D23/boards/PAGE_065.JPG
PAGE_065-1,PAGE_065,65,Board 65,1,2,Board 65 pin 2,img065_pin02,thumbs/inventory/PAGE_065-1.jpg,42.95,2026D23/boards,2026D23/boards/PAGE_065.JPG
PAGE_065-2,PAGE_065,65,Board 65,2,3,Board 65 pin 3,img065_pin03,thumbs/inventory/PAGE_065-2.jpg,42.95,2026D23/boards,2026D23/boards/PAGE_065.JPG
PAGE_065-3,PAGE_065,65,Board 65,3,4,Board 65 pin 4,img065_pin04,thumbs/inventory/PAGE_065-3.jpg,42.95,2026D23/boards,2026D23/boards/PAGE_065.JPG
PAGE_065-4,PAGE_065,65,Board 65,4,5,Board 65 pin 5,img065_pin05,thumbs/inventory/PAGE_065-4.jpg,42.95,2026D23/boards,2026D23/boards/PAGE_065.JPG
PAGE_065-5,PAGE_065,65,Board 65,5,6,Board 65 pin 6,img065_pin06,thumbs/inventory/PAGE_065-5.jpg,42.95,2026D23/boards,2026D23/boards/PAGE_065.JPG
PAGE_065-6,PAGE_065,65,Board 65,6,7,Board 65 pin 7,img065_pin07,thumbs/inventory/PAGE_065-6.jpg,42.95,2026D23/boards,2026D23/boards/PAGE_065.JPG
PAGE_065-7,PAGE_065,65,Board 65,7,8,Board 65 pin 8,img065_pin08,thumbs/inventory/PAGE_065-7.jpg,42.95,2026D23/boards,2026D23/boards/PAGE_065.JPG
PAGE_065-8,PAGE_065,65,Board 65,8,9,Board 65 pin 9,img065_pin09,thumbs/inventory/PAGE_065-8.jpg,42.95,2026D23/boards,2026D23/boards/PAGE_065.JPG
PAGE_065-9,PAGE_065,65,Board 65,9,10,Board 65 pin 10,img065_pin10,thumbs/inventory/PAGE_065-9.jpg,42.95,2026D23/boards,2026D23/boards/PAGE_065.JPG
PAGE_065-10,PAGE_065,65,Board 65,10,11,Board 65 pin 11,img065_pin11,thumbs/inventory/PAGE_065-10.jpg,42.95,2026D23/boards,2026D23/boards/PAGE_065.JPG
PAGE_065-11,PAGE_065,65,Board 65,11,12,Board 65 pin 12,img065_pin12,thumbs/inventory/PAGE_065-11.jpg,42.95,2026D23/boards,2026D23/boards/PAGE_065.JPG
PAGE_065-12,PAGE_065,65,Board 65,12,13,Board 65 pin 13,img065_pin13,thumbs/inventory/PAGE_065-12.jpg,42.95,2026D23/boards,2026D23/boards/PAGE_065.JPG
PAGE_066-0,PAGE_066,66,Board 66,0,1,Board 66 pin 1,img066_pin01,thumbs/inventory/PAGE_066-0.jpg,42.95,2026D23/boards,2026D23/boards/PAGE_066.JPG
PAGE_066-1,PAGE_066,66,Board 66,1,2,Board 66 pin 2,img066_pin02,thumbs/inventory/PAGE_066-1.jpg,42.95,2026D23/boards,2026D23/boards/PAGE_066.JPG
PAGE_066-2,PAGE_066,66,Board 66,2,3,Board 66 pin 3,img066_pin03,thumbs/inventory/PAGE_066-2.jpg,42.95,2026D23/boards,2026D23/boards/PAGE_066.JPG
PAGE_066-3,PAGE_066,66,Board 66,3,4,Board 66 pin 4,img066_pin04,thumbs/inventory/PAGE_066-3.jpg,42.95,2026D23/boards,2026D23/boards/PAGE_066.JPG
PAGE_066-4,PAGE_066,66,Board 66,4,5,Board 66 pin 5,img066_pin05,thumbs/inventory/PAGE_066-4.jpg,42.95,2026D23/boards,2026D23/boards/PAGE_066.JPG
PAGE_066-5,PAGE_066,66,Board 66,5,6,Board 66 pin 6,img066_pin06,thumbs/inventory/PAGE_066-5.jpg,42.95,2026D23/boards,2026D23/boards/PAGE_066.JPG
PAGE_066-6,PAGE_066,66,Board 66,6,7,Board 66 pin 7,img066_pin07,thumbs/inventory/PAGE_066-6.jpg,42.95,2026D23/boards,2026D23/boards/PAGE_066.JPG
PAGE_066-7,PAGE_066,66,Board 66,7,8,Board 66 pin 8,img066_pin08,thumbs/inventory/PAGE_066-7.jpg,42.95,2026D23/boards,2026D23/boards/PAGE_066.JPG
PAGE_066-8,PAGE_066,66,Board 66,8,9,Board 66 pin 9,img066_pin09,thumbs/inventory/PAGE_066-8.jpg,42.95,2026D23/boards,2026D23/boards/PAGE_066.JPG
PAGE_066-9,PAGE_066,66,Board 66,9,10,Board 66 pin 10,img066_pin10,thumbs/inventory/PAGE_066-9.jpg,42.95,2026D23/boards,2026D23/boards/PAGE_066.JPG
PAGE_066-10,PAGE_066,66,Board 66,10,11,Board 66 pin 11,img066_pin11,thumbs/inventory/PAGE_066-10.jpg,42.95,2026D23/boards,2026D23/boards/PAGE_066.JPG
PAGE_066-11,PAGE_066,66,Board 66,11,12,Board 66 pin 12,img066_pin12,thumbs/inventory/PAGE_066-11.jpg,42.95,2026D23/boards,2026D23/boards/PAGE_066.JPG
PAGE_066-12,PAGE_066,66,Board 66,12,13,Board 66 pin 13,img066_pin13,thumbs/inventory/PAGE_066-12.jpg,42.95,2026D23/boards,2026D23/boards/PAGE_066.JPG
PAGE_067-0,PAGE_067,67,Board 67,0,1,Board 67 pin 1,img067_pin01,thumbs/inventory/PAGE_067-0.jpg,34.95,2026D23/boards,2026D23/boards/PAGE_067.JPG
PAGE_067-1,PAGE_067,67,Board 67,1,2,Board 67 pin 2,img067_pin02,thumbs/inventory/PAGE_067-1.jpg,34.95,2026D23/boards,2026D23/boards/PAGE_067.JPG
PAGE_067-2,PAGE_067,67,Board 67,2,3,Board 67 pin 3,img067_pin03,thumbs/inventory/PAGE_067-2.jpg,34.95,2026D23/boards,2026D23/boards/PAGE_067.JPG
PAGE_067-3,PAGE_067,67,Board 67,3,4,Board 67 pin 4,img067_pin04,thumbs/inventory/PAGE_067-3.jpg,34.95,2026D23/boards,2026D23/boards/PAGE_067.JPG
PAGE_067-4,PAGE_067,67,Board 67,4,5,Board 67 pin 5,img067_pin05,thumbs/inventory/PAGE_067-4.jpg,34.95,2026D23/boards,2026D23/boards/PAGE_067.JPG
PAGE_067-5,PAGE_067,67,Board 67,5,6,Board 67 pin 6,img067_pin06,thumbs/inventory/PAGE_067-5.jpg,34.95,2026D23/boards,2026D23/boards/PAGE_067.JPG
PAGE_067-6,PAGE_067,67,Board 67,6,7,Board 67 pin 7,img067_pin07,thumbs/inventory/PAGE_067-6.jpg,34.95,2026D23/boards,2026D23/boards/PAGE_067.JPG
PAGE_067-7,PAGE_067,67,Board 67,7,8,Board 67 pin 8,img067_pin08,thumbs/inventory/PAGE_067-7.jpg,34.95,2026D23/boards,2026D23/boards/PAGE_067.JPG
PAGE_067-8,PAGE_067,67,Board 67,8,9,Board 67 pin 9,img067_pin09,thumbs/inventory/PAGE_067-8.jpg,34.95,2026D23/boards,2026D23/boards/PAGE_067.JPG
PAGE_067-9,PAGE_067,67,Board 67,9,10,Board 67 pin 10,img067_pin10,thumbs/inventory/PAGE_067-9.jpg,34.95,2026D23/boards,2026D23/boards/PAGE_067.JPG
PAGE_067-10,PAGE_067,67,Board 67,10,11,Board 67 pin 11,img067_pin11,thumbs/inventory/PAGE_067-10.jpg,34.95,2026D23/boards,2026D23/boards/PAGE_067.JPG
PAGE_067-11,PAGE_067,67,Board 67,11,12,Board 67 pin 12,img067_pin12,thumbs/inventory/PAGE_067-11.jpg,34.95,2026D23/boards,2026D23/boards/PAGE_067.JPG
PAGE_067-12,PAGE_067,67,Board 67,12,13,Board 67 pin 13,img067_pin13,thumbs/inventory/PAGE_067-12.jpg,34.95,2026D23/boards,2026D23/boards/PAGE_067.JPG
PAGE_067-13,PAGE_067,67,Board 67,13,14,Board 67 pin 14,img067_pin14,thumbs/inventory/PAGE_067-13.jpg,34.95,2026D23/boards,2026D23/boards/PAGE_067.JPG
PAGE_068-0,PAGE_068,68,Board 68,0,1,Board 68 pin 1,img068_pin01,thumbs/inventory/PAGE_068-0.jpg,45.95,2026D23/boards,2026D23/boards/PAGE_068.JPG
PAGE_068-1,PAGE_068,68,Board 68,1,2,Board 68 pin 2,img068_pin02,thumbs/inventory/PAGE_068-1.jpg,45.95,2026D23/boards,2026D23/boards/PAGE_068.JPG
PAGE_068-2,PAGE_068,68,Board 68,2,3,Board 68 pin 3,img068_pin03,thumbs/inventory/PAGE_068-2.jpg,45.95,2026D23/boards,2026D23/boards/PAGE_068.JPG
PAGE_068-3,PAGE_068,68,Board 68,3,4,Board 68 pin 4,img068_pin04,thumbs/inventory/PAGE_068-3.jpg,45.95,2026D23/boards,2026D23/boards/PAGE_068.JPG
PAGE_068-4,PAGE_068,68,Board 68,4,5,Board 68 pin 5,img068_pin05,thumbs/inventory/PAGE_068-4.jpg,45.95,2026D23/boards,2026D23/boards/PAGE_068.JPG
PAGE_068-5,PAGE_068,68,Board 68,5,6,Board 68 pin 6,img068_pin06,thumbs/inventory/PAGE_068-5.jpg,45.95,2026D23/boards,2026D23/boards/PAGE_068.JPG
PAGE_068-6,PAGE_068,68,Board 68,6,7,Board 68 pin 7,img068_pin07,thumbs/inventory/PAGE_068-6.jpg,45.95,2026D23/boards,2026D23/boards/PAGE_068.JPG
PAGE_068-7,PAGE_068,68,Board 68,7,8,Board 68 pin 8,img068_pin08,thumbs/inventory/PAGE_068-7.jpg,45.95,2026D23/boards,2026D23/boards/PAGE_068.JPG
PAGE_068-8,PAGE_068,68,Board 68,8,9,Board 68 pin 9,img068_pin09,thumbs/inventory/PAGE_068-8.jpg,45.95,2026D23/boards,2026D23/boards/PAGE_068.JPG
PAGE_068-9,PAGE_068,68,Board 68,9,10,Board 68 pin 10,img068_pin10,thumbs/inventory/PAGE_068-9.jpg,45.95,2026D23/boards,2026D23/boards/PAGE_068.JPG
PAGE_068-10,PAGE_068,68,Board 68,10,11,Board 68 pin 11,img068_pin11,thumbs/inventory/PAGE_068-10.jpg,45.95,2026D23/boards,2026D23/boards/PAGE_068.JPG
PAGE_068-11,PAGE_068,68,Board 68,11,12,Board 68 pin 12,img068_pin12,thumbs/inventory/PAGE_068-11.jpg,45.95,2026D23/boards,2026D23/boards/PAGE_068.JPG
PAGE_068-12,PAGE_068,68,Board 68,12,13,Board 68 pin 13,img068_pin13,thumbs/inventory/PAGE_068-12.jpg,45.95,2026D23/boards,2026D23/boards/PAGE_068.JPG
PAGE_068-13,PAGE_068,68,Board 68,13,14,Board 68 pin 14,img068_pin14,thumbs/inventory/PAGE_068-13.jpg,45.95,2026D23/boards,2026D23/boards/PAGE_068.JPG
PAGE_068-14,PAGE_068,68,Board 68,14,15,Board 68 pin 15,img068_pin15,thumbs/inventory/PAGE_068-14.jpg,45.95,2026D23/boards,2026D23/boards/PAGE_068.JPG
PAGE_068-15,PAGE_068,68,Board 68,15,16,Board 68 pin 16,img068_pin16,thumbs/inventory/PAGE_068-15.jpg,45.95,2026D23/boards,2026D23/boards/PAGE_068.JPG
PAGE_069-0,PAGE_069,69,Board 69,0,1,Board 69 pin 1,img069_pin01,thumbs/inventory/PAGE_069-0.jpg,34.95,2026D23/boards,2026D23/boards/PAGE_069.JPG
PAGE_069-1,PAGE_069,69,Board 69,1,2,Board 69 pin 2,img069_pin02,thumbs/inventory/PAGE_069-1.jpg,34.95,2026D23/boards,2026D23/boards/PAGE_069.JPG
PAGE_069-2,PAGE_069,69,Board 69,2,3,Board 69 pin 3,img069_pin03,thumbs/inventory/PAGE_069-2.jpg,34.95,2026D23/boards,2026D23/boards/PAGE_069.JPG
PAGE_069-3,PAGE_069,69,Board 69,3,4,Board 69 pin 4,img069_pin04,thumbs/inventory/PAGE_069-3.jpg,34.95,2026D23/boards,2026D23/boards/PAGE_069.JPG
PAGE_069-4,PAGE_069,69,Board 69,4,5,Board 69 pin 5,img069_pin05,thumbs/inventory/PAGE_069-4.jpg,34.95,2026D23/boards,2026D23/boards/PAGE_069.JPG
PAGE_069-5,PAGE_069,69,Board 69,5,6,Board 69 pin 6,img069_pin06,thumbs/inventory/PAGE_069-5.jpg,34.95,2026D23/boards,2026D23/boards/PAGE_069.JPG
PAGE_069-6,PAGE_069,69,Board 69,6,7,Board 69 pin 7,img069_pin07,thumbs/inventory/PAGE_069-6.jpg,34.95,2026D23/boards,2026D23/boards/PAGE_069.JPG
PAGE_069-7,PAGE_069,69,Board 69,7,8,Board 69 pin 8,img069_pin08,thumbs/inventory/PAGE_069-7.jpg,34.95,2026D23/boards,2026D23/boards/PAGE_069.JPG
PAGE_069-8,PAGE_069,69,Board 69,8,9,Board 69 pin 9,img069_pin09,thumbs/inventory/PAGE_069-8.jpg,34.95,2026D23/boards,2026D23/boards/PAGE_069.JPG
PAGE_069-9,PAGE_069,69,Board 69,9,10,Board 69 pin 10,img069_pin10,thumbs/inventory/PAGE_069-9.jpg,34.95,2026D23/boards,2026D23/boards/PAGE_069.JPG
PAGE_069-10,PAGE_069,69,Board 69,10,11,Board 69 pin 11,img069_pin11,thumbs/inventory/PAGE_069-10.jpg,34.95,2026D23/boards,2026D23/boards/PAGE_069.JPG
PAGE_069-11,PAGE_069,69,Board 69,11,12,Board 69 pin 12,img069_pin12,thumbs/inventory/PAGE_069-11.jpg,34.95,2026D23/boards,2026D23/boards/PAGE_069.JPG
PAGE_070-0,PAGE_070,70,Board 70,0,1,Board 70 pin 1,img070_pin01,thumbs/inventory/PAGE_070-0.jpg,32.95,2026D23/boards,2026D23/boards/PAGE_070.JPG
PAGE_070-1,PAGE_070,70,Board 70,1,2,Board 70 pin 2,img070_pin02,thumbs/inventory/PAGE_070-1.jpg,32.95,2026D23/boards,2026D23/boards/PAGE_070.JPG
PAGE_070-2,PAGE_070,70,Board 70,2,3,Board 70 pin 3,img070_pin03,thumbs/inventory/PAGE_070-2.jpg,32.95,2026D23/boards,2026D23/boards/PAGE_070.JPG
PAGE_070-3,PAGE_070,70,Board 70,3,4,Board 70 pin 4,img070_pin04,thumbs/inventory/PAGE_070-3.jpg,32.95,2026D23/boards,2026D23/boards/PAGE_070.JPG
PAGE_070-4,PAGE_070,70,Board 70,4,5,Board 70 pin 5,img070_pin05,thumbs/inventory/PAGE_070-4.jpg,32.95,2026D23/boards,2026D23/boards/PAGE_070.JPG
PAGE_070-5,PAGE_070,70,Board 70,5,6,Board 70 pin 6,img070_pin06,thumbs/inventory/PAGE_070-5.jpg,32.95,2026D23/boards,2026D23/boards/PAGE_070.JPG
PAGE_070-6,PAGE_070,70,Board 70,6,7,Board 70 pin 7,img070_pin07,thumbs/inventory/PAGE_070-6.jpg,32.95,2026D23/boards,2026D23/boards/PAGE_070.JPG
PAGE_070-7,PAGE_070,70,Board 70,7,8,Board 70 pin 8,img070_pin08,thumbs/inventory/PAGE_070-7.jpg,32.95,2026D23/boards,2026D23/boards/PAGE_070.JPG
PAGE_070-8,PAGE_070,70,Board 70,8,9,Board 70 pin 9,img070_pin09,thumbs/inventory/PAGE_070-8.jpg,32.95,2026D23/boards,2026D23/boards/PAGE_070.JPG
PAGE_071-0,PAGE_071,71,Board 71,0,1,Board 71 pin 1,img071_pin01,thumbs/inventory/PAGE_071-0.jpg,32.95,2026D23/boards,2026D23/boards/PAGE_071.JPG
PAGE_071-1,PAGE_071,71,Board 71,1,2,Board 71 pin 2,img071_pin02,thumbs/inventory/PAGE_071-1.jpg,32.95,2026D23/boards,2026D23/boards/PAGE_071.JPG
PAGE_071-2,PAGE_071,71,Board 71,2,3,Board 71 pin 3,img071_pin03,thumbs/inventory/PAGE_071-2.jpg,32.95,2026D23/boards,2026D23/boards/PAGE_071.JPG
PAGE_071-3,PAGE_071,71,Board 71,3,4,Board 71 pin 4,img071_pin04,thumbs/inventory/PAGE_071-3.jpg,32.95,2026D23/boards,2026D23/boards/PAGE_071.JPG
PAGE_071-4,PAGE_071,71,Board 71,4,5,Board 71 pin 5,img071_pin05,thumbs/inventory/PAGE_071-4.jpg,32.95,2026D23/boards,2026D23/boards/PAGE_071.JPG
PAGE_071-5,PAGE_071,71,Board 71,5,6,Board 71 pin 6,img071_pin06,thumbs/inventory/PAGE_071-5.jpg,32.95,2026D23/boards,2026D23/boards/PAGE_071.JPG
PAGE_071-6,PAGE_071,71,Board 71,6,7,Board 71 pin 7,img071_pin07,thumbs/inventory/PAGE_071-6.jpg,32.95,2026D23/boards,2026D23/boards/PAGE_071.JPG
PAGE_071-7,PAGE_071,71,Board 71,7,8,Board 71 pin 8,img071_pin08,thumbs/inventory/PAGE_071-7.jpg,32.95,2026D23/boards,2026D23/boards/PAGE_071.JPG
PAGE_071-8,PAGE_071,71,Board 71,8,9,Board 71 pin 9,img071_pin09,thumbs/inventory/PAGE_071-8.jpg,32.95,2026D23/boards,2026D23/boards/PAGE_071.JPG
PAGE_071-9,PAGE_071,71,Board 71,9,10,Board 71 pin 10,img071_pin10,thumbs/inventory/PAGE_071-9.jpg,32.95,2026D23/boards,2026D23/boards/PAGE_071.JPG
PAGE_072-0,PAGE_072,72,Board 72,0,1,Board 72 pin 1,img072_pin01,thumbs/inventory/PAGE_072-0.jpg,,2026D23/boards,2026D23/boards/PAGE_072.JPG
PAGE_072-1,PAGE_072,72,Board 72,1,2,Board 72 pin 2,img072_pin02,thumbs/inventory/PAGE_072-1.jpg,,2026D23/boards,2026D23/boards/PAGE_072.JPG
PAGE_072-2,PAGE_072,72,Board 72,2,3,Board 72 pin 3,img072_pin03,thumbs/inventory/PAGE_072-2.jpg,,2026D23/boards,2026D23/boards/PAGE_072.JPG
PAGE_073-0,PAGE_073,73,Board 73,0,1,Board 73 pin 1,img073_pin01,thumbs/inventory/PAGE_073-0.jpg,,2026D23/boards,2026D23/boards/PAGE_073.JPG
PAGE_073-1,PAGE_073,73,Board 73,1,2,Board 73 pin 2,img073_pin02,thumbs/inventory/PAGE_073-1.jpg,,2026D23/boards,2026D23/boards/PAGE_073.JPG
PAGE_073-2,PAGE_073,73,Board 73,2,3,Board 73 pin 3,img073_pin03,thumbs/inventory/PAGE_073-2.jpg,,2026D23/boards,2026D23/boards/PAGE_073.JPG
PAGE_073-3,PAGE_073,73,Board 73,3,4,Board 73 pin 4,img073_pin04,thumbs/inventory/PAGE_073-3.jpg,,2026D23/boards,2026D23/boards/PAGE_073.JPG
PAGE_073-4,PAGE_073,73,Board 73,4,5,Board 73 pin 5,img073_pin05,thumbs/inventory/PAGE_073-4.jpg,,2026D23/boards,2026D23/boards/PAGE_073.JPG
PAGE_074-0,PAGE_074,74,Board 74,0,1,Board 74 pin 1,img074_pin01,thumbs/inventory/PAGE_074-0.jpg,,2026D23/boards,2026D23/boards/PAGE_074.JPG
PAGE_074-1,PAGE_074,74,Board 74,1,2,Board 74 pin 2,img074_pin02,thumbs/inventory/PAGE_074-1.jpg,,2026D23/boards,2026D23/boards/PAGE_074.JPG
PAGE_074-2,PAGE_074,74,Board 74,2,3,Board 74 pin 3,img074_pin03,thumbs/inventory/PAGE_074-2.jpg,,2026D23/boards,2026D23/boards/PAGE_074.JPG
PAGE_074-3,PAGE_074,74,Board 74,3,4,Board 74 pin 4,img074_pin04,thumbs/inventory/PAGE_074-3.jpg,,2026D23/boards,2026D23/boards/PAGE_074.JPG
PAGE_076-0,PAGE_076,76,Board 76,0,1,Board 76 pin 1,img076_pin01,thumbs/inventory/PAGE_076-0.jpg,,2026D23/boards,2026D23/boards/PAGE_076.JPG
PAGE_076-1,PAGE_076,76,Board 76,1,2,Board 76 pin 2,img076_pin02,thumbs/inventory/PAGE_076-1.jpg,,2026D23/boards,2026D23/boards/PAGE_076.JPG
PAGE_076-2,PAGE_076,76,Board 76,2,3,Board 76 pin 3,img076_pin03,thumbs/inventory/PAGE_076-2.jpg,,2026D23/boards,2026D23/boards/PAGE_076.JPG
PAGE_076-3,PAGE_076,76,Board 76,3,4,Board 76 pin 4,img076_pin04,thumbs/inventory/PAGE_076-3.jpg,,2026D23/boards,2026D23/boards/PAGE_076.JPG
PAGE_076-4,PAGE_076,76,Board 76,4,5,Board 76 pin 5,img076_pin05,thumbs/inventory/PAGE_076-4.jpg,,2026D23/boards,2026D23/boards/PAGE_076.JPG
PAGE_076-5,PAGE_076,76,Board 76,5,6,Board 76 pin 6,img076_pin06,thumbs/inventory/PAGE_076-5.jpg,,2026D23/boards,2026D23/boards/PAGE_076.JPG
PAGE_076-6,PAGE_076,76,Board 76,6,7,Board 76 pin 7,img076_pin07,thumbs/inventory/PAGE_076-6.jpg,,2026D23/boards,2026D23/boards/PAGE_076.JPG
PAGE_076-7,PAGE_076,76,Board 76,7,8,Board 76 pin 8,img076_pin08,thumbs/inventory/PAGE_076-7.jpg,,2026D23/boards,2026D23/boards/PAGE_076.JPG
PAGE_076-8,PAGE_076,76,Board 76,8,9,Board 76 pin 9,img076_pin09,thumbs/inventory/PAGE_076-8.jpg,,2026D23/boards,2026D23/boards/PAGE_076.JPG
PAGE_076-9,PAGE_076,76,Board 76,9,10,Board 76 pin 10,img076_pin10,thumbs/inventory/PAGE_076-9.jpg,,2026D23/boards,2026D23/boards/PAGE_076.JPG
PAGE_077-0,PAGE_077,77,Board 77,0,1,Board 77 pin 1,img077_pin01,thumbs/inventory/PAGE_077-0.jpg,,2026D23/boards,2026D23/boards/PAGE_077.JPG
PAGE_077-1,PAGE_077,77,Board 77,1,2,Board 77 pin 2,img077_pin02,thumbs/inventory/PAGE_077-1.jpg,,2026D23/boards,2026D23/boards/PAGE_077.JPG
PAGE_077-2,PAGE_077,77,Board 77,2,3,Board 77 pin 3,img077_pin03,thumbs/inventory/PAGE_077-2.jpg,,2026D23/boards,2026D23/boards/PAGE_077.JPG
PAGE_077-3,PAGE_077,77,Board 77,3,4,Board 77 pin 4,img077_pin04,thumbs/inventory/PAGE_077-3.jpg,,2026D23/boards,2026D23/boards/PAGE_077.JPG
PAGE_077-4,PAGE_077,77,Board 77,4,5,Board 77 pin 5,img077_pin05,thumbs/inventory/PAGE_077-4.jpg,,2026D23/boards,2026D23/boards/PAGE_077.JPG
PAGE_077-5,PAGE_077,77,Board 77,5,6,Board 77 pin 6,img077_pin06,thumbs/inventory/PAGE_077-5.jpg,,2026D23/boards,2026D23/boards/PAGE_077.JPG
PAGE_077-6,PAGE_077,77,Board 77,6,7,Board 77 pin 7,img077_pin07,thumbs/inventory/PAGE_077-6.jpg,,2026D23/boards,2026D23/boards/PAGE_077.JPG
PAGE_077-7,PAGE_077,77,Board 77,7,8,Board 77 pin 8,img077_pin08,thumbs/inventory/PAGE_077-7.jpg,,2026D23/boards,2026D23/boards/PAGE_077.JPG
PAGE_077-8,PAGE_077,77,Board 77,8,9,Board 77 pin 9,img077_pin09,thumbs/inventory/PAGE_077-8.jpg,,2026D23/boards,2026D23/boards/PAGE_077.JPG
PAGE_078-0,PAGE_078,78,Board 78,0,1,Board 78 pin 1,img078_pin01,thumbs/inventory/PAGE_078-0.jpg,34.95,2026D23/boards,2026D23/boards/PAGE_078.JPG
PAGE_078-1,PAGE_078,78,Board 78,1,2,Board 78 pin 2,img078_pin02,thumbs/inventory/PAGE_078-1.jpg,34.95,2026D23/boards,2026D23/boards/PAGE_078.JPG
PAGE_078-2,PAGE_078,78,Board 78,2,3,Board 78 pin 3,img078_pin03,thumbs/inventory/PAGE_078-2.jpg,34.95,2026D23/boards,2026D23/boards/PAGE_078.JPG
PAGE_078-3,PAGE_078,78,Board 78,3,4,Board 78 pin 4,img078_pin04,thumbs/inventory/PAGE_078-3.jpg,34.95,2026D23/boards,2026D23/boards/PAGE_078.JPG
PAGE_078-4,PAGE_078,78,Board 78,4,5,Board 78 pin 5,img078_pin05,thumbs/inventory/PAGE_078-4.jpg,34.95,2026D23/boards,2026D23/boards/PAGE_078.JPG
PAGE_078-5,PAGE_078,78,Board 78,5,6,Board 78 pin 6,img078_pin06,thumbs/inventory/PAGE_078-5.jpg,34.95,2026D23/boards,2026D23/boards/PAGE_078.JPG
PAGE_078-6,PAGE_078,78,Board 78,6,7,Board 78 pin 7,img078_pin07,thumbs/inventory/PAGE_078-6.jpg,34.95,2026D23/boards,2026D23/boards/PAGE_078.JPG
PAGE_078-7,PAGE_078,78,Board 78,7,8,Board 78 pin 8,img078_pin08,thumbs/inventory/PAGE_078-7.jpg,34.95,2026D23/boards,2026D23/boards/PAGE_078.JPG
PAGE_078-8,PAGE_078,78,Board 78,8,9,Board 78 pin 9,img078_pin09,thumbs/inventory/PAGE_078-8.jpg,34.95,2026D23/boards,2026D23/boards/PAGE_078.JPG
PAGE_078-9,PAGE_078,78,Board 78,9,10,Board 78 pin 10,img078_pin10,thumbs/inventory/PAGE_078-9.jpg,34.95,2026D23/boards,2026D23/boards/PAGE_078.JPG
PAGE_078-10,PAGE_078,78,Board 78,10,11,Board 78 pin 11,img078_pin11,thumbs/inventory/PAGE_078-10.jpg,34.95,2026D23/boards,2026D23/boards/PAGE_078.JPG
PAGE_078-11,PAGE_078,78,Board 78,11,12,Board 78 pin 12,img078_pin12,thumbs/inventory/PAGE_078-11.jpg,34.95,2026D23/boards,2026D23/boards/PAGE_078.JPG
PAGE_078-12,PAGE_078,78,Board 78,12,13,Board 78 pin 13,img078_pin13,thumbs/inventory/PAGE_078-12.jpg,34.95,2026D23/boards,2026D23/boards/PAGE_078.JPG
PAGE_078-13,PAGE_078,78,Board 78,13,14,Board 78 pin 14,img078_pin14,thumbs/inventory/PAGE_078-13.jpg,34.95,2026D23/boards,2026D23/boards/PAGE_078.JPG
PAGE_078-14,PAGE_078,78,Board 78,14,15,Board 78 pin 15,img078_pin15,thumbs/inventory/PAGE_078-14.jpg,34.95,2026D23/boards,2026D23/boards/PAGE_078.JPG
PAGE_078-15,PAGE_078,78,Board 78,15,16,Board 78 pin 16,img078_pin16,thumbs/inventory/PAGE_078-15.jpg,34.95,2026D23/boards,2026D23/boards/PAGE_078.JPG
PAGE_078-16,PAGE_078,78,Board 78,16,17,Board 78 pin 17,img078_pin17,thumbs/inventory/PAGE_078-16.jpg,34.95,2026D23/boards,2026D23/boards/PAGE_078.JPG
PAGE_079-0,PAGE_079,79,Board 79,0,1,Board 79 pin 1,img079_pin01,thumbs/inventory/PAGE_079-0.jpg,54.95,2026D23/boards,2026D23/boards/PAGE_079.JPG
PAGE_079-1,PAGE_079,79,Board 79,1,2,Board 79 pin 2,img079_pin02,thumbs/inventory/PAGE_079-1.jpg,54.95,2026D23/boards,2026D23/boards/PAGE_079.JPG
PAGE_079-2,PAGE_079,79,Board 79,2,3,Board 79 pin 3,img079_pin03,thumbs/inventory/PAGE_079-2.jpg,54.95,2026D23/boards,2026D23/boards/PAGE_079.JPG
PAGE_079-3,PAGE_079,79,Board 79,3,4,Board 79 pin 4,img079_pin04,thumbs/inventory/PAGE_079-3.jpg,54.95,2026D23/boards,2026D23/boards/PAGE_079.JPG
PAGE_079-4,PAGE_079,79,Board 79,4,5,Board 79 pin 5,img079_pin05,thumbs/inventory/PAGE_079-4.jpg,54.95,2026D23/boards,2026D23/boards/PAGE_079.JPG
PAGE_080-0,PAGE_080,80,Board 80,0,1,Board 80 pin 1,img080_pin01,thumbs/inventory/PAGE_080-0.jpg,54.95,2026D23/boards,2026D23/boards/PAGE_080.JPG
PAGE_080-1,PAGE_080,80,Board 80,1,2,Board 80 pin 2,img080_pin02,thumbs/inventory/PAGE_080-1.jpg,54.95,2026D23/boards,2026D23/boards/PAGE_080.JPG
PAGE_080-2,PAGE_080,80,Board 80,2,3,Board 80 pin 3,img080_pin03,thumbs/inventory/PAGE_080-2.jpg,54.95,2026D23/boards,2026D23/boards/PAGE_080.JPG
PAGE_080-3,PAGE_080,80,Board 80,3,4,Board 80 pin 4,img080_pin04,thumbs/inventory/PAGE_080-3.jpg,54.95,2026D23/boards,2026D23/boards/PAGE_080.JPG
PAGE_080-4,PAGE_080,80,Board 80,4,5,Board 80 pin 5,img080_pin05,thumbs/inventory/PAGE_080-4.jpg,54.95,2026D23/boards,2026D23/boards/PAGE_080.JPG
PAGE_081-0,PAGE_081,81,Board 81,0,1,Board 81 pin 1,img081_pin01,thumbs/inventory/PAGE_081-0.jpg,44.95,2026D23/boards,2026D23/boards/PAGE_081.JPG
PAGE_081-1,PAGE_081,81,Board 81,1,2,Board 81 pin 2,img081_pin02,thumbs/inventory/PAGE_081-1.jpg,44.95,2026D23/boards,2026D23/boards/PAGE_081.JPG
PAGE_081-2,PAGE_081,81,Board 81,2,3,Board 81 pin 3,img081_pin03,thumbs/inventory/PAGE_081-2.jpg,44.95,2026D23/boards,2026D23/boards/PAGE_081.JPG
PAGE_081-3,PAGE_081,81,Board 81,3,4,Board 81 pin 4,img081_pin04,thumbs/inventory/PAGE_081-3.jpg,44.95,2026D23/boards,2026D23/boards/PAGE_081.JPG
PAGE_081-4,PAGE_081,81,Board 81,4,5,Board 81 pin 5,img081_pin05,thumbs/inventory/PAGE_081-4.jpg,44.95,2026D23/boards,2026D23/boards/PAGE_081.JPG
PAGE_081-5,PAGE_081,81,Board 81,5,6,Board 81 pin 6,img081_pin06,thumbs/inventory/PAGE_081-5.jpg,44.95,2026D23/boards,2026D23/boards/PAGE_081.JPG
PAGE_081-6,PAGE_081,81,Board 81,6,7,Board 81 pin 7,img081_pin07,thumbs/inventory/PAGE_081-6.jpg,44.95,2026D23/boards,2026D23/boards/PAGE_081.JPG
PAGE_082-0,PAGE_082,82,Board 82,0,1,Board 82 pin 1,img082_pin01,thumbs/inventory/PAGE_082-0.jpg,44.95,2026D23/boards,2026D23/boards/PAGE_082.JPG
PAGE_082-1,PAGE_082,82,Board 82,1,2,Board 82 pin 2,img082_pin02,thumbs/inventory/PAGE_082-1.jpg,44.95,2026D23/boards,2026D23/boards/PAGE_082.JPG
PAGE_082-2,PAGE_082,82,Board 82,2,3,Board 82 pin 3,img082_pin03,thumbs/inventory/PAGE_082-2.jpg,44.95,2026D23/boards,2026D23/boards/PAGE_082.JPG
PAGE_082-3,PAGE_082,82,Board 82,3,4,Board 82 pin 4,img082_pin04,thumbs/inventory/PAGE_082-3.jpg,44.95,2026D23/boards,2026D23/boards/PAGE_082.JPG
PAGE_082-4,PAGE_082,82,Board 82,4,5,Board 82 pin 5,img082_pin05,thumbs/inventory/PAGE_082-4.jpg,44.95,2026D23/boards,2026D23/boards/PAGE_082.JPG
PAGE_082-5,PAGE_082,82,Board 82,5,6,Board 82 pin 6,img082_pin06,thumbs/inventory/PAGE_082-5.jpg,44.95,2026D23/boards,2026D23/boards/PAGE_082.JPG
PAGE_083-0,PAGE_083,83,Board 83,0,1,Board 83 pin 1,img083_pin01,thumbs/inventory/PAGE_083-0.jpg,,2026D23/boards,2026D23/boards/PAGE_083.JPG
PAGE_083-1,PAGE_083,83,Board 83,1,2,Board 83 pin 2,img083_pin02,thumbs/inventory/PAGE_083-1.jpg,,2026D23/boards,2026D23/boards/PAGE_083.JPG
PAGE_083-2,PAGE_083,83,Board 83,2,3,Board 83 pin 3,img083_pin03,thumbs/inventory/PAGE_083-2.jpg,,2026D23/boards,2026D23/boards/PAGE_083.JPG
PAGE_083-3,PAGE_083,83,Board 83,3,4,Board 83 pin 4,img083_pin04,thumbs/inventory/PAGE_083-3.jpg,,2026D23/boards,2026D23/boards/PAGE_083.JPG
PAGE_083-4,PAGE_083,83,Board 83,4,5,Board 83 pin 5,img083_pin05,thumbs/inventory/PAGE_083-4.jpg,,2026D23/boards,2026D23/boards/PAGE_083.JPG
PAGE_084-0,PAGE_084,84,Board 84,0,1,Board 84 pin 1,img084_pin01,thumbs/inventory/PAGE_084-0.jpg,,2026D23/boards,2026D23/boards/PAGE_084.JPG
PAGE_084-1,PAGE_084,84,Board 84,1,2,Board 84 pin 2,img084_pin02,thumbs/inventory/PAGE_084-1.jpg,,2026D23/boards,2026D23/boards/PAGE_084.JPG
PAGE_085-0,PAGE_085,85,Board 85,0,1,Board 85 pin 1,img085_pin01,thumbs/inventory/PAGE_085-0.jpg,,2026D23/boards,2026D23/boards/PAGE_085.JPG
PAGE_085-1,PAGE_085,85,Board 85,1,2,Board 85 pin 2,img085_pin02,thumbs/inventory/PAGE_085-1.jpg,,2026D23/boards,2026D23/boards/PAGE_085.JPG
PAGE_085-2,PAGE_085,85,Board 85,2,3,Board 85 pin 3,img085_pin03,thumbs/inventory/PAGE_085-2.jpg,,2026D23/boards,2026D23/boards/PAGE_085.JPG
PAGE_085-3,PAGE_085,85,Board 85,3,4,Board 85 pin 4,img085_pin04,thumbs/inventory/PAGE_085-3.jpg,,2026D23/boards,2026D23/boards/PAGE_085.JPG
PAGE_085-4,PAGE_085,85,Board 85,4,5,Board 85 pin 5,img085_pin05,thumbs/inventory/PAGE_085-4.jpg,,2026D23/boards,2026D23/boards/PAGE_085.JPG
PAGE_085-5,PAGE_085,85,Board 85,5,6,Board 85 pin 6,img085_pin06,thumbs/inventory/PAGE_085-5.jpg,,2026D23/boards,2026D23/boards/PAGE_085.JPG
PAGE_085-6,PAGE_085,85,Board 85,6,7,Board 85 pin 7,img085_pin07,thumbs/inventory/PAGE_085-6.jpg,,2026D23/boards,2026D23/boards/PAGE_085.JPG
PAGE_085-7,PAGE_085,85,Board 85,7,8,Board 85 pin 8,img085_pin08,thumbs/inventory/PAGE_085-7.jpg,,2026D23/boards,2026D23/boards/PAGE_085.JPG
PAGE_085-8,PAGE_085,85,Board 85,8,9,Board 85 pin 9,img085_pin09,thumbs/inventory/PAGE_085-8.jpg,,2026D23/boards,2026D23/boards/PAGE_085.JPG
PAGE_085-9,PAGE_085,85,Board 85,9,10,Board 85 pin 10,img085_pin10,thumbs/inventory/PAGE_085-9.jpg,,2026D23/boards,2026D23/boards/PAGE_085.JPG
PAGE_085-10,PAGE_085,85,Board 85,10,11,Board 85 pin 11,img085_pin11,thumbs/inventory/PAGE_085-10.jpg,,2026D23/boards,2026D23/boards/PAGE_085.JPG
PAGE_085-11,PAGE_085,85,Board 85,11,12,Board 85 pin 12,img085_pin12,thumbs/inventory/PAGE_085-11.jpg,,2026D23/boards,2026D23/boards/PAGE_085.JPG
PAGE_085-12,PAGE_085,85,Board 85,12,13,Board 85 pin 13,img085_pin13,thumbs/inventory/PAGE_085-12.jpg,,2026D23/boards,2026D23/boards/PAGE_085.JPG
PAGE_086-0,PAGE_086,86,Board 86,0,1,Board 86 pin 1,img086_pin01,thumbs/inventory/PAGE_086-0.jpg,,2026D23/boards,2026D23/boards/PAGE_086.JPG
PAGE_086-1,PAGE_086,86,Board 86,1,2,Board 86 pin 2,img086_pin02,thumbs/inventory/PAGE_086-1.jpg,,2026D23/boards,2026D23/boards/PAGE_086.JPG
PAGE_086-2,PAGE_086,86,Board 86,2,3,Board 86 pin 3,img086_pin03,thumbs/inventory/PAGE_086-2.jpg,,2026D23/boards,2026D23/boards/PAGE_086.JPG
PAGE_086-3,PAGE_086,86,Board 86,3,4,Board 86 pin 4,img086_pin04,thumbs/inventory/PAGE_086-3.jpg,,2026D23/boards,2026D23/boards/PAGE_086.JPG
PAGE_086-4,PAGE_086,86,Board 86,4,5,Board 86 pin 5,img086_pin05,thumbs/inventory/PAGE_086-4.jpg,,2026D23/boards,2026D23/boards/PAGE_086.JPG
PAGE_086-5,PAGE_086,86,Board 86,5,6,Board 86 pin 6,img086_pin06,thumbs/inventory/PAGE_086-5.jpg,,2026D23/boards,2026D23/boards/PAGE_086.JPG
PAGE_086-6,PAGE_086,86,Board 86,6,7,Board 86 pin 7,img086_pin07,thumbs/inventory/PAGE_086-6.jpg,,2026D23/boards,2026D23/boards/PAGE_086.JPG
PAGE_086-7,PAGE_086,86,Board 86,7,8,Board 86 pin 8,img086_pin08,thumbs/inventory/PAGE_086-7.jpg,,2026D23/boards,2026D23/boards/PAGE_086.JPG
PAGE_086-8,PAGE_086,86,Board 86,8,9,Board 86 pin 9,img086_pin09,thumbs/inventory/PAGE_086-8.jpg,,2026D23/boards,2026D23/boards/PAGE_086.JPG
PAGE_086-9,PAGE_086,86,Board 86,9,10,Board 86 pin 10,img086_pin10,thumbs/inventory/PAGE_086-9.jpg,,2026D23/boards,2026D23/boards/PAGE_086.JPG
PAGE_086-10,PAGE_086,86,Board 86,10,11,Board 86 pin 11,img086_pin11,thumbs/inventory/PAGE_086-10.jpg,,2026D23/boards,2026D23/boards/PAGE_086.JPG
PAGE_086-11,PAGE_086,86,Board 86,11,12,Board 86 pin 12,img086_pin12,thumbs/inventory/PAGE_086-11.jpg,,2026D23/boards,2026D23/boards/PAGE_086.JPG
PAGE_086-12,PAGE_086,86,Board 86,12,13,Board 86 pin 13,img086_pin13,thumbs/inventory/PAGE_086-12.jpg,,2026D23/boards,2026D23/boards/PAGE_086.JPG
PAGE_087-0,PAGE_087,87,Board 87,0,1,Board 87 pin 1,img087_pin01,thumbs/inventory/PAGE_087-0.jpg,,2026D23/boards,2026D23/boards/PAGE_087.JPG
PAGE_087-1,PAGE_087,87,Board 87,1,2,Board 87 pin 2,img087_pin02,thumbs/inventory/PAGE_087-1.jpg,,2026D23/boards,2026D23/boards/PAGE_087.JPG
PAGE_087-2,PAGE_087,87,Board 87,2,3,Board 87 pin 3,img087_pin03,thumbs/inventory/PAGE_087-2.jpg,,2026D23/boards,2026D23/boards/PAGE_087.JPG
PAGE_087-3,PAGE_087,87,Board 87,3,4,Board 87 pin 4,img087_pin04,thumbs/inventory/PAGE_087-3.jpg,,2026D23/boards,2026D23/boards/PAGE_087.JPG
PAGE_087-4,PAGE_087,87,Board 87,4,5,Board 87 pin 5,img087_pin05,thumbs/inventory/PAGE_087-4.jpg,,2026D23/boards,2026D23/boards/PAGE_087.JPG
PAGE_087-5,PAGE_087,87,Board 87,5,6,Board 87 pin 6,img087_pin06,thumbs/inventory/PAGE_087-5.jpg,,2026D23/boards,2026D23/boards/PAGE_087.JPG
PAGE_087-6,PAGE_087,87,Board 87,6,7,Board 87 pin 7,img087_pin07,thumbs/inventory/PAGE_087-6.jpg,,2026D23/boards,2026D23/boards/PAGE_087.JPG
PAGE_087-7,PAGE_087,87,Board 87,7,8,Board 87 pin 8,img087_pin08,thumbs/inventory/PAGE_087-7.jpg,,2026D23/boards,2026D23/boards/PAGE_087.JPG
PAGE_087-8,PAGE_087,87,Board 87,8,9,Board 87 pin 9,img087_pin09,thumbs/inventory/PAGE_087-8.jpg,,2026D23/boards,2026D23/boards/PAGE_087.JPG
PAGE_087-9,PAGE_087,87,Board 87,9,10,Board 87 pin 10,img087_pin10,thumbs/inventory/PAGE_087-9.jpg,,2026D23/boards,2026D23/boards/PAGE_087.JPG
PAGE_087-10,PAGE_087,87,Board 87,10,11,Board 87 pin 11,img087_pin11,thumbs/inventory/PAGE_087-10.jpg,,2026D23/boards,2026D23/boards/PAGE_087.JPG
PAGE_087-11,PAGE_087,87,Board 87,11,12,Board 87 pin 12,img087_pin12,thumbs/inventory/PAGE_087-11.jpg,,2026D23/boards,2026D23/boards/PAGE_087.JPG
PAGE_087-12,PAGE_087,87,Board 87,12,13,Board 87 pin 13,img087_pin13,thumbs/inventory/PAGE_087-12.jpg,,2026D23/boards,2026D23/boards/PAGE_087.JPG
PAGE_087-13,PAGE_087,87,Board 87,13,14,Board 87 pin 14,img087_pin14,thumbs/inventory/PAGE_087-13.jpg,,2026D23/boards,2026D23/boards/PAGE_087.JPG
PAGE_087-14,PAGE_087,87,Board 87,14,15,Board 87 pin 15,img087_pin15,thumbs/inventory/PAGE_087-14.jpg,,2026D23/boards,2026D23/boards/PAGE_087.JPG
PAGE_088-0,PAGE_088,88,Board 88,0,1,Board 88 pin 1,img088_pin01,thumbs/inventory/PAGE_088-0.jpg,,2026D23/boards,2026D23/boards/PAGE_088.JPG
PAGE_088-1,PAGE_088,88,Board 88,1,2,Board 88 pin 2,img088_pin02,thumbs/inventory/PAGE_088-1.jpg,,2026D23/boards,2026D23/boards/PAGE_088.JPG
PAGE_088-2,PAGE_088,88,Board 88,2,3,Board 88 pin 3,img088_pin03,thumbs/inventory/PAGE_088-2.jpg,,2026D23/boards,2026D23/boards/PAGE_088.JPG
PAGE_088-3,PAGE_088,88,Board 88,3,4,Board 88 pin 4,img088_pin04,thumbs/inventory/PAGE_088-3.jpg,,2026D23/boards,2026D23/boards/PAGE_088.JPG
PAGE_088-4,PAGE_088,88,Board 88,4,5,Board 88 pin 5,img088_pin05,thumbs/inventory/PAGE_088-4.jpg,,2026D23/boards,2026D23/boards/PAGE_088.JPG
PAGE_088-5,PAGE_088,88,Board 88,5,6,Board 88 pin 6,img088_pin06,thumbs/inventory/PAGE_088-5.jpg,,2026D23/boards,2026D23/boards/PAGE_088.JPG
PAGE_088-6,PAGE_088,88,Board 88,6,7,Board 88 pin 7,img088_pin07,thumbs/inventory/PAGE_088-6.jpg,,2026D23/boards,2026D23/boards/PAGE_088.JPG
PAGE_088-7,PAGE_088,88,Board 88,7,8,Board 88 pin 8,img088_pin08,thumbs/inventory/PAGE_088-7.jpg,,2026D23/boards,2026D23/boards/PAGE_088.JPG
PAGE_088-8,PAGE_088,88,Board 88,8,9,Board 88 pin 9,img088_pin09,thumbs/inventory/PAGE_088-8.jpg,,2026D23/boards,2026D23/boards/PAGE_088.JPG
D23MP_AUG14-0,D23MP_AUG14,,D23 Marketplace · Fri Aug 14,0,1,D23 Marketplace · Fri Aug 14 pin 1,atlantis_milo_kida,thumbs/inventory/D23MP_AUG14-0.jpg,59.99,D23Inventory2026/extra-boards,D23Inventory2026/extra-boards/D23MP_AUG14.JPG
D23MP_AUG14-1,D23MP_AUG14,,D23 Marketplace · Fri Aug 14,1,2,D23 Marketplace · Fri Aug 14 pin 2,pixar_40_years,thumbs/inventory/D23MP_AUG14-1.jpg,49.99,D23Inventory2026/extra-boards,D23Inventory2026/extra-boards/D23MP_AUG14.JPG
D23MP_AUG14-2,D23MP_AUG14,,D23 Marketplace · Fri Aug 14,2,3,D23 Marketplace · Fri Aug 14 pin 3,muppets_50th,thumbs/inventory/D23MP_AUG14-2.jpg,59.99,D23Inventory2026/extra-boards,D23Inventory2026/extra-boards/D23MP_AUG14.JPG
D23MP_AUG14-3,D23MP_AUG14,,D23 Marketplace · Fri Aug 14,3,4,D23 Marketplace · Fri Aug 14 pin 4,darkwing_35th,thumbs/inventory/D23MP_AUG14-3.jpg,59.99,D23Inventory2026/extra-boards,D23Inventory2026/extra-boards/D23MP_AUG14.JPG
D23MP_AUG14-4,D23MP_AUG14,,D23 Marketplace · Fri Aug 14,4,5,D23 Marketplace · Fri Aug 14 pin 5,batb_35th,thumbs/inventory/D23MP_AUG14-4.jpg,59.99,D23Inventory2026/extra-boards,D23Inventory2026/extra-boards/D23MP_AUG14.JPG
D23MP_AUG14-5,D23MP_AUG14,,D23 Marketplace · Fri Aug 14,5,6,D23 Marketplace · Fri Aug 14 pin 6,figment,thumbs/inventory/D23MP_AUG14-5.jpg,29.99,D23Inventory2026/extra-boards,D23Inventory2026/extra-boards/D23MP_AUG14.JPG
D23MP_AUG14-6,D23MP_AUG14,,D23 Marketplace · Fri Aug 14,6,7,D23 Marketplace · Fri Aug 14 pin 7,r3x,thumbs/inventory/D23MP_AUG14-6.jpg,29.99,D23Inventory2026/extra-boards,D23Inventory2026/extra-boards/D23MP_AUG14.JPG
D23MP_AUG14-7,D23MP_AUG14,,D23 Marketplace · Fri Aug 14,7,8,D23 Marketplace · Fri Aug 14 pin 8,shaman_of_songs,thumbs/inventory/D23MP_AUG14-7.jpg,29.99,D23Inventory2026/extra-boards,D23Inventory2026/extra-boards/D23MP_AUG14.JPG
D23MP_AUG14-8,D23MP_AUG14,,D23 Marketplace · Fri Aug 14,8,9,D23 Marketplace · Fri Aug 14 pin 9,hercules_phil,thumbs/inventory/D23MP_AUG14-8.jpg,27.99,D23Inventory2026/extra-boards,D23Inventory2026/extra-boards/D23MP_AUG14.JPG
D23MP_AUG14-9,D23MP_AUG14,,D23 Marketplace · Fri Aug 14,9,10,D23 Marketplace · Fri Aug 14 pin 10,ariel_flounder,thumbs/inventory/D23MP_AUG14-9.jpg,27.99,D23Inventory2026/extra-boards,D23Inventory2026/extra-boards/D23MP_AUG14.JPG
D23MP_AUG14-10,D23MP_AUG14,,D23 Marketplace · Fri Aug 14,10,11,D23 Marketplace · Fri Aug 14 pin 11,briar_rose_phillip,thumbs/inventory/D23MP_AUG14-10.jpg,27.99,D23Inventory2026/extra-boards,D23Inventory2026/extra-boards/D23MP_AUG14.JPG
D23MP_AUG14-11,D23MP_AUG14,,D23 Marketplace · Fri Aug 14,11,12,D23 Marketplace · Fri Aug 14 pin 12,hercules_logo,thumbs/inventory/D23MP_AUG14-11.jpg,14.99,D23Inventory2026/extra-boards,D23Inventory2026/extra-boards/D23MP_AUG14.JPG
D23MP_AUG14-12,D23MP_AUG14,,D23 Marketplace · Fri Aug 14,12,13,D23 Marketplace · Fri Aug 14 pin 13,mickey_animator_set,thumbs/inventory/D23MP_AUG14-12.jpg,250.0,D23Inventory2026/extra-boards,D23Inventory2026/extra-boards/D23MP_AUG14.JPG
D23MP_AUG14-13,D23MP_AUG14,,D23 Marketplace · Fri Aug 14,13,14,D23 Marketplace · Fri Aug 14 pin 14,ink_and_paint_set,thumbs/inventory/D23MP_AUG14-13.jpg,350.0,D23Inventory2026/extra-boards,D23Inventory2026/extra-boards/D23MP_AUG14.JPG
D23MP_AUG15-0,D23MP_AUG15,,D23 Marketplace · Sat Aug 15,0,1,D23 Marketplace · Sat Aug 15 pin 1,pirates_lithograph,thumbs/inventory/D23MP_AUG15-0.jpg,64.99,D23Inventory2026/extra-boards,D23Inventory2026/extra-boards/D23MP_AUG15.JPG
D23MP_AUG15-1,D23MP_AUG15,,D23 Marketplace · Sat Aug 15,1,2,D23 Marketplace · Sat Aug 15 pin 2,haunted_mansion_lithograph,thumbs/inventory/D23MP_AUG15-1.jpg,64.99,D23Inventory2026/extra-boards,D23Inventory2026/extra-boards/D23MP_AUG15.JPG
D23MP_AUG15-2,D23MP_AUG15,,D23 Marketplace · Sat Aug 15,2,3,D23 Marketplace · Sat Aug 15 pin 3,small_world_lithograph,thumbs/inventory/D23MP_AUG15-2.jpg,64.99,D23Inventory2026/extra-boards,D23Inventory2026/extra-boards/D23MP_AUG15.JPG
D23MP_AUG15-3,D23MP_AUG15,,D23 Marketplace · Sat Aug 15,3,4,D23 Marketplace · Sat Aug 15 pin 4,aulani_15th,thumbs/inventory/D23MP_AUG15-3.jpg,25.0,D23Inventory2026/extra-boards,D23Inventory2026/extra-boards/D23MP_AUG15.JPG
D23MP_AUG15-4,D23MP_AUG15,,D23 Marketplace · Sat Aug 15,4,5,D23 Marketplace · Sat Aug 15 pin 5,country_bear_set,thumbs/inventory/D23MP_AUG15-4.jpg,89.99,D23Inventory2026/extra-boards,D23Inventory2026/extra-boards/D23MP_AUG15.JPG
D23MP_AUG15-5,D23MP_AUG15,,D23 Marketplace · Sat Aug 15,5,6,D23 Marketplace · Sat Aug 15 pin 6,batb_pin_set,thumbs/inventory/D23MP_AUG15-5.jpg,89.99,D23Inventory2026/extra-boards,D23Inventory2026/extra-boards/D23MP_AUG15.JPG
D23MP_AUG15-6,D23MP_AUG15,,D23 Marketplace · Sat Aug 15,6,7,D23 Marketplace · Sat Aug 15 pin 7,tiki_room_set,thumbs/inventory/D23MP_AUG15-6.jpg,89.99,D23Inventory2026/extra-boards,D23Inventory2026/extra-boards/D23MP_AUG15.JPG
D23MP_AUG15-7,D23MP_AUG15,,D23 Marketplace · Sat Aug 15,7,8,D23 Marketplace · Sat Aug 15 pin 8,big_thunder_blueprint,thumbs/inventory/D23MP_AUG15-7.jpg,79.99,D23Inventory2026/extra-boards,D23Inventory2026/extra-boards/D23MP_AUG15.JPG
D23MP_AUG15-8,D23MP_AUG15,,D23 Marketplace · Sat Aug 15,8,9,D23 Marketplace · Sat Aug 15 pin 9,mr_toad_blueprint,thumbs/inventory/D23MP_AUG15-8.jpg,79.99,D23Inventory2026/extra-boards,D23Inventory2026/extra-boards/D23MP_AUG15.JPG
D23MP_AUG15-9,D23MP_AUG15,,D23 Marketplace · Sat Aug 15,9,10,D23 Marketplace · Sat Aug 15 pin 10,disneyland_1955,thumbs/inventory/D23MP_AUG15-9.jpg,125.0,D23Inventory2026/extra-boards,D23Inventory2026/extra-boards/D23MP_AUG15.JPG
D23MP_AUG15-10,D23MP_AUG15,,D23 Marketplace · Sat Aug 15,10,11,D23 Marketplace · Sat Aug 15 pin 11,wdw_1971,thumbs/inventory/D23MP_AUG15-10.jpg,125.0,D23Inventory2026/extra-boards,D23Inventory2026/extra-boards/D23MP_AUG15.JPG
D23MP_AUG15-11,D23MP_AUG15,,D23 Marketplace · Sat Aug 15,11,12,D23 Marketplace · Sat Aug 15 pin 12,dcl_jumbo,thumbs/inventory/D23MP_AUG15-11.jpg,89.99,D23Inventory2026/extra-boards,D23Inventory2026/extra-boards/D23MP_AUG15.JPG
D23MP_AUG16-0,D23MP_AUG16,,D23 Marketplace · Sun Aug 16,0,1,D23 Marketplace · Sun Aug 16 pin 1,disneyland_map,thumbs/inventory/D23MP_AUG16-0.jpg,225.0,D23Inventory2026/extra-boards,D23Inventory2026/extra-boards/D23MP_AUG16.JPG
D23MP_AUG16-1,D23MP_AUG16,,D23 Marketplace · Sun Aug 16,1,2,D23 Marketplace · Sun Aug 16 pin 2,hollywood_studios_map,thumbs/inventory/D23MP_AUG16-1.jpg,99.0,D23Inventory2026/extra-boards,D23Inventory2026/extra-boards/D23MP_AUG16.JPG
D23MP_AUG16-2,D23MP_AUG16,,D23 Marketplace · Sun Aug 16,2,3,D23 Marketplace · Sun Aug 16 pin 3,epcot_map,thumbs/inventory/D23MP_AUG16-2.jpg,99.0,D23Inventory2026/extra-boards,D23Inventory2026/extra-boards/D23MP_AUG16.JPG
D23MP_AUG16-3,D23MP_AUG16,,D23 Marketplace · Sun Aug 16,3,4,D23 Marketplace · Sun Aug 16 pin 4,muppets_animal,thumbs/inventory/D23MP_AUG16-3.jpg,64.99,D23Inventory2026/extra-boards,D23Inventory2026/extra-boards/D23MP_AUG16.JPG
D23MP_AUG16-4,D23MP_AUG16,,D23 Marketplace · Sun Aug 16,4,5,D23 Marketplace · Sun Aug 16 pin 5,magic_kingdom_map,thumbs/inventory/D23MP_AUG16-4.jpg,225.0,D23Inventory2026/extra-boards,D23Inventory2026/extra-boards/D23MP_AUG16.JPG
D23MP_AUG16-5,D23MP_AUG16,,D23 Marketplace · Sun Aug 16,5,6,D23 Marketplace · Sun Aug 16 pin 6,animal_kingdom_map,thumbs/inventory/D23MP_AUG16-5.jpg,99.0,D23Inventory2026/extra-boards,D23Inventory2026/extra-boards/D23MP_AUG16.JPG
D23MP_AUG16-6,D23MP_AUG16,,D23 Marketplace · Sun Aug 16,6,7,D23 Marketplace · Sun Aug 16 pin 7,california_adventure_map,thumbs/inventory/D23MP_AUG16-6.jpg,99.0,D23Inventory2026/extra-boards,D23Inventory2026/extra-boards/D23MP_AUG16.JPG
D23MP_AUG16-7,D23MP_AUG16,,D23 Marketplace · Sun Aug 16,7,8,D23 Marketplace · Sun Aug 16 pin 8,sorcerer_mickey,thumbs/inventory/D23MP_AUG16-7.jpg,54.99,D23Inventory2026/extra-boards,D23Inventory2026/extra-boards/D23MP_AUG16.JPG
D23MP_AUG16-8,D23MP_AUG16,,D23 Marketplace · Sun Aug 16,8,9,D23 Marketplace · Sun Aug 16 pin 9,sounds_leota,thumbs/inventory/D23MP_AUG16-8.jpg,69.99,D23Inventory2026/extra-boards,D23Inventory2026/extra-boards/D23MP_AUG16.JPG
D23MP_AUG16-9,D23MP_AUG16,,D23 Marketplace · Sun Aug 16,9,10,D23 Marketplace · Sun Aug 16 pin 10,sounds_dream_wish,thumbs/inventory/D23MP_AUG16-9.jpg,69.99,D23Inventory2026/extra-boards,D23Inventory2026/extra-boards/D23MP_AUG16.JPG
D23MP_AUG16-10,D23MP_AUG16,,D23 Marketplace · Sun Aug 16,10,11,D23 Marketplace · Sun Aug 16 pin 11,sounds_fantasmic,thumbs/inventory/D23MP_AUG16-10.jpg,69.99,D23Inventory2026/extra-boards,D23Inventory2026/extra-boards/D23MP_AUG16.JPG
D23MP_AUG16-11,D23MP_AUG16,,D23 Marketplace · Sun Aug 16,11,12,D23 Marketplace · Sun Aug 16 pin 12,sounds_dedication,thumbs/inventory/D23MP_AUG16-11.jpg,69.99,D23Inventory2026/extra-boards,D23Inventory2026/extra-boards/D23MP_AUG16.JPG
D23MP_AUG16-12,D23MP_AUG16,,D23 Marketplace · Sun Aug 16,12,13,D23 Marketplace · Sun Aug 16 pin 13,wdw_castle_frame,thumbs/inventory/D23MP_AUG16-12.jpg,250.0,D23Inventory2026/extra-boards,D23Inventory2026/extra-boards/D23MP_AUG16.JPG
D23MP_AUG16-13,D23MP_AUG16,,D23 Marketplace · Sun Aug 16,13,14,D23 Marketplace · Sun Aug 16 pin 14,dl_castle_frame,thumbs/inventory/D23MP_AUG16-13.jpg,250.0,D23Inventory2026/extra-boards,D23Inventory2026/extra-boards/D23MP_AUG16.JPG
D23MP_AUG16-14,D23MP_AUG16,,D23 Marketplace · Sun Aug 16,14,15,D23 Marketplace · Sun Aug 16 pin 15,steamboat_willie,thumbs/inventory/D23MP_AUG16-14.jpg,,D23Inventory2026/extra-boards,D23Inventory2026/extra-boards/D23MP_AUG16.JPG
